sample,camera,label,fold1,fold2,fold3,fold4,ensemble,prediction_0p5,prediction_calibrated
dataset/dataset/chute01/cam1.avi#f1052-1082,1,0,0.66675746,0.99061382,0.08581008,0.05695419,0.45003389,0,0
dataset/dataset/chute01/cam1.avi#f1083-1113,1,1,0.44842544,0.99992359,0.98382103,0.99382424,0.85649858,1,1
dataset/dataset/chute01/cam1.avi#f1114-1144,1,0,0.81794590,0.43174502,0.68415821,0.89141476,0.70631597,1,1
dataset/dataset/chute01/cam2.avi#f1052-1082,2,0,0.99286425,0.99999964,0.85021466,0.98579282,0.95721784,1,1
dataset/dataset/chute01/cam2.avi#f1083-1113,2,1,0.86959946,0.99999130,0.91194838,0.99369264,0.94380794,1,1
dataset/dataset/chute01/cam2.avi#f1114-1144,2,0,0.99450207,0.99996758,0.99532759,0.99071515,0.99512810,1,1
dataset/dataset/chute01/cam3.avi#f1057-1087,3,0,0.23131140,0.99426079,0.28015238,0.07136536,0.39427248,0,0
dataset/dataset/chute01/cam3.avi#f1088-1118,3,1,0.98178172,0.99999380,0.99508095,0.99672431,0.99339519,1,1
dataset/dataset/chute01/cam3.avi#f1119-1149,3,0,0.98509121,0.99940968,0.98623812,0.98900491,0.98993598,1,1
dataset/dataset/chute01/cam4.avi#f1053-1083,4,0,0.08444715,0.96210653,0.34256706,0.05463845,0.36093980,0,0
dataset/dataset/chute01/cam4.avi#f1084-1114,4,1,0.99613142,1.00000000,0.99403089,0.99935132,0.99737841,1,1
dataset/dataset/chute01/cam4.avi#f1115-1145,4,0,0.99738699,1.00000000,0.99374032,0.99989271,0.99775501,1,1
dataset/dataset/chute01/cam5.avi#f1072-1102,5,0,0.13296539,0.99047321,0.56822777,0.05765725,0.43733090,0,0
dataset/dataset/chute01/cam5.avi#f1103-1133,5,1,0.99307948,0.99976403,0.91540736,0.67991692,0.89704195,1,1
dataset/dataset/chute01/cam5.avi#f1134-1164,5,0,0.73909724,0.99820244,0.29789683,0.07654010,0.52793415,1,1
dataset/dataset/chute01/cam6.avi#f1055-1085,6,0,0.08287912,0.99329031,0.72771460,0.05266949,0.46413838,0,1
dataset/dataset/chute01/cam6.avi#f1086-1116,6,1,0.98814207,0.99998426,0.98383719,0.99505568,0.99175480,1,1
dataset/dataset/chute01/cam6.avi#f1117-1147,6,0,0.66001683,0.99811399,0.96530592,0.98494554,0.90209557,1,1
dataset/dataset/chute01/cam7.avi#f1055-1085,7,0,0.38816428,0.97636127,0.56276739,0.07016069,0.49936341,0,1
dataset/dataset/chute01/cam7.avi#f1086-1116,7,1,0.99629515,0.99999845,0.67535454,0.99513751,0.91669641,1,1
dataset/dataset/chute01/cam7.avi#f1117-1147,7,0,0.91954094,0.56105816,0.98772788,0.98772931,0.86401407,1,1
dataset/dataset/chute01/cam8.avi#f1049-1079,8,0,0.10484182,0.32857803,0.39343691,0.05609120,0.22073699,0,0
dataset/dataset/chute01/cam8.avi#f1080-1110,8,1,0.98296583,0.99939334,0.29014984,0.90532172,0.79445768,1,1
dataset/dataset/chute01/cam8.avi#f1111-1141,8,0,0.99785513,1.00000000,0.91191691,0.99773216,0.97687605,1,1
dataset/dataset/chute02/cam1.avi#f369-399,1,0,0.06526040,0.79359585,0.45940268,0.05296711,0.34280651,0,0
dataset/dataset/chute02/cam1.avi#f400-430,1,1,0.99624962,0.99999964,0.98176169,0.99187976,0.99247268,1,1
dataset/dataset/chute02/cam1.avi#f430-460,1,0,0.98947144,0.99995863,0.98711812,0.99268955,0.99230944,1,1
dataset/dataset/chute02/cam2.avi#f384-414,2,0,0.06331105,0.09158877,0.22924718,0.05665332,0.11020008,0,0
dataset/dataset/chute02/cam2.avi#f415-445,2,1,0.99481165,0.99994576,0.99837106,0.99620003,0.99733213,1,1
dataset/dataset/chute02/cam2.avi#f445-475,2,0,0.99479032,0.99993849,0.98649454,0.99007213,0.99282387,1,1
dataset/dataset/chute02/cam3.avi#f344-374,3,0,0.07217828,0.05399604,0.06481607,0.05407869,0.06126727,0,0
dataset/dataset/chute02/cam3.avi#f375-405,3,1,0.99623895,0.99999905,0.91469049,0.99577266,0.97667529,1,1
dataset/dataset/chute02/cam3.avi#f405-435,3,0,0.99035609,0.99991620,0.98732448,0.99475622,0.99308825,1,1
dataset/dataset/chute02/cam4.avi#f360-390,4,0,0.07171058,0.09549565,0.06103634,0.11045166,0.08467356,0,0
dataset/dataset/chute02/cam4.avi#f391-421,4,1,0.99498343,0.99999940,0.99725586,0.99849796,0.99768417,1,1
dataset/dataset/chute02/cam4.avi#f421-451,4,0,0.99694377,0.99999988,0.86871487,0.99640334,0.96551546,1,1
dataset/dataset/chute02/cam5.avi#f362-392,5,0,0.06960632,0.06175097,0.20961399,0.05366758,0.09865972,0,0
dataset/dataset/chute02/cam5.avi#f393-423,5,1,0.99439818,0.99999809,0.97155625,0.99147195,0.98935612,1,1
dataset/dataset/chute02/cam5.avi#f423-453,5,0,0.98790514,0.99999964,0.81334084,0.98844880,0.94742361,1,1
dataset/dataset/chute02/cam6.avi#f377-407,6,0,0.06694051,0.64306337,0.09713200,0.05136692,0.21462570,0,0
dataset/dataset/chute02/cam6.avi#f408-438,6,1,0.78448617,0.99230170,0.11926220,0.45041677,0.58661671,1,1
dataset/dataset/chute02/cam6.avi#f438-468,6,0,0.88081515,0.99779022,0.63183719,0.06125266,0.64292380,1,1
dataset/dataset/chute02/cam7.avi#f377-407,7,0,0.91870046,0.99770606,0.20146368,0.23597871,0.58846223,1,1
dataset/dataset/chute02/cam7.avi#f408-438,7,1,0.99213421,0.99973446,0.57819682,0.96978754,0.88496326,1,1
dataset/dataset/chute02/cam7.avi#f438-468,7,0,0.99367946,0.99988139,0.92836124,0.99015206,0.97801854,1,1
dataset/dataset/chute02/cam8.avi#f350-380,8,0,0.06709239,0.12015221,0.05805397,0.05446450,0.07494077,0,0
dataset/dataset/chute02/cam8.avi#f381-411,8,1,0.99693066,0.99897122,0.97997290,0.99003196,0.99147668,1,1
dataset/dataset/chute02/cam8.avi#f411-441,8,0,0.94178635,0.99974030,0.99163216,0.99031490,0.98086843,1,1
dataset/dataset/chute03/cam1.avi#f572-602,1,0,0.07175434,0.25867724,0.17862031,0.05486206,0.14097849,0,0
dataset/dataset/chute03/cam1.avi#f603-633,1,1,0.08742424,0.95983613,0.09103306,0.05618231,0.29861894,0,0
dataset/dataset/chute03/cam2.avi#f576-606,2,0,0.07453425,0.15572526,0.07426775,0.05619811,0.09018134,0,0
dataset/dataset/chute03/cam2.avi#f607-637,2,1,0.99244362,0.99993002,0.85628700,0.90861636,0.93931925,1,1
dataset/dataset/chute03/cam3.avi#f568-598,3,0,0.06754459,0.84728932,0.06564800,0.05576178,0.25906092,0,0
dataset/dataset/chute03/cam3.avi#f599-629,3,1,0.99041981,0.99992824,0.98811960,0.97564870,0.98852909,1,1
dataset/dataset/chute03/cam4.avi#f576-606,4,0,0.07432397,0.06040229,0.07466374,0.05405039,0.06586010,0,0
dataset/dataset/chute03/cam4.avi#f607-637,4,1,0.99937123,1.00000000,0.99332207,0.99930501,0.99799958,1,1
dataset/dataset/chute03/cam5.avi#f595-625,5,0,0.07050039,0.05396355,0.05437491,0.08476810,0.06590174,0,0
dataset/dataset/chute03/cam5.avi#f626-656,5,1,0.20724508,0.44481823,0.78054339,0.55380982,0.49660413,0,1
dataset/dataset/chute03/cam6.avi#f580-610,6,0,0.07161174,0.06044266,0.06386907,0.05604699,0.06299261,0,0
dataset/dataset/chute03/cam6.avi#f611-641,6,1,0.99501377,0.99996853,0.99069422,0.98457736,0.99256347,1,1
dataset/dataset/chute03/cam7.avi#f580-610,7,0,0.40962219,0.45531055,0.19518872,0.05305214,0.27829340,0,0
dataset/dataset/chute03/cam7.avi#f611-641,7,1,0.99328929,0.99998808,0.89722782,0.98708618,0.96939784,1,1
dataset/dataset/chute03/cam8.avi#f560-590,8,0,0.06752813,0.08429196,0.07136107,0.05618681,0.06984199,0,0
dataset/dataset/chute03/cam8.avi#f591-621,8,1,0.40563127,0.99589205,0.65277731,0.81072146,0.71625552,1,1
dataset/dataset/chute04/cam1.avi#f329-359,1,0,0.06656487,0.96268380,0.43524173,0.05390595,0.37959909,0,0
dataset/dataset/chute04/cam1.avi#f360-390,1,1,0.99571556,0.99999774,0.99749219,0.99434835,0.99688846,1,1
dataset/dataset/chute04/cam1.avi#f391-421,1,0,0.99397111,0.99999380,0.99011761,0.99288142,0.99424098,1,1
dataset/dataset/chute04/cam1.avi#f676-706,1,1,0.99281234,0.99976164,0.98406768,0.99006277,0.99167611,1,1
dataset/dataset/chute04/cam1.avi#f707-737,1,0,0.99352163,0.99910188,0.98895735,0.98804575,0.99240665,1,1
dataset/dataset/chute04/cam2.avi#f336-366,2,0,0.06903867,0.24647951,0.13936608,0.05479518,0.12741986,0,0
dataset/dataset/chute04/cam2.avi#f367-397,2,1,0.99592364,0.99999237,0.98670608,0.98160309,0.99105629,1,1
dataset/dataset/chute04/cam2.avi#f398-428,2,0,0.99651742,0.99999022,0.99632961,0.99526924,0.99702662,1,1
dataset/dataset/chute04/cam2.avi#f683-713,2,1,0.99605823,0.99996722,0.99746072,0.99491394,0.99710003,1,1
dataset/dataset/chute04/cam2.avi#f714-744,2,0,0.99550265,0.99999917,0.99853039,0.99786681,0.99797475,1,1
dataset/dataset/chute04/cam3.avi#f335-365,3,0,0.07822008,0.06143383,0.07488935,0.05516639,0.06742741,0,0
dataset/dataset/chute04/cam3.avi#f366-396,3,1,0.99511069,0.99999821,0.99250233,0.99750656,0.99627945,1,1
dataset/dataset/chute04/cam3.avi#f397-427,3,0,0.99541229,0.99981099,0.98784679,0.99086481,0.99348372,1,1
dataset/dataset/chute04/cam3.avi#f682-712,3,1,0.99873883,1.00000000,0.99919993,0.99894303,0.99922045,1,1
dataset/dataset/chute04/cam3.avi#f713-743,3,0,0.99942374,1.00000000,0.99985218,0.99999511,0.99981776,1,1
dataset/dataset/chute04/cam4.avi#f257-287,4,0,0.06964203,0.15330568,0.07967855,0.17678270,0.11985224,0,0
dataset/dataset/chute04/cam4.avi#f288-318,4,1,0.99690372,0.99998593,0.98633391,0.99848372,0.99542682,1,1
dataset/dataset/chute04/cam4.avi#f319-349,4,0,0.99940622,1.00000000,0.63665915,0.99997139,0.90900919,1,1
dataset/dataset/chute04/cam4.avi#f604-634,4,1,0.99457586,0.99999666,0.98932111,0.99576378,0.99491435,1,1
dataset/dataset/chute04/cam4.avi#f635-665,4,0,0.99467456,0.99990475,0.99235642,0.99440891,0.99533616,1,1
dataset/dataset/chute04/cam5.avi#f325-355,5,0,0.06981101,0.08185252,0.09171000,0.05273455,0.07402702,0,0
dataset/dataset/chute04/cam5.avi#f356-386,5,1,0.99520916,0.99999821,0.97729766,0.99404424,0.99163732,1,1
dataset/dataset/chute04/cam5.avi#f387-417,5,0,0.99359953,0.99994242,0.99144989,0.99123365,0.99405637,1,1
dataset/dataset/chute04/cam5.avi#f672-702,5,1,0.99555629,1.00000000,0.86435288,0.98956126,0.96236761,1,1
dataset/dataset/chute04/cam5.avi#f703-733,5,0,0.99343455,1.00000000,0.72681713,0.99626571,0.92912935,1,1
dataset/dataset/chute04/cam6.avi#f339-369,6,0,0.13367006,0.99792337,0.19272587,0.05101577,0.34383377,0,0
dataset/dataset/chute04/cam6.avi#f370-400,6,1,0.96363217,0.99976927,0.09392516,0.08795267,0.53631982,1,1
dataset/dataset/chute04/cam6.avi#f401-431,6,0,0.36544195,0.99367660,0.96839046,0.98245537,0.82749110,1,1
dataset/dataset/chute04/cam6.avi#f686-716,6,1,0.97125477,0.99999666,0.19459870,0.95043772,0.77907196,1,1
dataset/dataset/chute04/cam6.avi#f717-747,6,0,0.92942929,0.99999845,0.33384997,0.96286833,0.80653651,1,1
dataset/dataset/chute04/cam7.avi#f340-370,7,0,0.98443747,0.99999988,0.79834908,0.98521453,0.94200024,1,1
dataset/dataset/chute04/cam7.avi#f371-401,7,1,0.30007535,0.97295368,0.12604792,0.15298606,0.38801575,0,0
dataset/dataset/chute04/cam7.avi#f402-432,7,0,0.06711350,0.05430579,0.06509585,0.07053458,0.06426243,0,0
dataset/dataset/chute04/cam7.avi#f687-717,7,1,0.06407705,0.92382509,0.04393722,0.05459063,0.27160749,0,0
dataset/dataset/chute04/cam7.avi#f718-748,7,0,0.07539824,0.87238425,0.74897987,0.05680447,0.43839171,0,0
dataset/dataset/chute04/cam8.avi#f313-343,8,0,0.06628186,0.11348563,0.55532908,0.05584177,0.19773459,0,0
dataset/dataset/chute04/cam8.avi#f344-374,8,1,0.99723393,0.99883455,0.94072402,0.98767006,0.98111564,1,1
dataset/dataset/chute04/cam8.avi#f375-405,8,0,0.99615830,0.99998236,0.99127626,0.99432099,0.99543448,1,1
dataset/dataset/chute04/cam8.avi#f660-690,8,1,0.99556112,0.99999559,0.94219857,0.98543698,0.98079807,1,1
dataset/dataset/chute04/cam8.avi#f691-721,8,0,0.99511635,0.99991584,0.98361260,0.98871171,0.99183913,1,1
dataset/dataset/chute05/cam1.avi#f326-356,1,1,0.99677926,0.99999714,0.96086180,0.98840559,0.98651095,1,1
dataset/dataset/chute05/cam1.avi#f357-387,1,0,0.99268180,0.99982339,0.95245504,0.99006957,0.98375745,1,1
dataset/dataset/chute05/cam2.avi#f333-363,2,1,0.97923756,0.99997461,0.94527984,0.99331421,0.97945155,1,1
dataset/dataset/chute05/cam2.avi#f364-394,2,0,0.99648440,0.99990797,0.99627316,0.99826247,0.99773200,1,1
dataset/dataset/chute05/cam3.avi#f314-344,3,1,0.94224125,0.99988163,0.80422705,0.99257374,0.93473092,1,1
dataset/dataset/chute05/cam3.avi#f345-375,3,0,0.99846518,1.00000000,0.99787974,0.99925607,0.99890025,1,1
dataset/dataset/chute05/cam4.avi#f320-350,4,1,0.99135196,0.99985933,0.78091627,0.98036528,0.93812321,1,1
dataset/dataset/chute05/cam4.avi#f351-381,4,0,0.99765873,1.00000000,0.72815049,0.99665642,0.93061641,1,1
dataset/dataset/chute05/cam5.avi#f327-357,5,1,0.99681598,0.99999976,0.95974410,0.99962354,0.98904584,1,1
dataset/dataset/chute05/cam5.avi#f358-388,5,0,0.99376750,0.99946588,0.97810262,0.98990482,0.99031021,1,1
dataset/dataset/chute05/cam6.avi#f335-365,6,1,0.96674705,0.99956089,0.17827201,0.14802025,0.57315005,1,1
dataset/dataset/chute05/cam6.avi#f366-396,6,0,0.20938563,0.99983120,0.44805053,0.55230492,0.55239307,1,1
dataset/dataset/chute05/cam7.avi#f337-367,7,1,0.99817908,0.99999988,0.98991591,0.99424201,0.99558422,1,1
dataset/dataset/chute05/cam7.avi#f368-398,7,0,0.36463249,0.97635752,0.71074021,0.92671895,0.74461229,1,1
dataset/dataset/chute05/cam8.avi#f309-339,8,1,0.99847096,1.00000000,0.97087514,0.99528027,0.99115659,1,1
dataset/dataset/chute05/cam8.avi#f340-370,8,0,0.99437779,0.99953198,0.97903031,0.98916095,0.99052526,1,1
dataset/dataset/chute06/cam1.avi#f532-562,1,0,0.07492863,0.06615769,0.04684570,0.05413312,0.06051629,0,0
dataset/dataset/chute06/cam1.avi#f583-613,1,1,0.07438370,0.06595240,0.04459026,0.05101395,0.05898508,0,0
dataset/dataset/chute06/cam1.avi#f603-633,1,1,0.06822398,0.81419462,0.08735017,0.05406433,0.25595827,0,0
dataset/dataset/chute06/cam1.avi#f640-670,1,0,0.07824849,0.04449950,0.03846256,0.07875921,0.05999244,0,0
dataset/dataset/chute06/cam2.avi#f632-662,2,0,0.46083006,0.65796161,0.06225358,0.06372179,0.31119176,0,0
dataset/dataset/chute06/cam2.avi#f683-713,2,1,0.15571177,0.99802017,0.12255689,0.05772383,0.33350317,0,0
dataset/dataset/chute06/cam2.avi#f703-733,2,1,0.19403702,0.99944824,0.41554528,0.63969117,0.56218043,1,1
dataset/dataset/chute06/cam2.avi#f740-770,2,0,0.07578771,0.06251570,0.11395270,0.89149123,0.28593684,0,0
dataset/dataset/chute06/cam3.avi#f638-668,3,0,0.07004517,0.95560843,0.11775931,0.05467248,0.29952135,0,0
dataset/dataset/chute06/cam3.avi#f689-719,3,1,0.39649534,0.99251658,0.90848064,0.05807912,0.58889292,1,1
dataset/dataset/chute06/cam3.avi#f709-739,3,1,0.99643254,0.99999917,0.99883908,0.99793255,0.99830084,1,1
dataset/dataset/chute06/cam3.avi#f746-776,3,0,0.99506891,0.99996293,0.99426550,0.99605042,0.99633694,1,1
dataset/dataset/chute06/cam4.avi#f622-652,4,0,0.06992906,0.19365112,0.05653455,0.05632009,0.09410871,0,0
dataset/dataset/chute06/cam4.avi#f673-703,4,1,0.99644262,0.99999559,0.93028182,0.96093899,0.97191475,1,1
dataset/dataset/chute06/cam4.avi#f693-723,4,1,0.99924731,1.00000000,0.99531120,0.99969316,0.99856292,1,1
dataset/dataset/chute06/cam4.avi#f730-760,4,0,0.99427879,0.99965143,0.95401573,0.98896539,0.98422784,1,1
dataset/dataset/chute06/cam5.avi#f622-652,5,0,0.06777184,0.08824491,0.07796147,0.05793344,0.07297791,0,0
dataset/dataset/chute06/cam5.avi#f673-703,5,1,0.07349434,0.06693266,0.05284254,0.06066511,0.06348366,0,0
dataset/dataset/chute06/cam5.avi#f693-723,5,1,0.94492161,0.97747004,0.87501574,0.89642930,0.92345917,1,1
dataset/dataset/chute06/cam5.avi#f730-760,5,0,0.67603564,0.99844676,0.03876906,0.05781308,0.44276614,0,0
dataset/dataset/chute06/cam6.avi#f635-665,6,0,0.07040106,0.42093158,0.06344704,0.05438447,0.15229104,0,0
dataset/dataset/chute06/cam6.avi#f686-716,6,1,0.99631351,0.99996006,0.92876619,0.92981279,0.96371314,1,1
dataset/dataset/chute06/cam6.avi#f706-736,6,1,0.92059815,0.99991071,0.95243406,0.99083954,0.96594562,1,1
dataset/dataset/chute06/cam6.avi#f743-773,6,0,0.99444556,0.99965787,0.98357463,0.99023193,0.99197750,1,1
dataset/dataset/chute06/cam7.avi#f635-665,7,0,0.07660376,0.05680205,0.14801836,0.05202854,0.08336317,0,0
dataset/dataset/chute06/cam7.avi#f686-716,7,1,0.19352877,0.99272937,0.05746508,0.05596256,0.32492144,0,0
dataset/dataset/chute06/cam7.avi#f706-736,7,1,0.98772418,0.99995244,0.92963791,0.97283280,0.97253683,1,1
dataset/dataset/chute06/cam7.avi#f743-773,7,0,0.09769218,0.26482046,0.99394196,0.97806978,0.58363109,1,1
dataset/dataset/chute06/cam8.avi#f621-651,8,0,0.07460104,0.05910487,0.06762362,0.05332418,0.06366343,0,0
dataset/dataset/chute06/cam8.avi#f672-702,8,1,0.07008240,0.06376530,0.05398684,0.05368391,0.06037961,0,0
dataset/dataset/chute06/cam8.avi#f692-722,8,1,0.06457315,0.92988801,0.11388959,0.05513275,0.29087087,0,0
dataset/dataset/chute06/cam8.avi#f729-759,8,0,0.96385050,0.99937218,0.51352143,0.57906604,0.76395254,1,1
dataset/dataset/chute07/cam1.avi#f473-503,1,0,0.06581292,0.92487544,0.07834923,0.05313412,0.28054293,0,0
dataset/dataset/chute07/cam1.avi#f504-534,1,1,0.98818624,0.99996841,0.95640457,0.82379723,0.94208911,1,1
dataset/dataset/chute07/cam2.avi#f460-490,2,0,0.07370105,0.89842290,0.07102016,0.06066712,0.27595281,0,0
dataset/dataset/chute07/cam2.avi#f491-521,2,1,0.99651295,0.99998271,0.98414153,0.99533421,0.99399285,1,1
dataset/dataset/chute07/cam3.avi#f460-490,3,0,0.07144317,0.06563734,0.07065654,0.05406721,0.06545106,0,0
dataset/dataset/chute07/cam3.avi#f491-521,3,1,0.99777883,0.99973100,0.99574125,0.99553478,0.99719647,1,1
dataset/dataset/chute07/cam4.avi#f445-475,4,0,0.07338202,0.40568194,0.64783758,0.19033855,0.32931002,0,0
dataset/dataset/chute07/cam4.avi#f476-506,4,1,0.22115600,0.97055322,0.89561331,0.91764516,0.75124192,1,1
dataset/dataset/chute07/cam5.avi#f463-493,5,0,0.06635270,0.27141920,0.37648293,0.05333110,0.19189648,0,0
dataset/dataset/chute07/cam5.avi#f494-524,5,1,0.99449652,1.00000000,0.96486551,0.99368805,0.98826252,1,1
dataset/dataset/chute07/cam6.avi#f463-493,6,0,0.07141616,0.34038171,0.06735600,0.05804813,0.13430050,0,0
dataset/dataset/chute07/cam6.avi#f494-524,6,1,0.06869501,0.14669995,0.07968008,0.05503243,0.08752687,0,0
dataset/dataset/chute07/cam7.avi#f463-493,7,0,0.06701249,0.04942429,0.07356006,0.05253739,0.06063356,0,0
dataset/dataset/chute07/cam7.avi#f494-524,7,1,0.44372386,0.77126789,0.33617657,0.95867163,0.62745999,1,1
dataset/dataset/chute07/cam8.avi#f463-493,8,0,0.06907740,0.05636145,0.06564738,0.05319341,0.06106991,0,0
dataset/dataset/chute07/cam8.avi#f494-524,8,1,0.99325049,0.99773288,0.99015969,0.99640000,0.99438576,1,1
dataset/dataset/chute08/cam1.avi#f332-362,1,0,0.06977840,0.08354022,0.30849609,0.05529201,0.12927668,0,0
dataset/dataset/chute08/cam1.avi#f363-393,1,1,0.99713922,0.99998271,0.99418133,0.99739277,0.99717401,1,1
dataset/dataset/chute08/cam2.avi#f319-349,2,0,0.06607157,0.79652691,0.48321918,0.05010885,0.34898163,0,0
dataset/dataset/chute08/cam2.avi#f350-380,2,1,0.99687767,0.99999964,0.94842750,0.98733306,0.98315947,1,1
dataset/dataset/chute08/cam3.avi#f240-270,3,0,0.06639443,0.81055856,0.48392034,0.05511703,0.35399759,0,0
dataset/dataset/chute08/cam3.avi#f271-301,3,1,0.99690908,0.99999881,0.99254841,0.99646974,0.99648151,1,1
dataset/dataset/chute08/cam4.avi#f321-351,4,0,0.06784339,0.06536711,0.08055601,0.05670999,0.06761913,0,0
dataset/dataset/chute08/cam4.avi#f352-382,4,1,0.99860942,0.99999988,0.99984109,0.99975306,0.99955086,1,1
dataset/dataset/chute08/cam5.avi#f304-334,5,0,0.07171702,0.06448737,0.06868678,0.05551472,0.06510147,0,0
dataset/dataset/chute08/cam5.avi#f335-365,5,1,0.99115539,0.99998426,0.93792886,0.99563271,0.98117530,1,1
dataset/dataset/chute08/cam6.avi#f321-351,6,0,0.06756520,0.53359514,0.14892663,0.46876955,0.30471413,0,0
dataset/dataset/chute08/cam6.avi#f352-382,6,1,0.99345434,0.99997365,0.99501616,0.99641740,0.99621539,1,1
dataset/dataset/chute08/cam7.avi#f321-351,7,0,0.06785452,0.69503337,0.18704598,0.05408894,0.25100570,0,0
dataset/dataset/chute08/cam7.avi#f352-382,7,1,0.06213821,0.74144101,0.09528882,0.37269771,0.31789144,0,0
dataset/dataset/chute08/cam8.avi#f296-326,8,0,0.07090144,0.05571676,0.04341605,0.05485100,0.05622131,0,0
dataset/dataset/chute08/cam8.avi#f327-357,8,1,0.06794370,0.05846626,0.05058849,0.63593793,0.20323410,0,0
dataset/dataset/chute09/cam1.avi#f612-642,1,0,0.07524873,0.17999643,0.09554471,0.20205820,0.13821202,0,0
dataset/dataset/chute09/cam1.avi#f643-673,1,1,0.57075620,0.99857974,0.29347754,0.97084874,0.70841555,1,1
dataset/dataset/chute09/cam1.avi#f674-704,1,0,0.98983407,0.99999285,0.99458319,0.99487150,0.99482040,1,1
dataset/dataset/chute09/cam2.avi#f603-633,2,0,0.68731219,0.99922836,0.25063625,0.45416349,0.59783507,1,1
dataset/dataset/chute09/cam2.avi#f634-664,2,1,0.07761883,0.99677235,0.07966182,0.06489089,0.30473597,0,0
dataset/dataset/chute09/cam2.avi#f665-695,2,0,0.99738914,0.99999404,0.97151160,0.99625731,0.99128802,1,1
dataset/dataset/chute09/cam3.avi#f594-624,3,0,0.93467718,0.99881101,0.99203098,0.98805398,0.97839329,1,1
dataset/dataset/chute09/cam3.avi#f625-655,3,1,0.99716103,0.99999619,0.98616737,0.99374533,0.99426748,1,1
dataset/dataset/chute09/cam3.avi#f656-686,3,0,0.99499524,0.99999726,0.99652076,0.99590623,0.99685487,1,1
dataset/dataset/chute09/cam4.avi#f612-642,4,0,0.99860603,1.00000000,0.79347628,0.99861670,0.94767475,1,1
dataset/dataset/chute09/cam4.avi#f643-673,4,1,0.99242377,0.99999928,0.93187165,0.99523562,0.97988258,1,1
dataset/dataset/chute09/cam4.avi#f674-704,4,0,0.99406999,0.99970907,0.97420144,0.98924935,0.98930746,1,1
dataset/dataset/chute09/cam5.avi#f606-636,5,0,0.07228213,0.08786212,0.06873007,0.06654805,0.07385559,0,0
dataset/dataset/chute09/cam5.avi#f637-667,5,1,0.89756632,0.99818569,0.50700700,0.44060728,0.71084157,1,1
dataset/dataset/chute09/cam5.avi#f668-698,5,0,0.98130018,0.99999881,0.60374457,0.95168364,0.88418180,1,1
dataset/dataset/chute09/cam6.avi#f606-636,6,0,0.22346690,0.99908638,0.98389405,0.98782957,0.79856922,1,1
dataset/dataset/chute09/cam6.avi#f637-667,6,1,0.99735767,0.99999976,0.99064201,0.99745935,0.99636470,1,1
dataset/dataset/chute09/cam6.avi#f668-698,6,0,0.98862225,0.99947506,0.97363675,0.99186361,0.98839942,1,1
dataset/dataset/chute09/cam7.avi#f606-636,7,0,0.70820749,0.99517751,0.55790234,0.40678057,0.66701698,1,1
dataset/dataset/chute09/cam7.avi#f637-667,7,1,0.99469745,0.99999917,0.99504787,0.99735510,0.99677490,1,1
dataset/dataset/chute09/cam7.avi#f668-698,7,0,0.97621524,0.99984741,0.97113156,0.99331820,0.98512810,1,1
dataset/dataset/chute09/cam8.avi#f594-624,8,0,0.07441448,0.25288194,0.07512848,0.05549799,0.11448072,0,0
dataset/dataset/chute09/cam8.avi#f625-655,8,1,0.63768333,0.99995089,0.98031700,0.95450979,0.89311525,1,1
dataset/dataset/chute09/cam8.avi#f656-686,8,0,0.98844612,0.99999261,0.99571890,0.99406707,0.99455617,1,1
dataset/dataset/chute10/cam1.avi#f499-529,1,0,0.34090856,0.99944717,0.83450973,0.96648037,0.78533646,1,1
dataset/dataset/chute10/cam1.avi#f520-550,1,1,0.06844549,0.07681645,0.14986320,0.39078921,0.17147859,0,0
dataset/dataset/chute10/cam1.avi#f551-581,1,0,0.07634250,0.65096545,0.06661436,0.04660771,0.21013250,0,0
dataset/dataset/chute10/cam2.avi#f499-529,2,0,0.29664451,0.97575915,0.97830385,0.80237764,0.76327129,1,1
dataset/dataset/chute10/cam2.avi#f520-550,2,1,0.86596197,0.99996328,0.65714931,0.52220553,0.76132002,1,1
dataset/dataset/chute10/cam2.avi#f551-581,2,0,0.08361734,0.13832162,0.96872789,0.10685688,0.32438093,0,0
dataset/dataset/chute10/cam3.avi#f504-534,3,0,0.31523359,0.98603547,0.83687013,0.75164682,0.72244650,1,1
dataset/dataset/chute10/cam3.avi#f525-555,3,1,0.99457932,0.99967563,0.95782465,0.96267718,0.97868919,1,1
dataset/dataset/chute10/cam3.avi#f556-586,3,0,0.99473840,0.99962008,0.95665365,0.98942381,0.98510899,1,1
dataset/dataset/chute10/cam4.avi#f518-548,4,0,0.99082959,0.99989998,0.94135463,0.95536989,0.97186352,1,1
dataset/dataset/chute10/cam4.avi#f539-569,4,1,0.99514776,0.99999964,0.98971879,0.99706453,0.99548268,1,1
dataset/dataset/chute10/cam4.avi#f570-600,4,0,0.99088597,0.99868804,0.98995215,0.99134922,0.99271885,1,1
dataset/dataset/chute10/cam5.avi#f497-527,5,0,0.07662831,0.07713070,0.16430546,0.11643037,0.10862371,0,0
dataset/dataset/chute10/cam5.avi#f518-548,5,1,0.99313182,0.99971753,0.95272464,0.98727381,0.98321195,1,1
dataset/dataset/chute10/cam5.avi#f549-579,5,0,0.07849400,0.79596835,0.86341065,0.05281404,0.44767176,0,0
dataset/dataset/chute10/cam6.avi#f502-532,6,0,0.86178499,0.97871166,0.55737209,0.98614234,0.84600277,1,1
dataset/dataset/chute10/cam6.avi#f523-553,6,1,0.91069567,0.99999690,0.76154011,0.99413967,0.91659309,1,1
dataset/dataset/chute10/cam6.avi#f554-584,6,0,0.99455810,0.99988186,0.95040035,0.99169499,0.98413382,1,1
dataset/dataset/chute10/cam7.avi#f504-534,7,0,0.07174967,0.92996728,0.93800259,0.47073615,0.60261392,1,1
dataset/dataset/chute10/cam7.avi#f525-555,7,1,0.96584255,0.93680966,0.91953188,0.51628464,0.83461718,1,1
dataset/dataset/chute10/cam7.avi#f556-586,7,0,0.08531715,0.72238529,0.07714650,0.38318112,0.31700752,0,0
dataset/dataset/chute10/cam8.avi#f485-515,8,0,0.06686234,0.05760467,0.05233226,0.04915460,0.05648847,0,0
dataset/dataset/chute10/cam8.avi#f506-536,8,1,0.06892991,0.83737314,0.06447125,0.05267556,0.25586246,0,0
dataset/dataset/chute10/cam8.avi#f537-567,8,0,0.07540202,0.11797290,0.04986331,0.05272239,0.07399016,0,0
dataset/dataset/chute11/cam1.avi#f454-484,1,0,0.06843309,0.06981914,0.49129653,0.05720601,0.17168869,0,0
dataset/dataset/chute11/cam1.avi#f485-515,1,1,0.99424791,0.99995017,0.92621040,0.98606235,0.97661771,1,1
dataset/dataset/chute11/cam1.avi#f516-546,1,0,0.98377681,0.99989152,0.96436203,0.98717844,0.98380220,1,1
dataset/dataset/chute11/cam2.avi#f435-465,2,0,0.07149910,0.75207800,0.17527755,0.05137768,0.26255808,0,0
dataset/dataset/chute11/cam2.avi#f466-496,2,1,0.87469232,0.99100590,0.88375121,0.98728287,0.93418308,1,1
dataset/dataset/chute11/cam2.avi#f497-527,2,0,0.98575413,0.99999940,0.97085035,0.98970979,0.98657842,1,1
dataset/dataset/chute11/cam3.avi#f451-481,3,0,0.07072055,0.05476581,0.06696619,0.05868150,0.06278351,0,0
dataset/dataset/chute11/cam3.avi#f482-512,3,1,0.94859588,0.99525958,0.41865569,0.86717397,0.80742128,1,1
dataset/dataset/chute11/cam3.avi#f513-543,3,0,0.98941541,0.99989152,0.99762386,0.99334842,0.99506980,1,1
dataset/dataset/chute11/cam4.avi#f445-475,4,0,0.07235561,0.50173044,0.09979633,0.16323648,0.20927972,0,0
dataset/dataset/chute11/cam4.avi#f476-506,4,1,0.99731416,0.99999928,0.97684962,0.99718237,0.99283636,1,1
dataset/dataset/chute11/cam4.avi#f507-537,4,0,0.99624759,0.99999225,0.94994426,0.99189341,0.98451938,1,1
dataset/dataset/chute11/cam5.avi#f431-461,5,0,0.07147215,0.04905123,0.04524947,0.05571379,0.05537166,0,0
dataset/dataset/chute11/cam5.avi#f462-492,5,1,0.99154037,0.99999523,0.99653244,0.99685127,0.99622983,1,1
dataset/dataset/chute11/cam5.avi#f493-523,5,0,0.67634445,0.98975605,0.83152527,0.86111885,0.83968616,1,1
dataset/dataset/chute11/cam6.avi#f437-467,6,0,0.06535827,0.92204756,0.06210965,0.05182451,0.27533500,0,0
dataset/dataset/chute11/cam6.avi#f468-498,6,1,0.99803454,1.00000000,0.58739960,0.99430060,0.89493369,1,1
dataset/dataset/chute11/cam6.avi#f499-529,6,0,0.99511814,0.99987686,0.98611337,0.99159545,0.99317595,1,1
dataset/dataset/chute11/cam7.avi#f437-467,7,0,0.06863628,0.48753199,0.09679410,0.05324151,0.17655097,0,0
dataset/dataset/chute11/cam7.avi#f468-498,7,1,0.99001396,0.99996269,0.99300957,0.99322987,0.99405402,1,1
dataset/dataset/chute11/cam7.avi#f499-529,7,0,0.99110365,0.99998546,0.99375808,0.99760193,0.99561228,1,1
dataset/dataset/chute11/cam8.avi#f443-473,8,0,0.07253415,0.06180406,0.06038097,0.05566995,0.06259728,0,0
dataset/dataset/chute11/cam8.avi#f474-504,8,1,0.99381822,0.99991894,0.99515742,0.99693727,0.99645796,1,1
dataset/dataset/chute11/cam8.avi#f505-535,8,0,0.99311274,0.99973327,0.98325980,0.99130160,0.99185185,1,1
dataset/dataset/chute12/cam1.avi#f590-620,1,0,0.06770046,0.09410518,0.06000024,0.05466267,0.06911714,0,0
dataset/dataset/chute12/cam1.avi#f621-651,1,1,0.07102801,0.06102576,0.07018324,0.05536630,0.06440083,0,0
dataset/dataset/chute12/cam1.avi#f649-679,1,1,0.99372464,0.99998999,0.79241133,0.99391693,0.94501072,1,1
dataset/dataset/chute12/cam2.avi#f575-605,2,0,0.06890552,0.06107487,0.06292754,0.05416327,0.06176780,0,0
dataset/dataset/chute12/cam2.avi#f606-636,2,1,0.07161517,0.07647423,0.12172730,0.05351874,0.08083386,0,0
dataset/dataset/chute12/cam2.avi#f634-664,2,1,0.99444616,0.99998021,0.99328941,0.97516143,0.99071930,1,1
dataset/dataset/chute12/cam3.avi#f582-612,3,0,0.07291220,0.07078286,0.11708558,0.05377152,0.07863804,0,0
dataset/dataset/chute12/cam3.avi#f613-643,3,1,0.07220351,0.76386034,0.09147341,0.05779872,0.24633400,0,0
dataset/dataset/chute12/cam3.avi#f641-671,3,1,0.99586147,0.99999058,0.98254621,0.99253267,0.99273273,1,1
dataset/dataset/chute12/cam4.avi#f577-607,4,0,0.07055516,0.06052601,0.15686980,0.05596782,0.08597970,0,0
dataset/dataset/chute12/cam4.avi#f608-638,4,1,0.07694162,0.55685419,0.54751658,0.06675501,0.31201685,0,0
dataset/dataset/chute12/cam4.avi#f636-666,4,1,0.99552000,0.99999952,0.99907792,0.99879658,0.99834850,1,1
dataset/dataset/chute12/cam5.avi#f569-599,5,0,0.07288248,0.12406751,0.07560699,0.07817762,0.08768365,0,0
dataset/dataset/chute12/cam5.avi#f600-630,5,1,0.06825881,0.06220916,0.04407860,0.05667952,0.05780653,0,0
dataset/dataset/chute12/cam5.avi#f628-658,5,1,0.99562389,0.99998295,0.93145525,0.99270540,0.97994187,1,1
dataset/dataset/chute12/cam6.avi#f572-602,6,0,0.06904684,0.20253810,0.06129597,0.05059700,0.09586948,0,0
dataset/dataset/chute12/cam6.avi#f603-633,6,1,0.06566578,0.05774907,0.06967837,0.05100628,0.06102488,0,0
dataset/dataset/chute12/cam6.avi#f631-661,6,1,0.99141461,0.99994087,0.96944100,0.97987366,0.98516753,1,1
dataset/dataset/chute12/cam7.avi#f576-606,7,0,0.08447234,0.22224711,0.13674797,0.05263940,0.12402670,0,0
dataset/dataset/chute12/cam7.avi#f607-637,7,1,0.07164440,0.23821312,0.05135728,0.05760560,0.10470510,0,0
dataset/dataset/chute12/cam7.avi#f635-665,7,1,0.96060640,0.99975568,0.79174471,0.94996047,0.92551681,1,1
dataset/dataset/chute12/cam8.avi#f569-599,8,0,0.07046722,0.06327908,0.05658824,0.05492296,0.06131438,0,0
dataset/dataset/chute12/cam8.avi#f600-630,8,1,0.07103895,0.05940739,0.05550006,0.05501885,0.06024131,0,0
dataset/dataset/chute12/cam8.avi#f628-658,8,1,0.99617481,0.98381376,0.68269151,0.96042460,0.90577617,1,1
dataset/dataset/chute13/cam1.avi#f703-733,1,0,0.85879338,0.99904066,0.94861543,0.98962617,0.94901891,1,1
dataset/dataset/chute13/cam1.avi#f844-874,1,1,0.07015850,0.68086690,0.06089196,0.05323716,0.21628863,0,0
dataset/dataset/chute13/cam2.avi#f720-750,2,0,0.07908846,0.96007055,0.43735528,0.05352778,0.38251052,0,0
dataset/dataset/chute13/cam2.avi#f861-891,2,1,0.21346654,0.99360198,0.11648294,0.05398735,0.34438470,0,0
dataset/dataset/chute13/cam3.avi#f687-717,3,0,0.98732102,0.99923539,0.99225360,0.98932916,0.99203479,1,1
dataset/dataset/chute13/cam3.avi#f828-858,3,1,0.99380201,0.99993765,0.99370801,0.97711879,0.99114162,1,1
dataset/dataset/chute13/cam4.avi#f694-724,4,0,0.99513584,0.99999201,0.99924028,0.99638152,0.99768741,1,1
dataset/dataset/chute13/cam4.avi#f835-865,4,1,0.99970537,0.99999988,0.99248827,0.99909151,0.99782126,1,1
dataset/dataset/chute13/cam5.avi#f714-744,5,0,0.99554247,0.99994147,0.98846751,0.99493009,0.99472038,1,1
dataset/dataset/chute13/cam5.avi#f855-885,5,1,0.97248501,0.99758625,0.95912951,0.98879683,0.97949940,1,1
dataset/dataset/chute13/cam6.avi#f714-744,6,0,0.99346972,0.99867982,0.98748499,0.99085206,0.99262165,1,1
dataset/dataset/chute13/cam6.avi#f855-885,6,1,0.99486613,0.99989533,0.94769013,0.98247820,0.98123245,1,1
dataset/dataset/chute13/cam7.avi#f723-753,7,0,0.99360919,0.99995542,0.99264151,0.99576473,0.99549271,1,1
dataset/dataset/chute13/cam7.avi#f864-894,7,1,0.99499559,0.99977714,0.99192613,0.99604923,0.99568702,1,1
dataset/dataset/chute13/cam8.avi#f700-730,8,0,0.98493838,0.99956983,0.98874098,0.98911941,0.99059215,1,1
dataset/dataset/chute13/cam8.avi#f841-871,8,1,0.26445955,0.98523223,0.65242249,0.37918696,0.57032531,1,1
dataset/dataset/chute14/cam1.avi#f1040-1070,1,1,0.06860357,0.98675889,0.28688759,0.05423558,0.34912140,0,0
dataset/dataset/chute14/cam1.avi#f1071-1101,1,0,0.07782520,0.05351164,0.05912804,0.09152037,0.07049631,0,0
dataset/dataset/chute14/cam2.avi#f1027-1057,2,1,0.94951648,0.99999261,0.95789891,0.99498606,0.97559851,1,1
dataset/dataset/chute14/cam2.avi#f1058-1088,2,0,0.07405180,0.11341830,0.24874681,0.98176301,0.35449498,0,0
dataset/dataset/chute14/cam3.avi#f1029-1059,3,1,0.91318226,0.99983478,0.98870718,0.98878121,0.97262636,1,1
dataset/dataset/chute14/cam3.avi#f1060-1090,3,0,0.98807889,0.99974865,0.95711285,0.98846847,0.98335221,1,1
dataset/dataset/chute14/cam4.avi#f991-1021,4,1,0.99695265,0.99999952,0.98906457,0.99674761,0.99569109,1,1
dataset/dataset/chute14/cam4.avi#f1022-1052,4,0,0.99378949,0.99976712,0.96330583,0.99237531,0.98730944,1,1
dataset/dataset/chute14/cam5.avi#f1019-1049,5,1,0.09889159,0.74657631,0.38828352,0.35467514,0.39710664,0,0
dataset/dataset/chute14/cam5.avi#f1050-1080,5,0,0.14716811,0.74964255,0.07900565,0.05219562,0.25700299,0,0
dataset/dataset/chute14/cam6.avi#f1019-1049,6,1,0.96742558,0.99982303,0.98146182,0.95394880,0.97566481,1,1
dataset/dataset/chute14/cam6.avi#f1050-1080,6,0,0.99803418,0.99999690,0.99852186,0.99734950,0.99847561,1,1
dataset/dataset/chute14/cam7.avi#f998-1028,7,1,0.98557001,0.99852705,0.95588112,0.98899579,0.98224349,1,1
dataset/dataset/chute14/cam7.avi#f1029-1059,7,0,0.99628025,0.99999666,0.85173064,0.99447083,0.96061960,1,1
dataset/dataset/chute14/cam8.avi#f1005-1035,8,1,0.06514401,0.94675285,0.28015915,0.06423248,0.33907212,0,0
dataset/dataset/chute14/cam8.avi#f1036-1066,8,0,0.98241824,0.99989498,0.99398154,0.98934400,0.99140969,1,1
dataset/dataset/chute15/cam1.avi#f739-769,1,0,0.07125370,0.07274618,0.07827139,0.05320245,0.06886843,0,0
dataset/dataset/chute15/cam1.avi#f770-800,1,1,0.99221247,0.99992371,0.99424535,0.99099535,0.99434422,1,1
dataset/dataset/chute15/cam2.avi#f743-773,2,0,0.07076900,0.19135019,0.08774251,0.05410504,0.10099168,0,0
dataset/dataset/chute15/cam2.avi#f774-804,2,1,0.99183792,0.99999678,0.96615946,0.99417913,0.98804332,1,1
dataset/dataset/chute15/cam3.avi#f743-773,3,0,0.07187814,0.67875147,0.10559774,0.05087684,0.22677605,0,0
dataset/dataset/chute15/cam3.avi#f774-804,3,1,0.96819121,0.99870503,0.99240839,0.99227434,0.98789474,1,1
dataset/dataset/chute15/cam4.avi#f739-769,4,0,0.07230956,0.28634849,0.10704143,0.08463354,0.13758325,0,0
dataset/dataset/chute15/cam4.avi#f770-800,4,1,0.99298954,0.99979430,0.98884434,0.99105889,0.99317177,1,1
dataset/dataset/chute15/cam5.avi#f758-788,5,0,0.06723753,0.96175283,0.13798994,0.06437244,0.30783818,0,0
dataset/dataset/chute15/cam5.avi#f789-819,5,1,0.99803096,0.99999988,0.98924434,0.99885416,0.99653234,1,1
dataset/dataset/chute15/cam6.avi#f764-794,6,0,0.07166035,0.06252135,0.07538398,0.05622252,0.06644705,0,0
dataset/dataset/chute15/cam6.avi#f795-825,6,1,0.97388238,0.99987066,0.98190653,0.89586359,0.96288079,1,1
dataset/dataset/chute15/cam7.avi#f747-777,7,0,0.06974057,0.88510752,0.09545537,0.06155775,0.27796530,0,0
dataset/dataset/chute15/cam7.avi#f778-808,7,1,0.08860645,0.99046654,0.60187835,0.13611379,0.45426628,0,0
dataset/dataset/chute15/cam8.avi#f724-754,8,0,0.07159209,0.26688492,0.05299020,0.05608851,0.11188893,0,0
dataset/dataset/chute15/cam8.avi#f755-785,8,1,0.96367151,0.97091955,0.94575602,0.68080747,0.89028864,1,1
dataset/dataset/chute16/cam1.avi#f403-433,1,0,0.06941902,0.30140993,0.08769399,0.05835980,0.12922068,0,0
dataset/dataset/chute16/cam1.avi#f841-871,1,0,0.08296412,0.31548849,0.07473575,0.06215145,0.13383495,0,0
dataset/dataset/chute16/cam1.avi#f919-949,1,1,0.09029529,0.90421480,0.05561042,0.05362686,0.27593684,0,0
dataset/dataset/chute16/cam2.avi#f409-439,2,0,0.99256331,0.99996495,0.73165250,0.95017117,0.91858798,1,1
dataset/dataset/chute16/cam2.avi#f847-877,2,0,0.99582493,1.00000000,0.52676284,0.99378258,0.87909259,1,1
dataset/dataset/chute16/cam2.avi#f925-955,2,1,0.98280013,0.99666339,0.71905708,0.67622524,0.84368646,1,1
dataset/dataset/chute16/cam3.avi#f380-410,3,0,0.08492590,0.27106181,0.06884018,0.57541406,0.25006049,0,0
dataset/dataset/chute16/cam3.avi#f818-848,3,0,0.06489373,0.82796365,0.44589713,0.05212869,0.34772080,0,0
dataset/dataset/chute16/cam3.avi#f896-926,3,1,0.71220273,0.99980444,0.97545558,0.99163777,0.91977513,1,1
dataset/dataset/chute16/cam4.avi#f382-412,4,0,0.08089101,0.94051570,0.07091015,0.41692582,0.37731067,0,0
dataset/dataset/chute16/cam4.avi#f820-850,4,0,0.99467212,1.00000000,0.99860650,0.99837083,0.99791236,1,1
dataset/dataset/chute16/cam4.avi#f898-928,4,1,0.95646858,0.99982601,0.97377068,0.98148227,0.97788689,1,1
dataset/dataset/chute16/cam5.avi#f392-422,5,0,0.99999535,1.00000000,0.99884748,0.99998999,0.99970821,1,1
dataset/dataset/chute16/cam5.avi#f830-860,5,0,0.08020792,0.74258274,0.41959226,0.06223566,0.32615464,0,0
dataset/dataset/chute16/cam5.avi#f908-938,5,1,0.06593976,0.10380002,0.06332385,0.04973789,0.07070038,0,0
dataset/dataset/chute16/cam6.avi#f389-419,6,0,0.06511781,0.94669515,0.07171956,0.05350162,0.28425854,0,0
dataset/dataset/chute16/cam6.avi#f827-857,6,0,0.07371818,0.18626525,0.10856651,0.05312637,0.10541908,0,0
dataset/dataset/chute16/cam6.avi#f905-935,6,1,0.99201512,0.99999559,0.94057161,0.99129170,0.98096851,1,1
dataset/dataset/chute16/cam7.avi#f383-413,7,0,0.06781282,0.27266467,0.06008459,0.05642891,0.11424775,0,0
dataset/dataset/chute16/cam7.avi#f821-851,7,0,0.07930853,0.09943058,0.24497761,0.05343648,0.11928830,0,0
dataset/dataset/chute16/cam7.avi#f899-929,7,1,0.53540468,0.99963260,0.67361730,0.68801129,0.72416647,1,1
dataset/dataset/chute16/cam8.avi#f383-413,8,0,0.06853978,0.56188989,0.05340171,0.05756254,0.18534848,0,0
dataset/dataset/chute16/cam8.avi#f821-851,8,0,0.07725514,0.07219478,0.06261183,0.06561273,0.06941862,0,0
dataset/dataset/chute16/cam8.avi#f899-929,8,1,0.06026423,0.39011905,0.05706710,0.05340856,0.14021473,0,0
dataset/dataset/chute17/cam1.avi#f362-392,1,0,0.07759507,0.45470127,0.06233069,0.05824477,0.16321795,0,0
dataset/dataset/chute17/cam1.avi#f756-786,1,1,0.06556427,0.99869031,0.07608607,0.13215062,0.31812282,0,0
dataset/dataset/chute17/cam2.avi#f367-397,2,0,0.08429780,0.10667919,0.07126652,0.05847655,0.08018002,0,0
dataset/dataset/chute17/cam2.avi#f761-791,2,1,0.99559325,0.99995458,0.34831002,0.96263826,0.82662403,1,1
dataset/dataset/chute17/cam3.avi#f356-386,3,0,0.07725255,0.98068410,0.57634681,0.05790907,0.42304813,0,0
dataset/dataset/chute17/cam3.avi#f750-780,3,1,0.99597102,0.99994409,0.99717867,0.99639291,0.99737167,1,1
dataset/dataset/chute17/cam4.avi#f341-371,4,0,0.99806303,0.99999225,0.88380975,0.99527478,0.96928495,1,1
dataset/dataset/chute17/cam4.avi#f735-765,4,1,0.99543589,0.99997711,0.98476481,0.98756415,0.99193549,1,1
dataset/dataset/chute17/cam5.avi#f351-381,5,0,0.99866176,1.00000000,0.93590778,0.99991906,0.98362215,1,1
dataset/dataset/chute17/cam5.avi#f745-775,5,1,0.99670571,0.99999976,0.37574336,0.99455810,0.84175173,1,1
dataset/dataset/chute17/cam6.avi#f341-371,6,0,0.29053009,0.99419785,0.73553091,0.94093841,0.74029931,1,1
dataset/dataset/chute17/cam6.avi#f735-765,6,1,0.99211836,0.99999630,0.94512510,0.99278897,0.98250718,1,1
dataset/dataset/chute17/cam7.avi#f370-400,7,0,0.36479414,0.99991262,0.67565465,0.98610085,0.75661556,1,1
dataset/dataset/chute17/cam7.avi#f764-794,7,1,0.18674670,0.99736148,0.43912357,0.07085631,0.42352202,0,0
dataset/dataset/chute17/cam8.avi#f359-389,8,0,0.99348527,0.99998128,0.78385270,0.97745037,0.93869241,1,1
dataset/dataset/chute17/cam8.avi#f753-783,8,1,0.06538857,0.10424209,0.05578063,0.05350109,0.06972809,0,0
dataset/dataset/chute18/cam1.avi#f629-659,1,0,0.07583689,0.34428841,0.09338676,0.06126108,0.14369329,0,0
dataset/dataset/chute18/cam1.avi#f670-700,1,1,0.24307957,0.99702114,0.05994586,0.15150157,0.36288703,0,0
dataset/dataset/chute18/cam2.avi#f635-665,2,0,0.17542945,0.99755174,0.98502189,0.99111772,0.78728020,1,1
dataset/dataset/chute18/cam2.avi#f676-706,2,1,0.99802762,1.00000000,0.94578224,0.99359071,0.98435014,1,1
dataset/dataset/chute18/cam3.avi#f615-645,3,0,0.99883324,1.00000000,0.97054040,0.98834848,0.98943053,1,1
dataset/dataset/chute18/cam3.avi#f656-686,3,1,0.99538535,0.99999774,0.99248439,0.97314388,0.99025284,1,1
dataset/dataset/chute18/cam4.avi#f530-560,4,0,0.99548244,0.99872667,0.90948325,0.32273516,0.80660688,1,1
dataset/dataset/chute18/cam4.avi#f571-601,4,1,0.99996161,1.00000000,0.99949777,0.99995184,0.99985281,1,1
dataset/dataset/chute18/cam5.avi#f615-645,5,0,0.07134321,0.09756357,0.09244981,0.05587419,0.07930770,0,0
dataset/dataset/chute18/cam5.avi#f656-686,5,1,0.07473671,0.06747179,0.04833083,0.05555652,0.06152396,0,0
dataset/dataset/chute18/cam6.avi#f638-668,6,0,0.17046791,0.99795014,0.79913926,0.53530794,0.62571631,1,1
dataset/dataset/chute18/cam6.avi#f679-709,6,1,0.99812406,1.00000000,0.97935402,0.99782002,0.99382453,1,1
dataset/dataset/chute18/cam7.avi#f638-668,7,0,0.53517801,1.00000000,0.99968565,1.00000000,0.88371591,1,1
dataset/dataset/chute18/cam7.avi#f679-709,7,1,0.99383366,1.00000000,0.98066151,0.99632472,0.99270497,1,1
dataset/dataset/chute18/cam8.avi#f607-637,8,0,0.07636358,0.62722188,0.04693034,0.05979523,0.20257776,0,0
dataset/dataset/chute18/cam8.avi#f648-678,8,1,0.08865719,0.99923646,0.83724147,0.83886975,0.69100122,1,1
dataset/dataset/chute19/cam1.avi#f439-469,1,0,0.10261135,0.07106405,0.04515003,0.05295388,0.06794482,0,0
dataset/dataset/chute19/cam1.avi#f487-517,1,0,0.07208509,0.20868886,0.11706150,0.05328483,0.11278007,0,0
dataset/dataset/chute19/cam1.avi#f519-549,1,1,0.07164491,0.23232152,0.06088277,0.05265662,0.10437645,0,0
dataset/dataset/chute19/cam1.avi#f549-579,1,1,0.06733985,0.06145988,0.06784259,0.04978895,0.06160781,0,0
dataset/dataset/chute19/cam1.avi#f579-609,1,1,0.07367788,0.07180227,0.20291844,0.05368802,0.10052165,0,0
dataset/dataset/chute19/cam2.avi#f447-477,2,0,0.14135884,0.83123422,0.98199010,0.13857469,0.52328946,1,1
dataset/dataset/chute19/cam2.avi#f495-525,2,0,0.99518102,0.99999905,0.08420378,0.95202148,0.75785133,1,1
dataset/dataset/chute19/cam2.avi#f527-557,2,1,0.26491570,0.97887141,0.14369975,0.05191178,0.35984966,0,0
dataset/dataset/chute19/cam2.avi#f557-587,2,1,0.10196012,0.81859255,0.71403188,0.05153463,0.42152980,0,0
dataset/dataset/chute19/cam2.avi#f587-617,2,1,0.89165372,0.83196175,0.85585660,0.15649340,0.68399137,1,1
dataset/dataset/chute19/cam3.avi#f436-466,3,0,0.06638443,0.10357428,0.61677748,0.06444103,0.21279430,0,0
dataset/dataset/chute19/cam3.avi#f484-514,3,0,0.06901960,0.31366372,0.04373928,0.05562485,0.12051186,0,0
dataset/dataset/chute19/cam3.avi#f516-546,3,1,0.97263420,0.97190756,0.30295146,0.05489175,0.57559624,1,1
dataset/dataset/chute19/cam3.avi#f546-576,3,1,0.99536151,0.99984193,0.59987605,0.97975516,0.89370866,1,1
dataset/dataset/chute19/cam3.avi#f576-606,3,1,0.93161440,0.99683857,0.96271229,0.98972332,0.97022215,1,1
dataset/dataset/chute19/cam4.avi#f439-469,4,0,0.06352995,0.14529647,0.08888253,0.05692524,0.08865855,0,0
dataset/dataset/chute19/cam4.avi#f487-517,4,0,0.07145083,0.06145894,0.08569133,0.05494183,0.06838573,0,0
dataset/dataset/chute19/cam4.avi#f519-549,4,1,0.99890375,0.99987471,0.99042177,0.98908967,0.99457248,1,1
dataset/dataset/chute19/cam4.avi#f549-579,4,1,0.99563318,0.99999607,0.99279153,0.99705660,0.99636935,1,1
dataset/dataset/chute19/cam4.avi#f579-609,4,1,0.99725336,0.99999082,0.99699295,0.99529171,0.99738221,1,1
dataset/dataset/chute19/cam5.avi#f425-455,5,0,0.06973948,0.39101228,0.06131607,0.05653091,0.14464968,0,0
dataset/dataset/chute19/cam5.avi#f473-503,5,0,0.07039451,0.05690120,0.05123791,0.05848739,0.05925525,0,0
dataset/dataset/chute19/cam5.avi#f505-535,5,1,0.06419070,0.50071347,0.12575546,0.05744583,0.18702636,0,0
dataset/dataset/chute19/cam5.avi#f535-565,5,1,0.99393094,0.99999964,0.62386674,0.99174315,0.90238512,1,1
dataset/dataset/chute19/cam5.avi#f565-595,5,1,0.99547404,0.99999976,0.93757278,0.99675059,0.98244929,1,1
dataset/dataset/chute19/cam6.avi#f449-479,6,0,0.97284037,0.99695253,0.24076073,0.49682748,0.67684528,1,1
dataset/dataset/chute19/cam6.avi#f497-527,6,0,0.07063144,0.05366239,0.04407681,0.05503542,0.05585151,0,0
dataset/dataset/chute19/cam6.avi#f529-559,6,1,0.99386913,0.99977714,0.97834957,0.98865896,0.99016370,1,1
dataset/dataset/chute19/cam6.avi#f559-589,6,1,0.98572415,0.99972779,0.98711258,0.99118280,0.99093683,1,1
dataset/dataset/chute19/cam6.avi#f589-619,6,1,0.99652892,0.99999082,0.98812675,0.99342829,0.99451870,1,1
dataset/dataset/chute19/cam7.avi#f420-450,7,0,0.06757780,0.06056614,0.09606399,0.12914097,0.08833723,0,0
dataset/dataset/chute19/cam7.avi#f468-498,7,0,0.07022934,0.09852088,0.09132954,0.05824993,0.07958242,0,0
dataset/dataset/chute19/cam7.avi#f500-530,7,1,0.95434517,0.99620050,0.83831328,0.96503663,0.93847390,1,1
dataset/dataset/chute19/cam7.avi#f530-560,7,1,0.99210757,0.99999738,0.97654837,0.99450243,0.99078894,1,1
dataset/dataset/chute19/cam7.avi#f560-590,7,1,0.99427903,0.99999988,0.97811425,0.99697948,0.99234316,1,1
dataset/dataset/chute19/cam8.avi#f440-470,8,0,0.06904518,0.18522276,0.05608277,0.05611452,0.09161631,0,0
dataset/dataset/chute19/cam8.avi#f488-518,8,0,0.06982137,0.06711660,0.06470575,0.05635449,0.06449956,0,0
dataset/dataset/chute19/cam8.avi#f520-550,8,1,0.92040652,0.99120444,0.94584507,0.96982950,0.95682138,1,1
dataset/dataset/chute19/cam8.avi#f550-580,8,1,0.99600321,0.99999321,0.53606158,0.95220697,0.87106624,1,1
dataset/dataset/chute19/cam8.avi#f580-610,8,1,0.62174833,0.99741250,0.79692394,0.97005534,0.84653503,1,1
dataset/dataset/chute20/cam1.avi#f375-405,1,0,0.07002039,0.09215940,0.29056191,0.05632790,0.12726740,0,0
dataset/dataset/chute20/cam1.avi#f425-455,1,0,0.06911723,0.16873828,0.17955132,0.07768770,0.12377363,0,0
dataset/dataset/chute20/cam1.avi#f570-600,1,1,0.06847556,0.08689460,0.15282193,0.06067037,0.09221561,0,0
dataset/dataset/chute20/cam1.avi#f600-630,1,1,0.07342308,0.33872473,0.53739530,0.07101120,0.25513858,0,0
dataset/dataset/chute20/cam1.avi#f630-660,1,1,0.06808406,0.92612511,0.70495033,0.15928324,0.46461068,0,1
dataset/dataset/chute20/cam1.avi#f660-690,1,1,0.98995799,0.99876118,0.78320354,0.94128513,0.92830196,1,1
dataset/dataset/chute20/cam2.avi#f359-389,2,0,0.06485774,0.36754471,0.07289467,0.05655861,0.14046393,0,0
dataset/dataset/chute20/cam2.avi#f409-439,2,0,0.05962865,0.86896926,0.97671789,0.05839074,0.49092663,0,1
dataset/dataset/chute20/cam2.avi#f554-584,2,1,0.06963056,0.93715394,0.28951582,0.05125197,0.33688807,0,0
dataset/dataset/chute20/cam2.avi#f584-614,2,1,0.07097361,0.09596581,0.07672012,0.05796197,0.07540538,0,0
dataset/dataset/chute20/cam2.avi#f614-644,2,1,0.06758524,0.05407829,0.06276497,0.05221816,0.05916167,0,0
dataset/dataset/chute20/cam2.avi#f644-674,2,1,0.95813960,0.99396741,0.34471819,0.95904553,0.81396768,1,1
dataset/dataset/chute20/cam3.avi#f350-380,3,0,0.07429168,0.11357164,0.06507290,0.06247226,0.07885212,0,0
dataset/dataset/chute20/cam3.avi#f400-430,3,0,0.06574894,0.76960278,0.04252217,0.05488091,0.23318870,0,0
dataset/dataset/chute20/cam3.avi#f545-575,3,1,0.93624455,0.89832485,0.50058711,0.05272879,0.59697132,1,1
dataset/dataset/chute20/cam3.avi#f575-605,3,1,0.06907738,0.89686221,0.34998369,0.05101652,0.34173495,0,0
dataset/dataset/chute20/cam3.avi#f605-635,3,1,0.94778711,0.99902225,0.66474539,0.68506515,0.82415497,1,1
dataset/dataset/chute20/cam3.avi#f635-665,3,1,0.99216884,0.99829990,0.99742246,0.97956973,0.99186523,1,1
dataset/dataset/chute20/cam4.avi#f360-390,4,0,0.07142084,0.12376291,0.05711403,0.05435121,0.07666225,0,0
dataset/dataset/chute20/cam4.avi#f410-440,4,0,0.06475711,0.21913818,0.04980929,0.05377661,0.09687030,0,0
dataset/dataset/chute20/cam4.avi#f555-585,4,1,0.98549253,0.99582207,0.80047721,0.94585025,0.93191051,1,1
dataset/dataset/chute20/cam4.avi#f585-615,4,1,0.99297994,0.99999106,0.89744562,0.99171102,0.97053191,1,1
dataset/dataset/chute20/cam4.avi#f615-645,4,1,0.99343091,0.99999309,0.98722130,0.99313676,0.99344552,1,1
dataset/dataset/chute20/cam4.avi#f645-675,4,1,0.99716139,1.00000000,0.99969482,0.99998033,0.99920914,1,1
dataset/dataset/chute20/cam5.avi#f360-390,5,0,0.07190492,0.06117241,0.32706743,0.05311884,0.12831590,0,0
dataset/dataset/chute20/cam5.avi#f410-440,5,0,0.06836999,0.49406645,0.04023868,0.05575193,0.16460676,0,0
dataset/dataset/chute20/cam5.avi#f555-585,5,1,0.06492088,0.49186841,0.18239157,0.05722106,0.19910048,0,0
dataset/dataset/chute20/cam5.avi#f585-615,5,1,0.40012205,0.21341608,0.07749149,0.07679018,0.19195495,0,0
dataset/dataset/chute20/cam5.avi#f615-645,5,1,0.15273881,0.54186958,0.08984481,0.05526906,0.20993056,0,0
dataset/dataset/chute20/cam5.avi#f645-675,5,1,0.98563933,0.99997199,0.88609701,0.96484703,0.95913884,1,1
dataset/dataset/chute20/cam6.avi#f354-384,6,0,0.08997226,0.84899175,0.07576533,0.05290813,0.26690937,0,0
dataset/dataset/chute20/cam6.avi#f404-434,6,0,0.06857220,0.98095638,0.06838672,0.05565985,0.29339379,0,0
dataset/dataset/chute20/cam6.avi#f549-579,6,1,0.98817551,0.99956483,0.94022697,0.92010009,0.96201685,1,1
dataset/dataset/chute20/cam6.avi#f579-609,6,1,0.63611221,0.99607712,0.94652432,0.10672707,0.67136018,1,1
dataset/dataset/chute20/cam6.avi#f609-639,6,1,0.94539768,0.99947160,0.97247714,0.98647934,0.97595644,1,1
dataset/dataset/chute20/cam6.avi#f639-669,6,1,0.99571061,1.00000000,0.99168408,0.99527991,0.99566865,1,1
dataset/dataset/chute20/cam7.avi#f354-384,7,0,0.08784023,0.08971845,0.05269043,0.08463695,0.07872151,0,0
dataset/dataset/chute20/cam7.avi#f404-434,7,0,0.07080735,0.41386655,0.06939681,0.05291196,0.15174567,0,0
dataset/dataset/chute20/cam7.avi#f549-579,7,1,0.18423533,0.98644847,0.28913236,0.62612700,0.52148579,1,1
dataset/dataset/chute20/cam7.avi#f579-609,7,1,0.88547689,0.99989045,0.71392930,0.98586792,0.89629114,1,1
dataset/dataset/chute20/cam7.avi#f609-639,7,1,0.99459118,0.99999249,0.96787709,0.99642724,0.98972200,1,1
dataset/dataset/chute20/cam7.avi#f639-669,7,1,0.99441236,0.99999595,0.94581157,0.99487913,0.98377475,1,1
dataset/dataset/chute20/cam8.avi#f350-380,8,0,0.05990225,0.32958102,0.04691339,0.05012761,0.12163107,0,0
dataset/dataset/chute20/cam8.avi#f400-430,8,0,0.07269098,0.10072704,0.04564240,0.05496659,0.06850675,0,0
dataset/dataset/chute20/cam8.avi#f545-575,8,1,0.07121837,0.99092287,0.69675958,0.05443195,0.45333319,0,0
dataset/dataset/chute20/cam8.avi#f575-605,8,1,0.40509123,0.73774809,0.06734426,0.05028523,0.31511720,0,0
dataset/dataset/chute20/cam8.avi#f605-635,8,1,0.32296070,0.92514008,0.09441714,0.04930571,0.34795591,0,0
dataset/dataset/chute20/cam8.avi#f635-665,8,1,0.99609643,0.99999857,0.83915013,0.98958790,0.95620826,1,1
dataset/dataset/chute21/cam1.avi#f558-588,1,0,0.11461578,0.58158612,0.44850028,0.05238112,0.29927082,0,0
dataset/dataset/chute21/cam1.avi#f888-918,1,1,0.59324402,0.99942774,0.48818985,0.96074140,0.76040075,1,1
dataset/dataset/chute21/cam2.avi#f568-598,2,0,0.10155994,0.97942251,0.07678298,0.05652094,0.30357159,0,0
dataset/dataset/chute21/cam2.avi#f898-928,2,1,0.99615979,0.99997759,0.70013851,0.96761000,0.91597147,1,1
dataset/dataset/chute21/cam3.avi#f560-590,3,0,0.68754846,0.99808097,0.98244721,0.88196009,0.88750918,1,1
dataset/dataset/chute21/cam3.avi#f890-920,3,1,0.99128741,0.99992168,0.99000412,0.99654275,0.99443899,1,1
dataset/dataset/chute21/cam4.avi#f538-568,4,0,0.99902225,1.00000000,0.96458697,0.99922442,0.99070841,1,1
dataset/dataset/chute21/cam4.avi#f868-898,4,1,0.99939775,1.00000000,0.99997973,0.99999225,0.99984244,1,1
dataset/dataset/chute21/cam5.avi#f546-576,5,0,0.06561122,0.77931207,0.85986328,0.29697990,0.50044162,1,1
dataset/dataset/chute21/cam5.avi#f876-906,5,1,0.99855238,1.00000000,0.98420745,0.99996507,0.99568123,1,1
dataset/dataset/chute21/cam6.avi#f570-600,6,0,0.09634186,0.99904698,0.86761653,0.06007735,0.50577068,1,1
dataset/dataset/chute21/cam6.avi#f900-930,6,1,0.99244833,0.99999249,0.98854488,0.99590921,0.99422373,1,1
dataset/dataset/chute21/cam7.avi#f570-600,7,0,0.06623637,0.98723733,0.05238944,0.05940552,0.29131716,0,0
dataset/dataset/chute21/cam7.avi#f900-930,7,1,0.88309449,0.99991274,0.93532777,0.98601764,0.95108816,1,1
dataset/dataset/chute21/cam8.avi#f538-568,8,0,0.07006185,0.63412827,0.19606647,0.05684557,0.23927554,0,0
dataset/dataset/chute21/cam8.avi#f868-898,8,1,0.21816990,0.99928564,0.69847155,0.84663570,0.69064070,1,1
dataset/dataset/chute22/cam1.avi#f736-766,1,0,0.99645931,1.00000000,0.99051297,0.99539006,0.99559058,1,1
dataset/dataset/chute22/cam1.avi#f772-802,1,1,0.99644095,0.99994659,0.97973126,0.99139363,0.99187811,1,1
dataset/dataset/chute22/cam2.avi#f782-812,2,0,0.07651357,0.06558301,0.06576334,0.05640700,0.06606673,0,0
dataset/dataset/chute22/cam2.avi#f818-848,2,1,0.87665325,0.99971598,0.20852022,0.87700498,0.74047361,1,1
dataset/dataset/chute22/cam3.avi#f787-817,3,0,0.07538230,0.30452216,0.06788158,0.05225220,0.12500956,0,0
dataset/dataset/chute22/cam3.avi#f823-853,3,1,0.76088309,0.76234215,0.94834602,0.60939676,0.77024201,1,1
dataset/dataset/chute22/cam4.avi#f777-807,4,0,0.06603389,0.62919766,0.14024602,0.05467160,0.22253729,0,0
dataset/dataset/chute22/cam4.avi#f813-843,4,1,0.99210113,0.99994373,0.97719085,0.89581597,0.96626292,1,1
dataset/dataset/chute22/cam5.avi#f789-819,5,0,0.97713989,0.99999988,0.95368308,0.99787223,0.98217377,1,1
dataset/dataset/chute22/cam5.avi#f825-855,5,1,0.93945825,0.99999452,0.93425018,0.99570543,0.96735209,1,1
dataset/dataset/chute22/cam6.avi#f782-812,6,0,0.07425864,0.05862166,0.25664729,0.05558489,0.11127812,0,0
dataset/dataset/chute22/cam6.avi#f818-848,6,1,0.95711458,0.99294358,0.99211872,0.99521929,0.98434904,1,1
dataset/dataset/chute22/cam7.avi#f782-812,7,0,0.07044590,0.06263998,0.05040684,0.05210752,0.05890006,0,0
dataset/dataset/chute22/cam7.avi#f818-848,7,1,0.07942940,0.12400672,0.85483676,0.93680447,0.49876934,0,1
dataset/dataset/chute22/cam8.avi#f770-800,8,0,0.14790380,0.88010758,0.74306440,0.14701702,0.47952320,0,1
dataset/dataset/chute22/cam8.avi#f806-836,8,1,0.86466712,0.99991226,0.96449959,0.98351014,0.95314728,1,1
dataset/dataset/chute23/cam1.avi#f694-724,1,0,0.07652971,0.44200286,0.57367200,0.16419902,0.31410090,0,0
dataset/dataset/chute23/cam1.avi#f1551-1581,1,1,0.26119086,0.96974897,0.99696428,0.07869151,0.57664891,1,1
dataset/dataset/chute23/cam1.avi#f1581-1611,1,1,0.24829701,0.96013695,0.99795109,0.07387145,0.57006412,1,1
dataset/dataset/chute23/cam1.avi#f1693-1723,1,0,0.06832705,0.36472806,0.68696105,0.05271695,0.29318328,0,0
dataset/dataset/chute23/cam1.avi#f3605-3635,1,1,0.18180159,0.97881716,0.98303384,0.74767244,0.72283126,1,1
dataset/dataset/chute23/cam1.avi#f4137-4167,1,0,0.07215955,0.82530600,0.49873748,0.05696966,0.36329317,0,0
dataset/dataset/chute23/cam2.avi#f715-745,2,0,0.06894965,0.08187232,0.14069843,0.05216961,0.08592250,0,0
dataset/dataset/chute23/cam2.avi#f1572-1602,2,1,0.14526506,0.99988508,0.90462184,0.99477452,0.76113662,1,1
dataset/dataset/chute23/cam2.avi#f1602-1632,2,1,0.07233300,0.98156232,0.06546544,0.05778403,0.29428620,0,0
dataset/dataset/chute23/cam2.avi#f1714-1744,2,0,0.06811412,0.47147453,0.24634689,0.05354348,0.20986975,0,0
dataset/dataset/chute23/cam2.avi#f3626-3656,2,1,0.98561907,1.00000000,0.48569983,0.99295217,0.86606777,1,1
dataset/dataset/chute23/cam2.avi#f4158-4188,2,0,0.06958143,0.98566264,0.09539989,0.05318928,0.30095831,0,0
dataset/dataset/chute23/cam3.avi#f715-745,3,0,0.07180778,0.95680577,0.05985349,0.04933592,0.28445074,0,0
dataset/dataset/chute23/cam5.avi#f1572-1602,5,1,0.97546512,0.99678087,0.97775477,0.83939129,0.94734801,1,1
dataset/dataset/chute23/cam3.avi#f1602-1632,3,1,0.06871106,0.40969962,0.12430568,0.05380742,0.16413094,0,0
dataset/dataset/chute23/cam3.avi#f1714-1744,3,0,0.06786796,0.05249481,0.06200796,0.05469972,0.05926761,0,0
dataset/dataset/chute23/cam3.avi#f3626-3656,3,1,0.80734098,0.99988031,0.96921152,0.99338681,0.94245490,1,1
dataset/dataset/chute23/cam3.avi#f4158-4188,3,0,0.07015041,0.06623804,0.07666328,0.05668432,0.06743401,0,0
dataset/dataset/chute23/cam4.avi#f708-738,4,0,0.99888426,1.00000000,0.99438334,0.99998677,0.99831359,1,1
dataset/dataset/chute23/cam4.avi#f1565-1595,4,1,0.07249201,0.06336296,0.06673222,0.05799116,0.06514459,0,0
dataset/dataset/chute23/cam4.avi#f1595-1625,4,1,0.06920616,0.05999959,0.14349259,0.05755427,0.08256315,0,0
dataset/dataset/chute23/cam4.avi#f1707-1737,4,0,0.07100695,0.11270557,0.18164217,0.14622864,0.12789583,0,0
dataset/dataset/chute23/cam4.avi#f3619-3649,4,1,0.07248162,0.97313631,0.08585007,0.05279780,0.29606645,0,0
dataset/dataset/chute23/cam4.avi#f4151-4181,4,0,0.06752945,0.05859078,0.07762402,0.06229488,0.06650978,0,0
dataset/dataset/chute23/cam5.avi#f717-747,5,0,0.07048058,0.09310398,0.06621113,0.06450541,0.07357527,0,0
dataset/dataset/chute23/cam5.avi#f1574-1604,5,1,0.96583498,0.99227351,0.97832233,0.71685594,0.91332169,1,1
dataset/dataset/chute23/cam5.avi#f1604-1634,5,1,0.92716932,0.98886836,0.98299766,0.58135474,0.87009752,1,1
dataset/dataset/chute23/cam5.avi#f1716-1746,5,0,0.07035673,0.07699753,0.29787987,0.05353604,0.12469254,0,0
dataset/dataset/chute23/cam5.avi#f3628-3658,5,1,0.17835765,0.99978095,0.31410041,0.98693138,0.61979260,1,1
dataset/dataset/chute23/cam5.avi#f4160-4190,5,0,0.06734728,0.05483368,0.12323117,0.05446145,0.07496839,0,0
dataset/dataset/chute23/cam6.avi#f723-753,6,0,0.07075913,0.65883178,0.08540206,0.30407804,0.27976775,0,0
dataset/dataset/chute23/cam6.avi#f1580-1610,6,1,0.41455191,0.93927997,0.37414357,0.05567251,0.44591199,0,0
dataset/dataset/chute23/cam6.avi#f1610-1640,6,1,0.06593256,0.71133637,0.55872911,0.05221963,0.34705442,0,0
dataset/dataset/chute23/cam6.avi#f1722-1752,6,0,0.06805886,0.41590551,0.06591745,0.05565124,0.15138326,0,0
dataset/dataset/chute23/cam6.avi#f3634-3664,6,1,0.07379131,0.08438195,0.16379341,0.05352833,0.09387375,0,0
dataset/dataset/chute23/cam6.avi#f4166-4196,6,0,0.10855686,0.93473333,0.61613142,0.05362561,0.42826181,0,0
dataset/dataset/chute23/cam7.avi#f713-743,7,0,0.06409362,0.96153307,0.05866985,0.05050883,0.28370134,0,0
dataset/dataset/chute23/cam7.avi#f1570-1600,7,1,0.10412807,0.99817407,0.98773414,0.69455689,0.69614829,1,1
dataset/dataset/chute23/cam7.avi#f1600-1630,7,1,0.94159281,0.99985909,0.52243477,0.69608474,0.78999285,1,1
dataset/dataset/chute23/cam7.avi#f1712-1742,7,0,0.07089848,0.06342215,0.04422523,0.05426734,0.05820330,0,0
dataset/dataset/chute23/cam7.avi#f3624-3654,7,1,0.06801300,0.61239403,0.25649258,0.12705521,0.26598871,0,0
dataset/dataset/chute23/cam7.avi#f4156-4186,7,0,0.06955273,0.08701291,0.09087745,0.05979309,0.07680904,0,0
dataset/dataset/chute23/cam8.avi#f663-693,8,0,0.07281009,0.99034518,0.42225745,0.05529620,0.38517723,0,0
dataset/dataset/chute23/cam8.avi#f1520-1550,8,1,0.99936932,1.00000000,0.99775606,0.99818295,0.99882708,1,1
dataset/dataset/chute23/cam8.avi#f1550-1580,8,1,0.92624509,0.99955016,0.98856491,0.99008769,0.97611196,1,1
dataset/dataset/chute23/cam8.avi#f1662-1692,8,0,0.07055087,0.10076674,0.86895490,0.05411621,0.27359718,0,0
dataset/dataset/chute23/cam8.avi#f3574-3604,8,1,0.99614406,0.99988425,0.83787924,0.93864125,0.94313720,1,1
dataset/dataset/chute23/cam8.avi#f4106-4136,8,0,0.06981937,0.05423562,0.03743957,0.05945547,0.05523751,0,0
