epoch,train_loss,val_loss,lr,val_accuracy,val_precision,val_recall,val_specificity,val_f1,val_balanced_accuracy,val_tp,val_tn,val_fp,val_fn
1,0.5826807740194423,0.48945003747940063,0.0002999917754048268,0.85546875,0.967741935483871,0.631578947368421,0.9875776397515528,0.7643312101910827,0.8095782935599869,60,159,2,35
2,0.41074754028149674,0.4340032637119293,0.0002999671025212268,0.87109375,0.8690476190476191,0.7684210526315789,0.9316770186335404,0.8156424581005587,0.8500490356325596,73,150,11,22
3,0.32027101392300417,0.5635524466633797,0.0002999259840548597,0.7890625,0.7157894736842105,0.7157894736842105,0.8322981366459627,0.7157894736842105,0.7740438051650866,68,134,27,27
4,0.26528499193978355,0.6168690100312233,0.00029986842451482874,0.796875,0.7087378640776699,0.7684210526315789,0.8136645962732919,0.7373737373737375,0.7910428244524355,73,131,30,22
5,0.22347437417056878,0.8013387620449066,0.000299794430213186,0.76171875,0.6440677966101694,0.8,0.7391304347826086,0.7136150234741785,0.7695652173913043,76,119,42,19
6,0.20395453069840463,0.8276984840631485,0.0002997040092642407,0.7734375,0.6728971962616822,0.7578947368421053,0.782608695652174,0.712871287128713,0.7702517162471396,72,126,35,23
7,0.20033083177703037,0.7604703679680824,0.0002995971715836687,0.79296875,0.71,0.7473684210526316,0.8198757763975155,0.7282051282051281,0.7836220987250735,71,132,29,24
8,0.18683986081399215,0.922544851899147,0.00029947392888742566,0.765625,0.6548672566371682,0.7789473684210526,0.7577639751552795,0.7115384615384616,0.7683556717881661,74,122,39,21
9,0.1922329656527957,0.9216044545173645,0.000299334294690462,0.765625,0.64,0.8421052631578947,0.7204968944099379,0.7272727272727272,0.7813010787839163,80,116,45,15
10,0.18347830818614239,0.7249410226941109,0.00029917828430524096,0.78515625,0.6886792452830188,0.7684210526315789,0.7950310559006211,0.7263681592039801,0.7817260542661,73,128,33,22
11,0.17009935799104792,0.6298057995736599,0.0002990059148400594,0.80859375,0.7254901960784313,0.7789473684210526,0.8260869565217391,0.751269035532995,0.8025171624713958,74,133,28,21
12,0.16697129829384935,0.6984837427735329,0.0002988172051971717,0.8046875,0.7102803738317757,0.8,0.8074534161490683,0.7524752475247526,0.8037267080745342,76,130,31,19
13,0.1661372518326132,0.6962788552045822,0.0002986121760707165,0.8125,0.7901234567901234,0.6736842105263158,0.8944099378881988,0.7272727272727273,0.7840470742072573,64,144,17,31
14,0.16102755934770255,0.7171616144478321,0.0002983908499444482,0.8125,0.719626168224299,0.8105263157894737,0.8136645962732919,0.7623762376237623,0.8120954560313828,77,131,30,18
15,0.1648791033041406,0.6917089112102985,0.00029815325108927063,0.81640625,0.7352941176470589,0.7894736842105263,0.8322981366459627,0.7614213197969544,0.8108859104282445,75,134,27,20
16,0.16267205481500796,0.6258284486830235,0.0002978994055605757,0.84375,0.8021978021978022,0.7684210526315789,0.8881987577639752,0.7849462365591398,0.828309905197777,73,143,18,22
17,0.16127668217446647,0.6310423016548157,0.0002976293411953862,0.8203125,0.7130434782608696,0.8631578947368421,0.7950310559006211,0.7809523809523811,0.8290944753187316,82,128,33,13
18,0.162066588641161,0.6096548512578011,0.00029734308760930326,0.83203125,0.76,0.8,0.8509316770186336,0.7794871794871796,0.8254658385093168,76,137,24,19
19,0.15902609231457795,0.6634341403841972,0.0002970406761932582,0.83203125,0.7549019607843137,0.8105263157894737,0.84472049689441,0.7817258883248731,0.8276234063419419,77,136,25,18
20,0.16307537195459748,0.5768479779362679,0.00029672214011007076,0.8359375,0.7476635514018691,0.8421052631578947,0.8322981366459627,0.792079207920792,0.8372016999019287,80,134,27,15
21,0.15795741116194792,0.6130807027220726,0.000296387514290812,0.8515625,0.8202247191011236,0.7684210526315789,0.9006211180124224,0.7934782608695652,0.8345210853220006,73,145,16,22
22,0.1580793776995619,0.5821632035076618,0.0002960368354309739,0.828125,0.7628865979381443,0.7789473684210526,0.8571428571428571,0.7708333333333333,0.8180451127819548,74,138,23,21
23,0.1588235183750422,0.6210098639130592,0.00029567014198644527,0.8359375,0.7572815533980582,0.8210526315789474,0.84472049689441,0.7878787878787878,0.8328865642366787,78,136,25,17
24,0.15849203395677608,0.645869642496109,0.0002952874741692945,0.82421875,0.7232142857142857,0.8526315789473684,0.8074534161490683,0.782608695652174,0.8300424975482183,81,130,31,14
25,0.16507290899161078,0.7754091173410416,0.0002948888739433601,0.75390625,0.75,0.5052631578947369,0.9006211180124224,0.6037735849056604,0.7029421379535796,48,145,16,47
26,0.1578075442589064,0.6653329394757748,0.00029447438501964857,0.8046875,0.6890756302521008,0.8631578947368421,0.7701863354037267,0.7663551401869159,0.8166721150702845,82,124,37,13
27,0.15959996491611358,0.6887684687972069,0.0002940440528515413,0.8203125,0.8450704225352113,0.631578947368421,0.9316770186335404,0.7228915662650601,0.7816279830009807,60,150,11,35
28,0.16725448096841278,0.5885974951088428,0.00029359792462980993,0.86328125,0.8333333333333334,0.7894736842105263,0.906832298136646,0.8108108108108109,0.8481529911735861,75,146,15,20
29,0.1591648431291163,0.6499132215976715,0.0002931360492774414,0.84375,0.7835051546391752,0.8,0.8695652173913043,0.7916666666666666,0.8347826086956522,76,140,21,19
30,0.15638065107063082,0.5624635554850101,0.0002926584774442729,0.86328125,0.8333333333333334,0.7894736842105263,0.906832298136646,0.8108108108108109,0.8481529911735861,75,146,15,20
31,0.1631428077076349,0.5698452219367027,0.00029216526150143774,0.859375,0.7920792079207921,0.8421052631578947,0.8695652173913043,0.8163265306122449,0.8558352402745995,80,140,21,15
32,0.16266707987126489,0.5902491360902786,0.00029165645553562203,0.859375,0.8314606741573034,0.7789473684210526,0.906832298136646,0.8043478260869564,0.8428898332788493,74,146,15,21
33,0.15768287658217414,0.5985856726765633,0.0002911321153431337,0.83984375,0.8292682926829268,0.7157894736842105,0.9130434782608695,0.768361581920904,0.8144164759725401,68,147,14,27
34,0.15685751492057595,0.5513221770524979,0.00029059229842378357,0.875,0.8387096774193549,0.8210526315789474,0.906832298136646,0.8297872340425532,0.8639424648577967,78,146,15,17
35,0.15756446685990091,0.5300893150269985,0.00029003706397458007,0.8828125,0.8421052631578947,0.8421052631578947,0.906832298136646,0.8421052631578947,0.8744687806472704,80,146,15,15
36,0.1554874084282585,0.586644783616066,0.00028946647288323756,0.84765625,0.8181818181818182,0.7578947368421053,0.9006211180124224,0.7868852459016393,0.8292579274272638,72,145,16,23
37,0.15471680880066888,0.549675777554512,0.0002888805877214991,0.87890625,0.8404255319148937,0.8315789473684211,0.906832298136646,0.835978835978836,0.8692056227525335,79,146,15,16
38,0.1579433123527417,0.5958088785409927,0.00028827947273827497,0.83203125,0.8333333333333334,0.6842105263157895,0.9192546583850931,0.7514450867052023,0.8017325923504413,65,148,13,30
39,0.15443312351556707,0.5636107288300991,0.0002876631938525971,0.859375,0.7920792079207921,0.8421052631578947,0.8695652173913043,0.8163265306122449,0.8558352402745995,80,140,21,15
40,0.15550214988336886,0.5646203607320786,0.00028703181864639,0.86328125,0.8333333333333334,0.7894736842105263,0.906832298136646,0.8108108108108109,0.8481529911735861,75,146,15,20
41,0.1556127623878938,0.566012941300869,0.0002863854163570602,0.85546875,0.8295454545454546,0.7684210526315789,0.906832298136646,0.7978142076502732,0.8376266753841124,73,146,15,22
42,0.15505325767557854,0.5382802747189999,0.0002857240578699029,0.8671875,0.8080808080808081,0.8421052631578947,0.8819875776397516,0.8247422680412371,0.8620464203988232,80,142,19,15
43,0.16588747575434729,0.6188208386301994,0.000285047815710329,0.82421875,0.7450980392156863,0.8,0.8385093167701864,0.7715736040609137,0.8192546583850933,76,135,26,19
44,0.16017573639365362,0.6625471748411655,0.0002843567640359119,0.765625,0.6470588235294118,0.8105263157894737,0.7391304347826086,0.719626168224299,0.7748283752860412,77,119,42,18
45,0.1561187639328879,0.6760619357228279,0.00028365097862825513,0.7734375,0.6554621848739496,0.8210526315789474,0.7453416149068323,0.7289719626168224,0.7831971232428898,78,120,41,17
46,0.15282055667451552,0.602191150188446,0.00028293053688468214,0.8125,0.7238095238095238,0.8,0.8198757763975155,0.76,0.8099378881987578,76,132,29,19
47,0.1534953983000685,0.5792696103453636,0.00028219551780974875,0.83984375,0.7755102040816326,0.8,0.8633540372670807,0.7875647668393783,0.8316770186335404,76,139,22,19
48,0.15821110251291134,0.598486416041851,0.0002814460020065795,0.859375,0.8241758241758241,0.7894736842105263,0.9006211180124224,0.8064516129032259,0.8450474011114744,75,145,16,20
49,0.1600093627070812,0.6010006740689278,0.0002806820716680284,0.8515625,0.8064516129032258,0.7894736842105263,0.8881987577639752,0.7978723404255319,0.8388362209872507,75,143,18,20
50,0.15851087106862077,0.6439277902245522,0.0002799038105676658,0.82421875,0.7840909090909091,0.7263157894736842,0.8819875776397516,0.7540983606557377,0.804151683556718,69,142,19,26
51,0.16137789728982785,0.5585071668028831,0.0002791113040505915,0.828125,0.7865168539325843,0.7368421052631579,0.8819875776397516,0.7608695652173914,0.8094148414514547,70,142,19,25
52,0.15545729691418217,0.594726949930191,0.00027830463902407595,0.828125,0.7628865979381443,0.7789473684210526,0.8571428571428571,0.7708333333333333,0.8180451127819548,74,138,23,21
53,0.1564611370710445,0.5091015435755253,0.0002774839039480296,0.859375,0.7920792079207921,0.8421052631578947,0.8695652173913043,0.8163265306122449,0.8558352402745995,80,140,21,15
54,0.1537195088019665,0.5395625680685043,0.00027664918882530225,0.87890625,0.8555555555555555,0.8105263157894737,0.9192546583850931,0.8324324324324324,0.8648904870872833,77,148,13,18
55,0.15359984992986644,0.5802493020892143,0.0002758005851918136,0.8359375,0.7676767676767676,0.8,0.8571428571428571,0.7835051546391752,0.8285714285714285,76,138,23,19
56,0.1539587669415218,0.5783547349274158,0.0002749381861065149,0.828125,0.7475728155339806,0.8105263157894737,0.8385093167701864,0.7777777777777778,0.82451781627983,77,135,26,18
57,0.153487684593997,0.5762046836316586,0.00027406208614118424,0.8515625,0.8433734939759037,0.7368421052631579,0.9192546583850931,0.7865168539325843,0.8280483818241255,70,148,13,25
58,0.15398902201628828,0.5448618941009045,0.00027317238137005556,0.85546875,0.8085106382978723,0.8,0.8881987577639752,0.8042328042328043,0.8440993788819876,76,143,18,19
59,0.15290401404942006,0.5582833960652351,0.00027226916935928306,0.8359375,0.7676767676767676,0.8,0.8571428571428571,0.7835051546391752,0.8285714285714285,76,138,23,19
60,0.15192877926361964,0.5779619291424751,0.00027135254915624206,0.8515625,0.8064516129032258,0.7894736842105263,0.8881987577639752,0.7978723404255319,0.8388362209872507,75,143,18,20
61,0.15324434768371506,0.5386586412787437,0.0002704226212786671,0.84765625,0.7916666666666666,0.8,0.8757763975155279,0.7958115183246073,0.837888198757764,76,141,20,19
62,0.15256170676669353,0.5489158555865288,0.00026947948770362937,0.83984375,0.7755102040816326,0.8,0.8633540372670807,0.7875647668393783,0.8316770186335404,76,139,22,19
63,0.15388464945448085,0.5617632567882538,0.0002685232518563535,0.8203125,0.7378640776699029,0.8,0.8322981366459627,0.7676767676767677,0.8161490683229814,76,134,27,19
64,0.15141048861545311,0.5217830277979374,0.0002675540185988759,0.875,0.8539325842696629,0.8,0.9192546583850931,0.8260869565217391,0.8596273291925466,76,148,13,19
65,0.15258818574501554,0.5283666402101517,0.00026657189421854557,0.875,0.8539325842696629,0.8,0.9192546583850931,0.8260869565217391,0.8596273291925466,76,148,13,19
66,0.1550072151612098,0.5573342815041542,0.0002655769864163683,0.86328125,0.8260869565217391,0.8,0.9006211180124224,0.8128342245989306,0.8503105590062112,76,145,16,19
67,0.15178295093075655,0.5013442449271679,0.00026456940429519626,0.87109375,0.8444444444444444,0.8,0.9130434782608695,0.8216216216216217,0.8565217391304347,76,147,14,19
68,0.15602389117239956,0.5744694694876671,0.00026354925834776334,0.859375,0.8641975308641975,0.7368421052631579,0.9316770186335404,0.7954545454545454,0.834259561948349,70,150,11,25
69,0.15403428454522347,0.5240821540355682,0.0002625166604445688,0.86328125,0.8191489361702128,0.8105263157894737,0.8944099378881988,0.8148148148148148,0.8524681268388362,77,144,17,18
70,0.15542985321157732,0.6136593446135521,0.00026147172382160903,0.8203125,0.8356164383561644,0.6421052631578947,0.9254658385093167,0.7261904761904762,0.7837855508336058,61,149,12,34
71,0.15313942259396046,0.5912994556128979,0.00026041456306796003,0.8125,0.7117117117117117,0.8315789473684211,0.8012422360248447,0.7669902912621359,0.8164105916966329,79,129,32,16
72,0.15379982191336083,0.5891827158629894,0.0002593452941132116,0.81640625,0.7181818181818181,0.8315789473684211,0.8074534161490683,0.7707317073170732,0.8195161817587446,79,130,31,16
73,0.15105043659745818,0.5840896889567375,0.0002582640342147542,0.82421875,0.7717391304347826,0.7473684210526316,0.8695652173913043,0.7593582887700535,0.808466819221968,71,140,21,24
74,0.15227615936968483,0.5963572524487972,0.00025717090194492037,0.828125,0.7741935483870968,0.7578947368421053,0.8695652173913043,0.7659574468085107,0.8137299771167048,72,140,21,23
75,0.15167274451990487,0.5902660042047501,0.000256066017177982,0.8203125,0.7474747474747475,0.7789473684210526,0.84472049689441,0.7628865979381443,0.8118339326577313,74,136,25,21
76,0.15242247209397272,0.5400262996554375,0.00025494950107700473,0.8671875,0.8426966292134831,0.7894736842105263,0.9130434782608695,0.8152173913043478,0.8512585812356979,75,147,14,20
77,0.15163028764558834,0.5334506742656231,0.0002538214760805609,0.87890625,0.8555555555555555,0.8105263157894737,0.9192546583850931,0.8324324324324324,0.8648904870872833,77,148,13,18
78,0.15465088730777946,0.5913221016526222,0.0002526820658893032,0.85546875,0.8536585365853658,0.7368421052631579,0.9254658385093167,0.7909604519774011,0.8311539718862373,70,149,12,25
79,0.155661325449972,0.5678235404193401,0.00025153139545239895,0.85546875,0.8625,0.7263157894736842,0.9316770186335404,0.7885714285714286,0.8289964040536123,69,150,11,26
80,0.1561556059430181,0.547144616022706,0.0002503695909538286,0.8828125,0.8494623655913979,0.8315789473684211,0.9130434782608695,0.8404255319148937,0.8723112128146453,79,147,14,16
81,0.15492848663870432,0.544997088611126,0.00024919677979854765,0.875,0.8315789473684211,0.8315789473684211,0.9006211180124224,0.8315789473684211,0.8661000326904218,79,145,16,16
82,0.15413340988381957,0.4750445708632469,0.0002480130905985157,0.89453125,0.8695652173913043,0.8421052631578947,0.9254658385093167,0.8556149732620322,0.8837855508336057,80,149,12,15
83,0.15695972859148477,0.5377577990293503,0.00024681865315859247,0.875,0.8247422680412371,0.8421052631578947,0.8944099378881988,0.8333333333333333,0.8682576005230467,80,144,17,15
84,0.15340985935440593,0.5223945323377848,0.00024561359846230336,0.87890625,0.872093023255814,0.7894736842105263,0.9316770186335404,0.8287292817679558,0.8605753514220333,75,150,11,20
85,0.15275592933118226,0.5319386869668961,0.0002443980586574755,0.87109375,0.8522727272727273,0.7894736842105263,0.9192546583850931,0.819672131147541,0.8543641712978097,75,148,13,20
86,0.15170095807633865,0.5542855076491833,0.00024317216704174648,0.8359375,0.7676767676767676,0.8,0.8571428571428571,0.7835051546391752,0.8285714285714285,76,138,23,19
87,0.1520062530668782,0.5170090384781361,0.00024193605804794638,0.84375,0.7835051546391752,0.8,0.8695652173913043,0.7916666666666666,0.8347826086956522,76,140,21,19
88,0.15301554411590454,0.5515021681785583,0.00024068986722935616,0.86328125,0.8571428571428571,0.7578947368421053,0.9254658385093167,0.8044692737430167,0.841680287675711,72,149,12,23
89,0.15462596264203074,0.5193507149815559,0.00023943373124484226,0.875,0.8539325842696629,0.8,0.9192546583850931,0.8260869565217391,0.8596273291925466,76,148,13,19
90,0.15112227438458392,0.49769944883883,0.00023816778784387086,0.875,0.8387096774193549,0.8210526315789474,0.906832298136646,0.8297872340425532,0.8639424648577967,78,146,15,17
91,0.15153708440764524,0.5146500896662474,0.0002368921758514017,0.87109375,0.8522727272727273,0.7894736842105263,0.9192546583850931,0.819672131147541,0.8543641712978097,75,148,13,20
92,0.1500645871190854,0.5127915069460869,0.0002356070351526647,0.87109375,0.8369565217391305,0.8105263157894737,0.906832298136646,0.8235294117647058,0.8586793069630598,77,146,15,18
93,0.15085123360868002,0.5298463422805071,0.00023431250667781952,0.8671875,0.8351648351648352,0.8,0.906832298136646,0.8172043010752689,0.853416149068323,76,146,15,19
94,0.15089637186252336,0.5340522453188896,0.0002330087323865015,0.8671875,0.8351648351648352,0.8,0.906832298136646,0.8172043010752689,0.853416149068323,76,146,15,19
95,0.15352943835865196,0.5149514116346836,0.00023169585525225394,0.875,0.8539325842696629,0.8,0.9192546583850931,0.8260869565217391,0.8596273291925466,76,148,13,19
96,0.15191314501269437,0.5267378091812134,0.00023037401924684938,0.87109375,0.8522727272727273,0.7894736842105263,0.9192546583850931,0.819672131147541,0.8543641712978097,75,148,13,20
97,0.15120689585716066,0.5042115561664104,0.00022904336932450157,0.875,0.8539325842696629,0.8,0.9192546583850931,0.8260869565217391,0.8596273291925466,76,148,13,19
98,0.15135290913624508,0.50470020622015,0.00022770405140596947,0.87890625,0.8555555555555555,0.8105263157894737,0.9192546583850931,0.8324324324324324,0.8648904870872833,77,148,13,18
99,0.15162334823703197,0.5073914267122746,0.00022635621236255564,0.87109375,0.8369565217391305,0.8105263157894737,0.906832298136646,0.8235294117647058,0.8586793069630598,77,146,15,18
100,0.15178901028206523,0.5295306071639061,0.00022499999999999994,0.87109375,0.8444444444444444,0.8,0.9130434782608695,0.8216216216216217,0.8565217391304347,76,147,14,19
101,0.15183457258207422,0.5161020122468472,0.00022363556304227106,0.87109375,0.8369565217391305,0.8105263157894737,0.906832298136646,0.8235294117647058,0.8586793069630598,77,146,15,18
102,0.1501795075700487,0.5256938524544239,0.0002222630511152572,0.87109375,0.8369565217391305,0.8105263157894737,0.906832298136646,0.8235294117647058,0.8586793069630598,77,146,15,18
103,0.15290485224714337,0.5862048007547855,0.00022088261473035805,0.83984375,0.7596153846153846,0.8315789473684211,0.84472049689441,0.7939698492462313,0.8381497221314156,79,136,25,16
104,0.15022346324048508,0.5255577675998211,0.00021949440526797923,0.875,0.8461538461538461,0.8105263157894737,0.9130434782608695,0.8279569892473119,0.8617848970251716,77,147,14,18
105,0.15078403387463116,0.5425191298127174,0.00021809857496093196,0.8671875,0.8426966292134831,0.7894736842105263,0.9130434782608695,0.8152173913043478,0.8512585812356979,75,147,14,20
106,0.1507028965483129,0.5653083920478821,0.00021669527687773906,0.8515625,0.8064516129032258,0.7894736842105263,0.8881987577639752,0.7978723404255319,0.8388362209872507,75,143,18,20
107,0.150669858452103,0.5520921796560287,0.0002152846649058491,0.859375,0.8105263157894737,0.8105263157894737,0.8881987577639752,0.8105263157894737,0.8493625367767244,77,143,18,18
108,0.152148807439842,0.5780140273272991,0.00021386689373476084,0.83203125,0.7549019607843137,0.8105263157894737,0.84472049689441,0.7817258883248731,0.8276234063419419,77,136,25,18
109,0.1511094596229538,0.5524084493517876,0.00021244211883906014,0.859375,0.8314606741573034,0.7789473684210526,0.906832298136646,0.8043478260869564,0.8428898332788493,74,146,15,21
110,0.15220736331541543,0.4947243146598339,0.00021101049646136998,0.87890625,0.8478260869565217,0.8210526315789474,0.9130434782608695,0.8342245989304813,0.8670480549199084,78,147,14,17
111,0.1515447032854524,0.5106021054089069,0.00020957218359521704,0.87890625,0.8555555555555555,0.8105263157894737,0.9192546583850931,0.8324324324324324,0.8648904870872833,77,148,13,18
112,0.1503979213550598,0.5373854748904705,0.0002081273379678154,0.87109375,0.8444444444444444,0.8,0.9130434782608695,0.8216216216216217,0.8565217391304347,76,147,14,19
113,0.15070855967093177,0.5413418561220169,0.00020667611802277004,0.875,0.8461538461538461,0.8105263157894737,0.9130434782608695,0.8279569892473119,0.8617848970251716,77,147,14,18
114,0.15166431046266915,0.5334279090166092,0.00020521868290270169,0.87109375,0.8369565217391305,0.8105263157894737,0.906832298136646,0.8235294117647058,0.8586793069630598,77,146,15,18
115,0.1525493308042674,0.5636729523539543,0.00020375519243179496,0.87109375,0.8369565217391305,0.8105263157894737,0.906832298136646,0.8235294117647058,0.8586793069630598,77,146,15,18
116,0.1517612990695487,0.5528705939650536,0.00020228580709827224,0.875,0.8461538461538461,0.8105263157894737,0.9130434782608695,0.8279569892473119,0.8617848970251716,77,147,14,18
117,0.15647353723674834,0.6481242030858994,0.0002008106880367937,0.8125,0.8507462686567164,0.6,0.937888198757764,0.7037037037037036,0.768944099378882,57,151,10,38
118,0.1567182747376842,0.5762272104620934,0.00019932999701078742,0.84375,0.7619047619047619,0.8421052631578947,0.84472049689441,0.8,0.8434128800261523,80,136,25,15
119,0.1579942397521457,0.5613644272089005,0.00019784389639471045,0.86328125,0.875,0.7368421052631579,0.937888198757764,0.7999999999999999,0.8373651520104609,70,151,10,25
120,0.15278400442235276,0.6083549931645393,0.00019635254915624208,0.8125,0.7043478260869566,0.8526315789473684,0.7888198757763976,0.7714285714285715,0.820725727361883,81,127,34,14
121,0.15247520567408612,0.5186579525470734,0.00019485611883841297,0.85546875,0.8020833333333334,0.8105263157894737,0.8819875776397516,0.806282722513089,0.8462569467146126,77,142,19,18
122,0.1508959423950605,0.5981011018157005,0.0001933547695416707,0.8125,0.7238095238095238,0.8,0.8198757763975155,0.76,0.8099378881987578,76,132,29,19
123,0.15126520291592918,0.6182384081184864,0.00019184866590588436,0.81640625,0.7307692307692307,0.8,0.8260869565217391,0.763819095477387,0.8130434782608695,76,133,28,19
124,0.14999771153713554,0.5948221758008003,0.0001903379730922898,0.8203125,0.7333333333333333,0.8105263157894737,0.8260869565217391,0.77,0.8183066361556064,77,133,28,18
125,0.1512665830656264,0.5794717110693455,0.0001888228567653781,0.82421875,0.7403846153846154,0.8105263157894737,0.8322981366459627,0.7738693467336684,0.8214122262177181,77,134,27,18
126,0.1512356210300036,0.5883839167654514,0.00018730348307472816,0.8203125,0.7333333333333333,0.8105263157894737,0.8260869565217391,0.77,0.8183066361556064,77,133,28,18
127,0.15068892308068324,0.552872896194458,0.0001857800186367871,0.828125,0.7475728155339806,0.8105263157894737,0.8385093167701864,0.7777777777777778,0.82451781627983,77,135,26,18
128,0.15918117317243313,0.6287682056427002,0.00018425263051659833,0.8046875,0.7319587628865979,0.7473684210526316,0.8385093167701864,0.7395833333333333,0.792938868911409,71,135,26,24
129,0.15094601734732066,0.6334012448787689,0.0001827214862094814,0.8125,0.7373737373737373,0.7684210526315789,0.8385093167701864,0.7525773195876289,0.8034651847008827,73,135,26,22
130,0.15024487182468355,0.625095771625638,0.00018118675362266388,0.8203125,0.7333333333333333,0.8105263157894737,0.8260869565217391,0.77,0.8183066361556064,77,133,28,18
131,0.1496302357191594,0.643205102533102,0.00017964860105686885,0.81640625,0.7307692307692307,0.8,0.8260869565217391,0.763819095477387,0.8130434782608695,76,133,28,19
132,0.15164522971832017,0.6468442715704441,0.0001781071971878587,0.80859375,0.7254901960784313,0.7789473684210526,0.8260869565217391,0.751269035532995,0.8025171624713958,74,133,28,21
133,0.15181826200210313,0.7192887887358665,0.0001765627110479375,0.80078125,0.7156862745098039,0.7684210526315789,0.8198757763975155,0.7411167512690356,0.7941484145145472,73,132,29,22
134,0.15313600536961677,0.656171940267086,0.00017501531200741534,0.8125,0.719626168224299,0.8105263157894737,0.8136645962732919,0.7623762376237623,0.8120954560313828,77,131,30,18
135,0.1518463820633784,0.5823459140956402,0.00017346516975603465,0.828125,0.7524752475247525,0.8,0.84472049689441,0.7755102040816327,0.822360248447205,76,136,25,19
136,0.15104554531351472,0.5604011565446854,0.00017191245428436176,0.85546875,0.8152173913043478,0.7894736842105263,0.8944099378881988,0.802139037433155,0.8419418110493626,75,144,17,20
137,0.15205262631000155,0.5892657041549683,0.00017035733586514567,0.82421875,0.75,0.7894736842105263,0.84472049689441,0.7692307692307692,0.8170970905524682,75,136,25,20
138,0.1513420951887817,0.640654444694519,0.00016879998503464564,0.8046875,0.7227722772277227,0.7684210526315789,0.8260869565217391,0.7448979591836735,0.797254004576659,73,133,28,22
139,0.14998138060508143,0.6051679849624634,0.00016724057257393,0.81640625,0.7352941176470589,0.7894736842105263,0.8322981366459627,0.7614213197969544,0.8108859104282445,75,134,27,20
140,0.15113534682076685,0.6081697568297386,0.00016567926949014806,0.8203125,0.7474747474747475,0.7789473684210526,0.84472049689441,0.7628865979381443,0.8118339326577313,74,136,25,21
141,0.15368133063463282,0.5804681070148945,0.0001641162469977772,0.86328125,0.8260869565217391,0.8,0.9006211180124224,0.8128342245989306,0.8503105590062112,76,145,16,19
142,0.15141507722511444,0.5382329672574997,0.00016255167649984736,0.86328125,0.8260869565217391,0.8,0.9006211180124224,0.8128342245989306,0.8503105590062112,76,145,16,19
143,0.1525212379679765,0.5901270732283592,0.00016098572956914478,0.84765625,0.7916666666666666,0.8,0.8757763975155279,0.7958115183246073,0.837888198757764,76,141,20,19
144,0.15222996923605916,0.5498416051268578,0.00015941857792939706,0.859375,0.8172043010752689,0.8,0.8944099378881988,0.8085106382978724,0.8472049689440995,76,144,17,19
145,0.14965994303553526,0.5233939290046692,0.00015785039343644162,0.875,0.8539325842696629,0.8,0.9192546583850931,0.8260869565217391,0.8596273291925466,76,148,13,19
146,0.15099770814239624,0.5525502152740955,0.00015628134805937999,0.87890625,0.872093023255814,0.7894736842105263,0.9316770186335404,0.8287292817679558,0.8605753514220333,75,150,11,20
147,0.15156976502410935,0.5816745012998581,0.00015471161386171922,0.84375,0.7835051546391752,0.8,0.8695652173913043,0.7916666666666666,0.8347826086956522,76,140,21,19
148,0.1505890024999975,0.5716448947787285,0.00015314136298250354,0.84375,0.7835051546391752,0.8,0.8695652173913043,0.7916666666666666,0.8347826086956522,76,140,21,19
149,0.15057886055639202,0.5787099525332451,0.00015157076761743686,0.84765625,0.7916666666666666,0.8,0.8757763975155279,0.7958115183246073,0.837888198757764,76,141,20,19
150,0.15085989438278774,0.5606941878795624,0.00015,0.86328125,0.8260869565217391,0.8,0.9006211180124224,0.8128342245989306,0.8503105590062112,76,145,16,19
151,0.1517224478911216,0.5481064021587372,0.00014842923238256314,0.8671875,0.8426966292134831,0.7894736842105263,0.9130434782608695,0.8152173913043478,0.8512585812356979,75,147,14,20
152,0.15047997215514627,0.5331510212272406,0.0001468586370174965,0.87109375,0.8522727272727273,0.7894736842105263,0.9192546583850931,0.819672131147541,0.8543641712978097,75,148,13,20
153,0.15066414224224584,0.5468320548534393,0.00014528838613828076,0.875,0.8539325842696629,0.8,0.9192546583850931,0.8260869565217391,0.8596273291925466,76,148,13,19
154,0.15010352651949668,0.5434393174946308,0.00014371865194062004,0.87109375,0.8444444444444444,0.8,0.9130434782608695,0.8216216216216217,0.8565217391304347,76,147,14,19
155,0.15018489705046886,0.5546770393848419,0.0001421496065635584,0.87109375,0.8444444444444444,0.8,0.9130434782608695,0.8216216216216217,0.8565217391304347,76,147,14,19
156,0.1511364662742046,0.5482851266860962,0.00014058142207060302,0.875,0.8539325842696629,0.8,0.9192546583850931,0.8260869565217391,0.8596273291925466,76,148,13,19
157,0.15091872656677163,0.5653151944279671,0.00013901427043085527,0.8671875,0.8426966292134831,0.7894736842105263,0.9130434782608695,0.8152173913043478,0.8512585812356979,75,147,14,20
158,0.15029993715509032,0.570304449647665,0.00013744832350015267,0.84765625,0.7916666666666666,0.8,0.8757763975155279,0.7958115183246073,0.837888198757764,76,141,20,19
159,0.150357256767527,0.5666822269558907,0.00013588375300222283,0.85546875,0.8085106382978723,0.8,0.8881987577639752,0.8042328042328043,0.8440993788819876,76,143,18,19
160,0.15173879997512218,0.5683751385658979,0.000134320730509852,0.8671875,0.8351648351648352,0.8,0.906832298136646,0.8172043010752689,0.853416149068323,76,146,15,19
161,0.1499041125741204,0.5595223791897297,0.00013275942742607002,0.8671875,0.8426966292134831,0.7894736842105263,0.9130434782608695,0.8152173913043478,0.8512585812356979,75,147,14,20
162,0.14974256822650522,0.553922925144434,0.00013120001496535436,0.8671875,0.8426966292134831,0.7894736842105263,0.9130434782608695,0.8152173913043478,0.8512585812356979,75,147,14,20
163,0.15151735233739166,0.5522422641515732,0.00012964266413485433,0.8671875,0.8426966292134831,0.7894736842105263,0.9130434782608695,0.8152173913043478,0.8512585812356979,75,147,14,20
164,0.15023244238989963,0.549966610968113,0.0001280875457156383,0.875,0.8539325842696629,0.8,0.9192546583850931,0.8260869565217391,0.8596273291925466,76,148,13,19
165,0.1508904691067178,0.5493509583175182,0.0001265348302439654,0.875,0.8539325842696629,0.8,0.9192546583850931,0.8260869565217391,0.8596273291925466,76,148,13,19
166,0.1520217629242133,0.5395195633172989,0.00012498468799258464,0.87890625,0.8636363636363636,0.8,0.9254658385093167,0.8306010928961749,0.8627329192546584,76,149,12,19
167,0.15095458370790804,0.5359168350696564,0.00012343728895206253,0.87890625,0.8636363636363636,0.8,0.9254658385093167,0.8306010928961749,0.8627329192546584,76,149,12,19
168,0.1499892629342335,0.541003730148077,0.00012189280281214133,0.875,0.8539325842696629,0.8,0.9192546583850931,0.8260869565217391,0.8596273291925466,76,148,13,19
169,0.15012561747615427,0.5415199678391218,0.00012035139894313108,0.86328125,0.8260869565217391,0.8,0.9006211180124224,0.8128342245989306,0.8503105590062112,76,145,16,19
170,0.14999507426860081,0.5755332559347153,0.0001188132463773361,0.84375,0.7894736842105263,0.7894736842105263,0.8757763975155279,0.7894736842105263,0.8326250408630271,75,141,20,20
171,0.1502829946829358,0.6052002124488354,0.00011727851379051863,0.828125,0.7524752475247525,0.8,0.84472049689441,0.7755102040816327,0.822360248447205,76,136,25,19
172,0.14940944888719745,0.5518880449235439,0.00011574736948340168,0.85546875,0.8085106382978723,0.8,0.8881987577639752,0.8042328042328043,0.8440993788819876,76,143,18,19
173,0.14971244317399815,0.5469079539179802,0.00011421998136321291,0.86328125,0.8260869565217391,0.8,0.9006211180124224,0.8128342245989306,0.8503105590062112,76,145,16,19
174,0.15091910359873686,0.5450356192886829,0.00011269651692527183,0.8671875,0.8351648351648352,0.8,0.906832298136646,0.8172043010752689,0.853416149068323,76,146,15,19
175,0.14985921706404412,0.5699715465307236,0.00011117714323462193,0.83203125,0.76,0.8,0.8509316770186336,0.7794871794871796,0.8254658385093168,76,137,24,19
176,0.15092160598658189,0.5879680663347244,0.00010966202690771021,0.828125,0.7524752475247525,0.8,0.84472049689441,0.7755102040816327,0.822360248447205,76,136,25,19
177,0.1515075274359872,0.6006219163537025,0.00010815133409411562,0.82421875,0.75,0.7894736842105263,0.84472049689441,0.7692307692307692,0.8170970905524682,75,136,25,20
178,0.1504219427082695,0.5777432806789875,0.00010664523045832925,0.83984375,0.78125,0.7894736842105263,0.8695652173913043,0.7853403141361256,0.8295194508009154,75,140,21,20
179,0.15028995512494037,0.5729788355529308,0.00010514388116158703,0.8359375,0.7676767676767676,0.8,0.8571428571428571,0.7835051546391752,0.8285714285714285,76,138,23,19
180,0.15089763668375034,0.5748403072357178,0.00010364745084375792,0.8359375,0.7623762376237624,0.8105263157894737,0.8509316770186336,0.7857142857142857,0.8307289964040536,77,137,24,18
181,0.14958957474582474,0.5525359734892845,0.00010215610360528952,0.8515625,0.7938144329896907,0.8105263157894737,0.8757763975155279,0.8020833333333334,0.8431513566525008,77,141,20,18
182,0.15158183428331112,0.5647358540445566,0.00010067000298921253,0.84375,0.7619047619047619,0.8421052631578947,0.84472049689441,0.8,0.8434128800261523,80,136,25,15
183,0.1494724615430737,0.520994683727622,9.91893119632063e-05,0.859375,0.8172043010752689,0.8,0.8944099378881988,0.8085106382978724,0.8472049689440995,76,144,17,19
184,0.15191354292998493,0.5412506870925426,9.771419290172775e-05,0.8671875,0.8351648351648352,0.8,0.906832298136646,0.8172043010752689,0.853416149068323,76,146,15,19
185,0.15181389845033763,0.5374934878200293,9.6244807568205e-05,0.87109375,0.8444444444444444,0.8,0.9130434782608695,0.8216216216216217,0.8565217391304347,76,147,14,19
186,0.15045579328807163,0.5486833415925503,9.478131709729836e-05,0.859375,0.8241758241758241,0.7894736842105263,0.9006211180124224,0.8064516129032259,0.8450474011114744,75,145,16,20
187,0.15105937812366257,0.5782611072063446,9.332388197722992e-05,0.84375,0.7835051546391752,0.8,0.8695652173913043,0.7916666666666666,0.8347826086956522,76,140,21,19
188,0.14988923614944663,0.5616294909268618,9.187266203218457e-05,0.84375,0.7835051546391752,0.8,0.8695652173913043,0.7916666666666666,0.8347826086956522,76,140,21,19
189,0.14978779529482422,0.5541638415306807,9.04278164047829e-05,0.8515625,0.8,0.8,0.8819875776397516,0.8000000000000002,0.8409937888198757,76,142,19,19
190,0.1492484000402227,0.5543344058096409,8.898950353862997e-05,0.85546875,0.8085106382978723,0.8,0.8881987577639752,0.8042328042328043,0.8440993788819876,76,143,18,19
191,0.14941199633402094,0.5664039421826601,8.755788116093986e-05,0.84375,0.7835051546391752,0.8,0.8695652173913043,0.7916666666666666,0.8347826086956522,76,140,21,19
192,0.15011117282966022,0.5518639571964741,8.61331062652391e-05,0.85546875,0.8085106382978723,0.8,0.8881987577639752,0.8042328042328043,0.8440993788819876,76,143,18,19
193,0.1496874434988257,0.5451249312609434,8.471533509415089e-05,0.86328125,0.8260869565217391,0.8,0.9006211180124224,0.8128342245989306,0.8503105590062112,76,145,16,19
194,0.14974672799081973,0.5357395820319653,8.330472312226091e-05,0.85546875,0.8085106382978723,0.8,0.8881987577639752,0.8042328042328043,0.8440993788819876,76,143,18,19
195,0.15029846235487618,0.5435679983347654,8.190142503906799e-05,0.85546875,0.8085106382978723,0.8,0.8881987577639752,0.8042328042328043,0.8440993788819876,76,143,18,19
196,0.15023975622345864,0.5397679172456264,8.050559473202078e-05,0.85546875,0.8085106382978723,0.8,0.8881987577639752,0.8042328042328043,0.8440993788819876,76,143,18,19
197,0.14958374554783876,0.5423778593540192,7.911738526964192e-05,0.85546875,0.8085106382978723,0.8,0.8881987577639752,0.8042328042328043,0.8440993788819876,76,143,18,19
198,0.14980512970010518,0.5417833235114813,7.773694888474269e-05,0.85546875,0.8085106382978723,0.8,0.8881987577639752,0.8042328042328043,0.8440993788819876,76,143,18,19
199,0.1495518243573532,0.5404831282794476,7.636443695772887e-05,0.85546875,0.8085106382978723,0.8,0.8881987577639752,0.8042328042328043,0.8440993788819876,76,143,18,19
200,0.15127303796425964,0.5742040015757084,7.499999999999997e-05,0.84765625,0.8043478260869565,0.7789473684210526,0.8881987577639752,0.7914438502673796,0.8335730630925139,74,143,18,21
201,0.15009745392600302,0.6198570169508457,7.36437876374443e-05,0.828125,0.7684210526315789,0.7684210526315789,0.8633540372670807,0.7684210526315788,0.8158875449493298,73,139,22,22
202,0.15076070034480238,0.5501534063369036,7.22959485940305e-05,0.85546875,0.8085106382978723,0.8,0.8881987577639752,0.8042328042328043,0.8440993788819876,76,143,18,19
203,0.15199898337393583,0.5298857316374779,7.095663067549837e-05,0.87109375,0.8297872340425532,0.8210526315789474,0.9006211180124224,0.8253968253968254,0.8608368747956849,78,145,16,17
204,0.15004717954110436,0.5514108166098595,6.962598075315055e-05,0.8515625,0.7821782178217822,0.8315789473684211,0.8633540372670807,0.8061224489795918,0.8474664923177508,79,139,22,16
205,0.1504112202711181,0.547240499407053,6.8304144747746e-05,0.859375,0.797979797979798,0.8315789473684211,0.8757763975155279,0.8144329896907218,0.8536776724419746,79,141,20,16
206,0.15017429083052497,0.5624874755740166,6.699126761349841e-05,0.859375,0.8470588235294118,0.7578947368421053,0.9192546583850931,0.8,0.8385746976135993,72,148,13,23
207,0.15212072977133348,0.5958717539906502,6.568749332218045e-05,0.85546875,0.8625,0.7263157894736842,0.9316770186335404,0.7885714285714286,0.8289964040536123,69,150,11,26
208,0.14953929061444096,0.593730989843607,6.439296484733526e-05,0.8515625,0.8275862068965517,0.7578947368421053,0.906832298136646,0.7912087912087912,0.8323635174893756,72,146,15,23
209,0.14994619931899766,0.5722001194953918,6.310782414859815e-05,0.8515625,0.8064516129032258,0.7894736842105263,0.8881987577639752,0.7978723404255319,0.8388362209872507,75,143,18,20
210,0.15001241850924066,0.5837462320923805,6.183221215612904e-05,0.83984375,0.78125,0.7894736842105263,0.8695652173913043,0.7853403141361256,0.8295194508009154,75,140,21,20
211,0.1500562767148255,0.574182465672493,6.0566268755157596e-05,0.83984375,0.7755102040816326,0.8,0.8633540372670807,0.7875647668393783,0.8316770186335404,76,139,22,19
212,0.1504193511800785,0.566804263740778,5.931013277064376e-05,0.8515625,0.8,0.8,0.8819875776397516,0.8000000000000002,0.8409937888198757,76,142,19,19
213,0.15134795931414155,0.5683563277125359,5.8063941952053544e-05,0.84375,0.7835051546391752,0.8,0.8695652173913043,0.7916666666666666,0.8347826086956522,76,140,21,19
214,0.1501216943233198,0.5519093833863735,5.6827832958253434e-05,0.859375,0.8172043010752689,0.8,0.8944099378881988,0.8085106382978724,0.8472049689440995,76,144,17,19
215,0.15025664898557645,0.5548913422971964,5.560194134252439e-05,0.859375,0.8172043010752689,0.8,0.8944099378881988,0.8085106382978724,0.8472049689440995,76,144,17,19
216,0.1508759266695019,0.541680347174406,5.4386401537696516e-05,0.87890625,0.872093023255814,0.7894736842105263,0.9316770186335404,0.8287292817679558,0.8605753514220333,75,150,11,20
217,0.14973195024560507,0.5417393650859594,5.318134684140742e-05,0.875,0.8539325842696629,0.8,0.9192546583850931,0.8260869565217391,0.8596273291925466,76,148,13,19
218,0.14956924639212682,0.55087567307055,5.1986909401484205e-05,0.875,0.8539325842696629,0.8,0.9192546583850931,0.8260869565217391,0.8596273291925466,76,148,13,19
219,0.1496022665358443,0.5409666746854782,5.080322020145217e-05,0.875,0.8539325842696629,0.8,0.9192546583850931,0.8260869565217391,0.8596273291925466,76,148,13,19
220,0.14937108467753318,0.5463584121316671,4.963040904617125e-05,0.87890625,0.8636363636363636,0.8,0.9254658385093167,0.8306010928961749,0.8627329192546584,76,149,12,19
221,0.14917697782663417,0.5456657968461514,4.846860454760089e-05,0.87890625,0.8636363636363636,0.8,0.9254658385093167,0.8306010928961749,0.8627329192546584,76,149,12,19
222,0.149547298255545,0.5503915380686522,4.731793411069667e-05,0.875,0.8620689655172413,0.7894736842105263,0.9254658385093167,0.8241758241758242,0.8574697613599216,75,149,12,20
223,0.1492936796921622,0.5392698924988508,4.617852391943898e-05,0.87109375,0.8444444444444444,0.8,0.9130434782608695,0.8216216216216217,0.8565217391304347,76,147,14,19
224,0.14982509227917634,0.5494367126375437,4.505049892299517e-05,0.87890625,0.8636363636363636,0.8,0.9254658385093167,0.8306010928961749,0.8627329192546584,76,149,12,19
225,0.14935042494334,0.5508173629641533,4.393398282201787e-05,0.875,0.8620689655172413,0.7894736842105263,0.9254658385093167,0.8241758241758242,0.8574697613599216,75,149,12,20
226,0.1500190783803079,0.5382849685847759,4.282909805507952e-05,0.87109375,0.8444444444444444,0.8,0.9130434782608695,0.8216216216216217,0.8565217391304347,76,147,14,19
227,0.15083397498306175,0.5411470700055361,4.173596578524566e-05,0.87890625,0.8636363636363636,0.8,0.9254658385093167,0.8306010928961749,0.8627329192546584,76,149,12,19
228,0.14972173403319022,0.5376615077257156,4.0654705886788285e-05,0.87109375,0.8444444444444444,0.8,0.9130434782608695,0.8216216216216217,0.8565217391304347,76,147,14,19
229,0.1498907933948528,0.5361225977540016,3.958543693203989e-05,0.85546875,0.8085106382978723,0.8,0.8881987577639752,0.8042328042328043,0.8440993788819876,76,143,18,19
230,0.14972027816307948,0.5400109346956015,3.8528276178390834e-05,0.85546875,0.8085106382978723,0.8,0.8881987577639752,0.8042328042328043,0.8440993788819876,76,143,18,19
231,0.15145379367097472,0.5429608281701803,3.748333955543107e-05,0.859375,0.8172043010752689,0.8,0.8944099378881988,0.8085106382978724,0.8472049689440995,76,144,17,19
232,0.14962415376430002,0.5394694954156876,3.6450741652236544e-05,0.85546875,0.8085106382978723,0.8,0.8881987577639752,0.8042328042328043,0.8440993788819876,76,143,18,19
233,0.14983125792345992,0.5335928983986378,3.5430595704803666e-05,0.859375,0.8172043010752689,0.8,0.8944099378881988,0.8085106382978724,0.8472049689440995,76,144,17,19
234,0.15023054943881026,0.5385241806507111,3.4423013583631614e-05,0.85546875,0.8085106382978723,0.8,0.8881987577639752,0.8042328042328043,0.8440993788819876,76,143,18,19
235,0.1522421784121284,0.5429226495325565,3.342810578145435e-05,0.85546875,0.8085106382978723,0.8,0.8881987577639752,0.8042328042328043,0.8440993788819876,76,143,18,19
236,0.14942727900049085,0.5459081921726465,3.244598140112403e-05,0.85546875,0.8085106382978723,0.8,0.8881987577639752,0.8042328042328043,0.8440993788819876,76,143,18,19
237,0.14965153875099735,0.5394141748547554,3.1476748143646455e-05,0.85546875,0.8085106382978723,0.8,0.8881987577639752,0.8042328042328043,0.8440993788819876,76,143,18,19
238,0.14991446778504086,0.5388435311615467,3.052051229637056e-05,0.859375,0.8172043010752689,0.8,0.8944099378881988,0.8085106382978724,0.8472049689440995,76,144,17,19
239,0.1492384668609968,0.5425794459879398,2.957737872133283e-05,0.85546875,0.8085106382978723,0.8,0.8881987577639752,0.8042328042328043,0.8440993788819876,76,143,18,19
240,0.15028107930604317,0.5456111691892147,2.864745084375788e-05,0.8515625,0.8064516129032258,0.7894736842105263,0.8881987577639752,0.7978723404255319,0.8388362209872507,75,143,18,20
241,0.15042035995610428,0.5504629947245121,2.7730830640716834e-05,0.85546875,0.8152173913043478,0.7894736842105263,0.8944099378881988,0.802139037433155,0.8419418110493626,75,144,17,20
242,0.1505967652643651,0.5427176337689161,2.6827618629944376e-05,0.859375,0.8172043010752689,0.8,0.8944099378881988,0.8085106382978724,0.8472049689440995,76,144,17,19
243,0.15159203683879693,0.5404128059744835,2.593791385881569e-05,0.85546875,0.8085106382978723,0.8,0.8881987577639752,0.8042328042328043,0.8440993788819876,76,143,18,19
244,0.150189789193525,0.5359689705073833,2.5061813893485068e-05,0.85546875,0.8085106382978723,0.8,0.8881987577639752,0.8042328042328043,0.8440993788819876,76,143,18,19
245,0.151696482188185,0.5365993343293667,2.4199414808186392e-05,0.859375,0.8172043010752689,0.8,0.8944099378881988,0.8085106382978724,0.8472049689440995,76,144,17,19
246,0.14934701379203416,0.5339300967752934,2.3350811174697723e-05,0.86328125,0.8260869565217391,0.8,0.9006211180124224,0.8128342245989306,0.8503105590062112,76,145,16,19
247,0.1496652105515804,0.5337389577180147,2.251609605197042e-05,0.86328125,0.8260869565217391,0.8,0.9006211180124224,0.8128342245989306,0.8503105590062112,76,145,16,19
248,0.1498443648130235,0.5374824777245522,2.1695360975923995e-05,0.859375,0.8172043010752689,0.8,0.8944099378881988,0.8085106382978724,0.8472049689440995,76,144,17,19
249,0.14981776979524147,0.541616179049015,2.0888695949408455e-05,0.85546875,0.8085106382978723,0.8,0.8881987577639752,0.8042328042328043,0.8440993788819876,76,143,18,19
250,0.14973799469575255,0.5398422963917255,2.009618943233421e-05,0.859375,0.8172043010752689,0.8,0.8944099378881988,0.8085106382978724,0.8472049689440995,76,144,17,19
251,0.15003160815352712,0.5422332864254713,1.9317928331971548e-05,0.859375,0.8172043010752689,0.8,0.8944099378881988,0.8085106382978724,0.8472049689440995,76,144,17,19
252,0.15020247787296417,0.5428015068173409,1.8553997993420448e-05,0.859375,0.8172043010752689,0.8,0.8944099378881988,0.8085106382978724,0.8472049689440995,76,144,17,19
253,0.14975819044985306,0.5490118525922298,1.7804482190251162e-05,0.85546875,0.8085106382978723,0.8,0.8881987577639752,0.8042328042328043,0.8440993788819876,76,143,18,19
254,0.14950018368705842,0.5447769016027451,1.7069463115317778e-05,0.85546875,0.8085106382978723,0.8,0.8881987577639752,0.8042328042328043,0.8440993788819876,76,143,18,19
255,0.14973913302004455,0.5430039875209332,1.634902137174482e-05,0.85546875,0.8085106382978723,0.8,0.8881987577639752,0.8042328042328043,0.8440993788819876,76,143,18,19
256,0.14929084337610848,0.54600665345788,1.5643235964088085e-05,0.85546875,0.8085106382978723,0.8,0.8881987577639752,0.8042328042328043,0.8440993788819876,76,143,18,19
257,0.14999870858182965,0.5397588219493628,1.495218428967096e-05,0.86328125,0.8260869565217391,0.8,0.9006211180124224,0.8128342245989306,0.8503105590062112,76,145,16,19
258,0.14946431362960733,0.5459353905171156,1.4275942130097086e-05,0.85546875,0.8085106382978723,0.8,0.8881987577639752,0.8042328042328043,0.8440993788819876,76,143,18,19
259,0.14966167518443188,0.54366360232234,1.361458364293971e-05,0.859375,0.8172043010752689,0.8,0.8944099378881988,0.8085106382978724,0.8472049689440995,76,144,17,19
260,0.14970501700405098,0.5416734926402569,1.2968181353609876e-05,0.85546875,0.8085106382978723,0.8,0.8881987577639752,0.8042328042328043,0.8440993788819876,76,143,18,19
261,0.14958258805644678,0.5391624309122562,1.2336806147402852e-05,0.859375,0.8172043010752689,0.8,0.8944099378881988,0.8085106382978724,0.8472049689440995,76,144,17,19
262,0.14937969627484649,0.5412149988114834,1.1720527261724896e-05,0.859375,0.8172043010752689,0.8,0.8944099378881988,0.8085106382978724,0.8472049689440995,76,144,17,19
263,0.15002440825608332,0.5443725548684597,1.111941227850078e-05,0.859375,0.8172043010752689,0.8,0.8944099378881988,0.8085106382978724,0.8472049689440995,76,144,17,19
264,0.15049576365331532,0.5463650114834309,1.053352711676229e-05,0.859375,0.8172043010752689,0.8,0.8944099378881988,0.8085106382978724,0.8472049689440995,76,144,17,19
265,0.14986320494657482,0.5488655418157578,9.96293602541973e-06,0.85546875,0.8085106382978723,0.8,0.8881987577639752,0.8042328042328043,0.8440993788819876,76,143,18,19
266,0.1502791365560433,0.548433244228363,9.407701576216274e-06,0.85546875,0.8085106382978723,0.8,0.8881987577639752,0.8042328042328043,0.8440993788819876,76,143,18,19
267,0.15084534095485452,0.5488605704158545,8.867884656866175e-06,0.85546875,0.8085106382978723,0.8,0.8881987577639752,0.8042328042328043,0.8440993788819876,76,143,18,19
268,0.14948808610676298,0.5393567755818367,8.343544464377844e-06,0.85546875,0.8085106382978723,0.8,0.8881987577639752,0.8042328042328043,0.8440993788819876,76,143,18,19
269,0.14955937749822856,0.5411069542169571,7.83473849856216e-06,0.859375,0.8172043010752689,0.8,0.8944099378881988,0.8085106382978724,0.8472049689440995,76,144,17,19
270,0.1497697868415897,0.5458600074052811,7.341522555726964e-06,0.85546875,0.8152173913043478,0.7894736842105263,0.8944099378881988,0.802139037433155,0.8419418110493626,75,144,17,20
271,0.1499975445434066,0.5462526418268681,6.8639507225584704e-06,0.85546875,0.8085106382978723,0.8,0.8881987577639752,0.8042328042328043,0.8440993788819876,76,143,18,19
272,0.15061151865817918,0.543441915884614,6.4020753701899085e-06,0.859375,0.8172043010752689,0.8,0.8944099378881988,0.8085106382978724,0.8472049689440995,76,144,17,19
273,0.14974893401441708,0.5449916161596775,5.955947148458536e-06,0.85546875,0.8085106382978723,0.8,0.8881987577639752,0.8042328042328043,0.8440993788819876,76,143,18,19
274,0.15019004645333375,0.5451768524944782,5.5256149803512804e-06,0.86328125,0.8333333333333334,0.7894736842105263,0.906832298136646,0.8108108108108109,0.8481529911735861,75,146,15,20
275,0.14965452464152995,0.546894732862711,5.111126056639749e-06,0.85546875,0.8085106382978723,0.8,0.8881987577639752,0.8042328042328043,0.8440993788819876,76,143,18,19
276,0.14957635916369572,0.5435822494328022,4.7125258307053354e-06,0.859375,0.8172043010752689,0.8,0.8944099378881988,0.8085106382978724,0.8472049689440995,76,144,17,19
277,0.14934635340100966,0.5431525968015194,4.3298580135546015e-06,0.859375,0.8172043010752689,0.8,0.8944099378881988,0.8085106382978724,0.8472049689440995,76,144,17,19
278,0.1496456706263199,0.5445177275687456,3.963164569025953e-06,0.85546875,0.8085106382978723,0.8,0.8881987577639752,0.8042328042328043,0.8440993788819876,76,143,18,19
279,0.15062697821298604,0.5400062017142773,3.6124857091878985e-06,0.859375,0.8172043010752689,0.8,0.8944099378881988,0.8085106382978724,0.8472049689440995,76,144,17,19
280,0.14992283423899655,0.5415883511304855,3.2778598899291605e-06,0.85546875,0.8085106382978723,0.8,0.8881987577639752,0.8042328042328043,0.8440993788819876,76,143,18,19
281,0.15001414973977545,0.54585250467062,2.9593238067417344e-06,0.85546875,0.8085106382978723,0.8,0.8881987577639752,0.8042328042328043,0.8440993788819876,76,143,18,19
282,0.15120230751412053,0.5380810722708702,2.656912390696706e-06,0.86328125,0.8260869565217391,0.8,0.9006211180124224,0.8128342245989306,0.8503105590062112,76,145,16,19
283,0.14951129782033962,0.5421974901109934,2.3706588046137153e-06,0.85546875,0.8085106382978723,0.8,0.8881987577639752,0.8042328042328043,0.8440993788819876,76,143,18,19
284,0.14978334580216682,0.5437302328646183,2.1005944394242505e-06,0.85546875,0.8085106382978723,0.8,0.8881987577639752,0.8042328042328043,0.8440993788819876,76,143,18,19
285,0.1501588151007002,0.5421290583908558,1.8467489107293492e-06,0.859375,0.8172043010752689,0.8,0.8944099378881988,0.8085106382978724,0.8472049689440995,76,144,17,19
286,0.14985693182433338,0.5432636272162199,1.6091500555517483e-06,0.859375,0.8172043010752689,0.8,0.8944099378881988,0.8085106382978724,0.8472049689440995,76,144,17,19
287,0.15067138565819022,0.5432572327554226,1.387823929283459e-06,0.85546875,0.8085106382978723,0.8,0.8881987577639752,0.8042328042328043,0.8440993788819876,76,143,18,19
288,0.15053602650198739,0.5445861145853996,1.182794802828334e-06,0.85546875,0.8085106382978723,0.8,0.8881987577639752,0.8042328042328043,0.8440993788819876,76,143,18,19
289,0.15016572956536448,0.5403881408274174,9.94085159940532e-07,0.85546875,0.8085106382978723,0.8,0.8881987577639752,0.8042328042328043,0.8440993788819876,76,143,18,19
290,0.1509816581401863,0.5391327161341906,8.217156947590057e-07,0.859375,0.8172043010752689,0.8,0.8944099378881988,0.8085106382978724,0.8472049689440995,76,144,17,19
291,0.14947283416097729,0.5416969228535891,6.657053095379999e-07,0.85546875,0.8085106382978723,0.8,0.8881987577639752,0.8042328042328043,0.8440993788819876,76,143,18,19
292,0.14927979791259197,0.5460616089403629,5.260711125743439e-07,0.85546875,0.8085106382978723,0.8,0.8881987577639752,0.8042328042328043,0.8440993788819876,76,143,18,19
293,0.14986527537849267,0.5454874858260155,4.028284163312852e-07,0.85546875,0.8085106382978723,0.8,0.8881987577639752,0.8042328042328043,0.8440993788819876,76,143,18,19
294,0.14997198964445066,0.5470714345574379,2.9599073575926584e-07,0.85546875,0.8085106382978723,0.8,0.8881987577639752,0.8042328042328043,0.8440993788819876,76,143,18,19
295,0.14931201757067003,0.543745931237936,2.0556978681392478e-07,0.85546875,0.8085106382978723,0.8,0.8881987577639752,0.8042328042328043,0.8440993788819876,76,143,18,19
296,0.1498463086887572,0.5453723296523094,1.3157548517124237e-07,0.85546875,0.8085106382978723,0.8,0.8881987577639752,0.8042328042328043,0.8440993788819876,76,143,18,19
297,0.14949515672256175,0.545847374945879,7.401594514025991e-08,0.85546875,0.8085106382978723,0.8,0.8881987577639752,0.8042328042328043,0.8440993788819876,76,143,18,19
298,0.14962001918087423,0.5448859557509422,3.289747877317502e-08,0.859375,0.8172043010752689,0.8,0.8944099378881988,0.8085106382978724,0.8472049689440995,76,144,17,19
299,0.14961465396298093,0.540774155408144,8.22459517317852e-09,0.859375,0.8172043010752689,0.8,0.8944099378881988,0.8085106382978724,0.8472049689440995,76,144,17,19
300,0.14934097855512948,0.5421410836279392,0.0,0.85546875,0.8085106382978723,0.8,0.8881987577639752,0.8042328042328043,0.8440993788819876,76,143,18,19
