segment_id,video_path,label,class_name,subject,source_kind,start_seconds,end_seconds,duration_seconds,description,source_classes
Subject 1/ADL/01.mp4#t0.000-1.000-sitting-1,Subject 1/ADL/01.mp4,2,sitting,1,adl,0.000000,1.000000,1.000000, Sitting on the bed to sleeping right side on the bed. Face towards camera, Sitting[0 to 1]; Sleeping[2 to 8]
Subject 1/ADL/01.mp4#t2.000-8.000-lying_sleeping-2,Subject 1/ADL/01.mp4,3,lying_sleeping,1,adl,2.000000,8.000000,6.000000, Sitting on the bed to sleeping right side on the bed. Face towards camera, Sitting[0 to 1]; Sleeping[2 to 8]
Subject 1/ADL/02.mp4#t0.000-0.500-sitting-1,Subject 1/ADL/02.mp4,2,sitting,1,adl,0.000000,0.500000,0.500000, Sitting on the bed to sleeping left side on the bed. Face towards the camera, Sitting[0 to 0.5]; Sleeping[1.5 to 6]
Subject 1/ADL/02.mp4#t1.500-6.000-lying_sleeping-2,Subject 1/ADL/02.mp4,3,lying_sleeping,1,adl,1.500000,6.000000,4.500000, Sitting on the bed to sleeping left side on the bed. Face towards the camera, Sitting[0 to 0.5]; Sleeping[1.5 to 6]
Subject 1/ADL/03.mp4#t0.000-0.500-sitting-1,Subject 1/ADL/03.mp4,2,sitting,1,adl,0.000000,0.500000,0.500000, Sitting on the bed to sleeping left side on the bed. Face towards the ceiling, Sitting[0 to 0.5]; Sleeping[1 to 6]
Subject 1/ADL/03.mp4#t1.000-6.000-lying_sleeping-2,Subject 1/ADL/03.mp4,3,lying_sleeping,1,adl,1.000000,6.000000,5.000000, Sitting on the bed to sleeping left side on the bed. Face towards the ceiling, Sitting[0 to 0.5]; Sleeping[1 to 6]
Subject 1/ADL/04.mp4#t2.500-5.000-sitting-1,Subject 1/ADL/04.mp4,2,sitting,1,adl,2.500000,5.000000,2.500000, From sleeping left side on the bed (Face towards the ceiling) to sitting on the bed, Sitting[2.5 to 5]; Sleeping[0 to 1.5]
Subject 1/ADL/04.mp4#t0.000-1.500-lying_sleeping-2,Subject 1/ADL/04.mp4,3,lying_sleeping,1,adl,0.000000,1.500000,1.500000, From sleeping left side on the bed (Face towards the ceiling) to sitting on the bed, Sitting[2.5 to 5]; Sleeping[0 to 1.5]
Subject 1/ADL/05.mp4#t3.000-10.000-sitting-1,Subject 1/ADL/05.mp4,2,sitting,1,adl,3.000000,10.000000,7.000000, Coming to the bed and reading book in the sitting position. Front view of the subject. One leg folded, Reading[6 to 10]; Sitting[3 to 10]; Walking[1 to 3]
Subject 1/ADL/05.mp4#t1.000-3.000-walking-2,Subject 1/ADL/05.mp4,0,walking,1,adl,1.000000,3.000000,2.000000, Coming to the bed and reading book in the sitting position. Front view of the subject. One leg folded, Reading[6 to 10]; Sitting[3 to 10]; Walking[1 to 3]
Subject 1/ADL/06.mp4#t0.000-2.000-sitting-1,Subject 1/ADL/06.mp4,2,sitting,1,adl,0.000000,2.000000,2.000000, Sitting on the bed (front view) to reading the book while supporting towards the wall. Side view, Reading[3 to 12]; Sitting[0 to 2]
Subject 1/ADL/07.mp4#t0.000-7.000-sitting-1,Subject 1/ADL/07.mp4,2,sitting,1,adl,0.000000,7.000000,7.000000, Reading book while sitting on the chair; Front view;Leg straight, Reading[0 to 5.5]; Sitting[0 to 7]
Subject 1/ADL/08.mp4#t0.000-6.000-walking-1,Subject 1/ADL/08.mp4,0,walking,1,adl,0.000000,6.000000,6.000000, Walking in the room, Walking[0 to 6]
Subject 1/ADL/09.mp4#t0.000-4.000-walking-1,Subject 1/ADL/09.mp4,0,walking,1,adl,0.000000,4.000000,4.000000, Reading book while walking in the room, Reading[0 to 4]; Walking[0 to 4]
Subject 1/ADL/10.mp4#t0.000-3.000-walking-1,Subject 1/ADL/10.mp4,0,walking,1,adl,0.000000,3.000000,3.000000, Reading book while walking in the room, Reading[0 to 2.5]; Walking[0 to 3]
Subject 1/ADL/11.mp4#t3.000-9.000-sitting-1,Subject 1/ADL/11.mp4,2,sitting,1,adl,3.000000,9.000000,6.000000, Walking to sitting on the chair and then reading book, Reading[5 to 9]; Sitting[3 to 9]; Walking[0 to 2]
Subject 1/ADL/11.mp4#t0.000-2.000-walking-2,Subject 1/ADL/11.mp4,0,walking,1,adl,0.000000,2.000000,2.000000, Walking to sitting on the chair and then reading book, Reading[5 to 9]; Sitting[3 to 9]; Walking[0 to 2]
Subject 1/ADL/12.mp4#t0.000-3.300-sitting-1,Subject 1/ADL/12.mp4,2,sitting,1,adl,0.000000,3.300000,3.300000, Reading book while sitting on the chair to stand up and keeping the book on the chair and going out of the room, Reading[0 to 2.5]; Sitting[0 to 3.3]; Standing[3.3 to 5];Walking[5 to 7]; 
Subject 1/ADL/12.mp4#t3.300-5.000-standing-2,Subject 1/ADL/12.mp4,1,standing,1,adl,3.300000,5.000000,1.700000, Reading book while sitting on the chair to stand up and keeping the book on the chair and going out of the room, Reading[0 to 2.5]; Sitting[0 to 3.3]; Standing[3.3 to 5];Walking[5 to 7]; 
Subject 1/ADL/12.mp4#t5.000-7.000-walking-3,Subject 1/ADL/12.mp4,0,walking,1,adl,5.000000,7.000000,2.000000, Reading book while sitting on the chair to stand up and keeping the book on the chair and going out of the room, Reading[0 to 2.5]; Sitting[0 to 3.3]; Standing[3.3 to 5];Walking[5 to 7]; 
Subject 1/ADL/13.mp4#t3.000-6.000-sitting-1,Subject 1/ADL/13.mp4,2,sitting,1,adl,3.000000,6.000000,3.000000, Walking to sitting on the chair (side view), Sitting[3 to 6]; Walking[0 to 2.5]
Subject 1/ADL/13.mp4#t0.000-2.500-walking-2,Subject 1/ADL/13.mp4,0,walking,1,adl,0.000000,2.500000,2.500000, Walking to sitting on the chair (side view), Sitting[3 to 6]; Walking[0 to 2.5]
Subject 1/ADL/14.mp4#t0.000-1.000-sitting-1,Subject 1/ADL/14.mp4,2,sitting,1,adl,0.000000,1.000000,1.000000, Sitting on the chair (side view) to walking, Sitting[0 to 1]; Standing[4.7 to 5]; Walking[1.6 to 4.7]
Subject 1/ADL/14.mp4#t1.600-4.700-walking-3,Subject 1/ADL/14.mp4,0,walking,1,adl,1.600000,4.700000,3.100000, Sitting on the chair (side view) to walking, Sitting[0 to 1]; Standing[4.7 to 5]; Walking[1.6 to 4.7]
Subject 1/ADL/15.mp4#t4.000-7.000-sitting-1,Subject 1/ADL/15.mp4,2,sitting,1,adl,4.000000,7.000000,3.000000, Walking to picking a mobile phone from the ground and then sitting on the chair,  Sitting[4 to 7]; Walking[0 to 1.5]
Subject 1/ADL/15.mp4#t0.000-1.500-walking-2,Subject 1/ADL/15.mp4,0,walking,1,adl,0.000000,1.500000,1.500000, Walking to picking a mobile phone from the ground and then sitting on the chair,  Sitting[4 to 7]; Walking[0 to 1.5]
Subject 1/ADL/16.mp4#t0.000-3.000-sitting-1,Subject 1/ADL/16.mp4,2,sitting,1,adl,0.000000,3.000000,3.000000, Picking the mobile phone from the ground while sitting on the chair,  Sitting[0 to 3]
Subject 1/Fall/01.mp4#t3.400-6.000-falling-1,Subject 1/Fall/01.mp4,4,falling,1,fall,3.400000,6.000000,2.600000, Falling from sitting on the chair to the ground. Left side Fall. Full body not visible, Falling (SW)[3.4 to 6]; Sitting[0 to 3.4]
Subject 1/Fall/01.mp4#t0.000-3.400-sitting-2,Subject 1/Fall/01.mp4,2,sitting,1,fall,0.000000,3.400000,3.400000, Falling from sitting on the chair to the ground. Left side Fall. Full body not visible, Falling (SW)[3.4 to 6]; Sitting[0 to 3.4]
Subject 1/Fall/02.mp4#t1.900-6.000-falling-1,Subject 1/Fall/02.mp4,4,falling,1,fall,1.900000,6.000000,4.100000, Falling from sitting on the chair to the ground. Left side Fall. Full body not visible, Falling (SW)[1.9 to 6]; Sitting[0 to 1.9]
Subject 1/Fall/02.mp4#t0.000-1.900-sitting-2,Subject 1/Fall/02.mp4,2,sitting,1,fall,0.000000,1.900000,1.900000, Falling from sitting on the chair to the ground. Left side Fall. Full body not visible, Falling (SW)[1.9 to 6]; Sitting[0 to 1.9]
Subject 1/Fall/03.mp4#t2.500-5.000-falling-1,Subject 1/Fall/03.mp4,4,falling,1,fall,2.500000,5.000000,2.500000, Falling from sitting on the chair to the ground. Left side fall, Falling (SW)[2.5 to 5]; Sitting[0 to 2.5]
Subject 1/Fall/03.mp4#t0.000-2.500-sitting-2,Subject 1/Fall/03.mp4,2,sitting,1,fall,0.000000,2.500000,2.500000, Falling from sitting on the chair to the ground. Left side fall, Falling (SW)[2.5 to 5]; Sitting[0 to 2.5]
Subject 1/Fall/04.mp4#t2.300-4.000-falling-1,Subject 1/Fall/04.mp4,4,falling,1,fall,2.300000,4.000000,1.700000, Falling from sitting on the chair to the ground. Right side fall, Falling (SW)[2.3 to 4]; Sitting[0 to 2.2]
Subject 1/Fall/04.mp4#t0.000-2.200-sitting-2,Subject 1/Fall/04.mp4,2,sitting,1,fall,0.000000,2.200000,2.200000, Falling from sitting on the chair to the ground. Right side fall, Falling (SW)[2.3 to 4]; Sitting[0 to 2.2]
Subject 1/Fall/05.mp4#t1.800-5.000-falling-1,Subject 1/Fall/05.mp4,4,falling,1,fall,1.800000,5.000000,3.200000, Walking to falling. Right side fall, Falling (SW)[1.8 to 5]:; Walking[0 to 1.8]
Subject 1/Fall/05.mp4#t0.000-1.800-walking-2,Subject 1/Fall/05.mp4,0,walking,1,fall,0.000000,1.800000,1.800000, Walking to falling. Right side fall, Falling (SW)[1.8 to 5]:; Walking[0 to 1.8]
Subject 1/Fall/06.mp4#t2.200-5.000-falling-1,Subject 1/Fall/06.mp4,4,falling,1,fall,2.200000,5.000000,2.800000, Walking to falling. Right side fall, Falling (SW)[2.2 to 5]; Walking[0 to 2.1]
Subject 1/Fall/06.mp4#t0.000-2.100-walking-2,Subject 1/Fall/06.mp4,0,walking,1,fall,0.000000,2.100000,2.100000, Walking to falling. Right side fall, Falling (SW)[2.2 to 5]; Walking[0 to 2.1]
Subject 1/Fall/07.mp4#t1.100-5.000-falling-1,Subject 1/Fall/07.mp4,4,falling,1,fall,1.100000,5.000000,3.900000, Walking to falling. Right side fall, Falling (SW)[1.1 to 5]; Walking[0 to 1]
Subject 1/Fall/07.mp4#t0.000-1.000-walking-2,Subject 1/Fall/07.mp4,0,walking,1,fall,0.000000,1.000000,1.000000, Walking to falling. Right side fall, Falling (SW)[1.1 to 5]; Walking[0 to 1]
Subject 1/Fall/08.mp4#t0.800-4.000-falling-1,Subject 1/Fall/08.mp4,4,falling,1,fall,0.800000,4.000000,3.200000, Walking to falling. Left side fall, Falling (FW)[0.8 to 4]; Walking[0 to 0.8]
Subject 1/Fall/08.mp4#t0.000-0.800-walking-2,Subject 1/Fall/08.mp4,0,walking,1,fall,0.000000,0.800000,0.800000, Walking to falling. Left side fall, Falling (FW)[0.8 to 4]; Walking[0 to 0.8]
Subject 1/Fall/09.mp4#t0.700-4.000-falling-1,Subject 1/Fall/09.mp4,4,falling,1,fall,0.700000,4.000000,3.300000, Standing position to falling. Forward Fall. Full body (head) not visible, Falling (FW)[0.7 to 4]; Standing[0 to 0.6]
Subject 1/Fall/09.mp4#t0.000-0.600-standing-2,Subject 1/Fall/09.mp4,1,standing,1,fall,0.000000,0.600000,0.600000, Standing position to falling. Forward Fall. Full body (head) not visible, Falling (FW)[0.7 to 4]; Standing[0 to 0.6]
Subject 1/Fall/10.mp4#t0.700-4.000-falling-1,Subject 1/Fall/10.mp4,4,falling,1,fall,0.700000,4.000000,3.300000, Standing position to falling. Forward Fall. Full body (right eye) not visible, Falling (FW)[0.7 to 4]; Standing[0 to 0.7]
Subject 1/Fall/10.mp4#t0.000-0.700-standing-2,Subject 1/Fall/10.mp4,1,standing,1,fall,0.000000,0.700000,0.700000, Standing position to falling. Forward Fall. Full body (right eye) not visible, Falling (FW)[0.7 to 4]; Standing[0 to 0.7]
Subject 1/Fall/11.mp4#t1.000-6.000-falling-1,Subject 1/Fall/11.mp4,4,falling,1,fall,1.000000,6.000000,5.000000, Standing position to falling, Falling (BW)[1 to 6]; Standing[0 to 1]
Subject 1/Fall/11.mp4#t0.000-1.000-standing-2,Subject 1/Fall/11.mp4,1,standing,1,fall,0.000000,1.000000,1.000000, Standing position to falling, Falling (BW)[1 to 6]; Standing[0 to 1]
Subject 1/Fall/12.mp4#t1.900-6.000-falling-1,Subject 1/Fall/12.mp4,4,falling,1,fall,1.900000,6.000000,4.100000, Standing position to falling. Backward Fall, Falling (BW)[1.9 to 6]; Standing[0 to 1.8]
Subject 1/Fall/12.mp4#t0.000-1.800-standing-2,Subject 1/Fall/12.mp4,1,standing,1,fall,0.000000,1.800000,1.800000, Standing position to falling. Backward Fall, Falling (BW)[1.9 to 6]; Standing[0 to 1.8]
Subject 1/Fall/13.mp4#t0.400-4.000-falling-1,Subject 1/Fall/13.mp4,4,falling,1,fall,0.400000,4.000000,3.600000, Standing position to falling. Backward fall. Full body (head) is not visible, Falling (BW)[0.4 to 4]; Standing[0 to 0.3]
Subject 1/Fall/14.mp4#t0.300-5.000-falling-1,Subject 1/Fall/14.mp4,4,falling,1,fall,0.300000,5.000000,4.700000, Standing position to falling. Backward fall. Full body (both ankles) is not visible, Falling (BW) [0.3 to 5]; Standing [0 to 0.2]
Subject 1/Fall/15.mp4#t1.800-6.000-falling-1,Subject 1/Fall/15.mp4,4,falling,1,fall,1.800000,6.000000,4.200000, Sitting on the chair (side view) to right side fall, Falling (SW) [1.8 to 6] ; Sitting [0 to 2]
Subject 1/Fall/15.mp4#t0.000-2.000-sitting-2,Subject 1/Fall/15.mp4,2,sitting,1,fall,0.000000,2.000000,2.000000, Sitting on the chair (side view) to right side fall, Falling (SW) [1.8 to 6] ; Sitting [0 to 2]
Subject 1/Fall/16.mp4#t2.800-6.000-falling-1,Subject 1/Fall/16.mp4,4,falling,1,fall,2.800000,6.000000,3.200000, Sitting on the chair (side view) to the left side fall, Falling (SW) [ 2.8 to 6]; Sitting [0 to 2.9]
Subject 1/Fall/16.mp4#t0.000-2.900-sitting-2,Subject 1/Fall/16.mp4,2,sitting,1,fall,0.000000,2.900000,2.900000, Sitting on the chair (side view) to the left side fall, Falling (SW) [ 2.8 to 6]; Sitting [0 to 2.9]
Subject 2/ADL/01.mp4#t0.000-7.000-sitting-1,Subject 2/ADL/01.mp4,2,sitting,2,adl,0.000000,7.000000,7.000000,Talking on the mobile phone while sitting on the bed and walking, Sitting [0 to 7]; Standing [7.3 to 8.1]; Walking[8.1 to 11]
Subject 2/ADL/01.mp4#t7.300-8.100-standing-2,Subject 2/ADL/01.mp4,1,standing,2,adl,7.300000,8.100000,0.800000,Talking on the mobile phone while sitting on the bed and walking, Sitting [0 to 7]; Standing [7.3 to 8.1]; Walking[8.1 to 11]
Subject 2/ADL/01.mp4#t8.100-11.000-walking-3,Subject 2/ADL/01.mp4,0,walking,2,adl,8.100000,11.000000,2.900000,Talking on the mobile phone while sitting on the bed and walking, Sitting [0 to 7]; Standing [7.3 to 8.1]; Walking[8.1 to 11]
Subject 2/ADL/02.mp4#t0.000-11.000-sitting-1,Subject 2/ADL/02.mp4,2,sitting,2,adl,0.000000,11.000000,11.000000,Picking up a water bottle from the ground and drinking while sitting on the bed, Drinking[10.5 to 11]; Sitting [0 to 11];
Subject 2/ADL/03.mp4#t5.600-7.400-sitting-1,Subject 2/ADL/03.mp4,2,sitting,2,adl,5.600000,7.400000,1.800000,Walking; removing dust from the bed using a pillow; and sleeping on the bed, Sitting[5.6 to 7.4]; Sleeping[8 to 11]; Walking[0 to 4.6]
Subject 2/ADL/03.mp4#t8.000-11.000-lying_sleeping-2,Subject 2/ADL/03.mp4,3,lying_sleeping,2,adl,8.000000,11.000000,3.000000,Walking; removing dust from the bed using a pillow; and sleeping on the bed, Sitting[5.6 to 7.4]; Sleeping[8 to 11]; Walking[0 to 4.6]
Subject 2/ADL/03.mp4#t0.000-4.600-walking-3,Subject 2/ADL/03.mp4,0,walking,2,adl,0.000000,4.600000,4.600000,Walking; removing dust from the bed using a pillow; and sleeping on the bed, Sitting[5.6 to 7.4]; Sleeping[8 to 11]; Walking[0 to 4.6]
Subject 2/ADL/04.mp4#t0.000-7.000-standing-1,Subject 2/ADL/04.mp4,1,standing,2,adl,0.000000,7.000000,7.000000,Yoga: Standing forward bend (Uttanasana), Exercising[0 to 7]; Standing[0 to 7]
Subject 2/ADL/05.mp4#t0.000-2.800-sitting-1,Subject 2/ADL/05.mp4,2,sitting,2,adl,0.000000,2.800000,2.800000,Throwing a book on the bed; standing up from the ground; walking; and opening the curtain, Sitting[0 to 2.8]; Standing[3.1 to 4.1]; Walking[4.1 to 10]
Subject 2/ADL/05.mp4#t3.100-4.100-standing-2,Subject 2/ADL/05.mp4,1,standing,2,adl,3.100000,4.100000,1.000000,Throwing a book on the bed; standing up from the ground; walking; and opening the curtain, Sitting[0 to 2.8]; Standing[3.1 to 4.1]; Walking[4.1 to 10]
Subject 2/ADL/05.mp4#t4.100-10.000-walking-3,Subject 2/ADL/05.mp4,0,walking,2,adl,4.100000,10.000000,5.900000,Throwing a book on the bed; standing up from the ground; walking; and opening the curtain, Sitting[0 to 2.8]; Standing[3.1 to 4.1]; Walking[4.1 to 10]
Subject 2/ADL/06.mp4#t3.000-9.700-sitting-1,Subject 2/ADL/06.mp4,2,sitting,2,adl,3.000000,9.700000,6.700000,Picking up the mobile phone from the ground; placing it on the bed; and sitting on the bed, Sitting[9.7 to 3]; Standing[0 to 0.5; 4.2 to 6.5]; Walking[0.5 to 1.8; 6 to 8.7]
Subject 2/ADL/06.mp4#t0.000-0.500-standing-2,Subject 2/ADL/06.mp4,1,standing,2,adl,0.000000,0.500000,0.500000,Picking up the mobile phone from the ground; placing it on the bed; and sitting on the bed, Sitting[9.7 to 3]; Standing[0 to 0.5; 4.2 to 6.5]; Walking[0.5 to 1.8; 6 to 8.7]
Subject 2/ADL/06.mp4#t4.200-6.500-standing-3,Subject 2/ADL/06.mp4,1,standing,2,adl,4.200000,6.500000,2.300000,Picking up the mobile phone from the ground; placing it on the bed; and sitting on the bed, Sitting[9.7 to 3]; Standing[0 to 0.5; 4.2 to 6.5]; Walking[0.5 to 1.8; 6 to 8.7]
Subject 2/ADL/06.mp4#t0.500-1.800-walking-4,Subject 2/ADL/06.mp4,0,walking,2,adl,0.500000,1.800000,1.300000,Picking up the mobile phone from the ground; placing it on the bed; and sitting on the bed, Sitting[9.7 to 3]; Standing[0 to 0.5; 4.2 to 6.5]; Walking[0.5 to 1.8; 6 to 8.7]
Subject 2/ADL/06.mp4#t6.000-8.700-walking-5,Subject 2/ADL/06.mp4,0,walking,2,adl,6.000000,8.700000,2.700000,Picking up the mobile phone from the ground; placing it on the bed; and sitting on the bed, Sitting[9.7 to 3]; Standing[0 to 0.5; 4.2 to 6.5]; Walking[0.5 to 1.8; 6 to 8.7]
Subject 2/ADL/07.mp4#t0.000-13.000-standing-1,Subject 2/ADL/07.mp4,1,standing,2,adl,0.000000,13.000000,13.000000,Exercising (Moving both hands up and down), Exercising[0 to 13]; Standing[0 to 13]
Subject 2/ADL/08.mp4#t4.500-6.200-standing-1,Subject 2/ADL/08.mp4,1,standing,2,adl,4.500000,6.200000,1.700000,Exercising (Stretching thigh and trying to touch the ground:Pyramid Pose), Exercising[0 to 13]; Standing[4.5 to 6.2; 10 to 13]
Subject 2/ADL/08.mp4#t10.000-13.000-standing-2,Subject 2/ADL/08.mp4,1,standing,2,adl,10.000000,13.000000,3.000000,Exercising (Stretching thigh and trying to touch the ground:Pyramid Pose), Exercising[0 to 13]; Standing[4.5 to 6.2; 10 to 13]
Subject 2/ADL/09.mp4#t0.000-0.500-sitting-1,Subject 2/ADL/09.mp4,2,sitting,2,adl,0.000000,0.500000,0.500000,Standing up from a sitting position on the bed and then sitting on the ground, Sitting[0 to 0.5; 3.7 to 10]; Standing[0.5 to 1.3]; Walking[0.5 to 3.1]
Subject 2/ADL/09.mp4#t3.700-10.000-sitting-2,Subject 2/ADL/09.mp4,2,sitting,2,adl,3.700000,10.000000,6.300000,Standing up from a sitting position on the bed and then sitting on the ground, Sitting[0 to 0.5; 3.7 to 10]; Standing[0.5 to 1.3]; Walking[0.5 to 3.1]
Subject 2/ADL/09.mp4#t0.500-1.300-standing-3,Subject 2/ADL/09.mp4,1,standing,2,adl,0.500000,1.300000,0.800000,Standing up from a sitting position on the bed and then sitting on the ground, Sitting[0 to 0.5; 3.7 to 10]; Standing[0.5 to 1.3]; Walking[0.5 to 3.1]
Subject 2/ADL/09.mp4#t0.500-3.100-walking-4,Subject 2/ADL/09.mp4,0,walking,2,adl,0.500000,3.100000,2.600000,Standing up from a sitting position on the bed and then sitting on the ground, Sitting[0 to 0.5; 3.7 to 10]; Standing[0.5 to 1.3]; Walking[0.5 to 3.1]
Subject 2/ADL/10.mp4#t0.100-2.100-standing-1,Subject 2/ADL/10.mp4,1,standing,2,adl,0.100000,2.100000,2.000000,Standing up from the ground and closing the curtain, Standing[0.1 to 2.1]; Walking[2.1 to 5]
Subject 2/ADL/10.mp4#t2.100-5.000-walking-2,Subject 2/ADL/10.mp4,0,walking,2,adl,2.100000,5.000000,2.900000,Standing up from the ground and closing the curtain, Standing[0.1 to 2.1]; Walking[2.1 to 5]
Subject 2/ADL/11.mp4#t0.000-4.700-standing-1,Subject 2/ADL/11.mp4,1,standing,2,adl,0.000000,4.700000,4.700000,Removing the shirt and hanging it on the hanger, Standing[0 to 4.7]; Walking[5 to 6.5; 8 to 10]
Subject 2/ADL/11.mp4#t5.000-6.500-walking-2,Subject 2/ADL/11.mp4,0,walking,2,adl,5.000000,6.500000,1.500000,Removing the shirt and hanging it on the hanger, Standing[0 to 4.7]; Walking[5 to 6.5; 8 to 10]
Subject 2/ADL/11.mp4#t8.000-10.000-walking-3,Subject 2/ADL/11.mp4,0,walking,2,adl,8.000000,10.000000,2.000000,Removing the shirt and hanging it on the hanger, Standing[0 to 4.7]; Walking[5 to 6.5; 8 to 10]
Subject 2/ADL/12.mp4#t3.000-7.000-lying_sleeping-1,Subject 2/ADL/12.mp4,3,lying_sleeping,2,adl,3.000000,7.000000,4.000000,Going to bed and sleeping (belly facing downwards), Sleeping[3 to 7]; Standing[0 to 0.1]
Subject 2/ADL/13.mp4#t1.000-4.000-sitting-1,Subject 2/ADL/13.mp4,2,sitting,2,adl,1.000000,4.000000,3.000000,Sitting on the ground and reading a book, Reading[1 to 4]; Sitting[1 to 4]; Standing[0 to 0.5]
Subject 2/ADL/13.mp4#t0.000-0.500-standing-2,Subject 2/ADL/13.mp4,1,standing,2,adl,0.000000,0.500000,0.500000,Sitting on the ground and reading a book, Reading[1 to 4]; Sitting[1 to 4]; Standing[0 to 0.5]
Subject 2/ADL/14.mp4#t4.600-11.000-sitting-1,Subject 2/ADL/14.mp4,2,sitting,2,adl,4.600000,11.000000,6.400000,Walking and reading something while sitting on the bed, Reading[8.6 to 11]; Sitting[4.6 to 11]; Walking[0 to 3.6]
Subject 2/ADL/14.mp4#t0.000-3.600-walking-2,Subject 2/ADL/14.mp4,0,walking,2,adl,0.000000,3.600000,3.600000,Walking and reading something while sitting on the bed, Reading[8.6 to 11]; Sitting[4.6 to 11]; Walking[0 to 3.6]
Subject 2/ADL/15.mp4#t0.000-11.000-sitting-1,Subject 2/ADL/15.mp4,2,sitting,2,adl,0.000000,11.000000,11.000000,Reading a newspaper while sitting on the bed and placing a pillow on the lap, Reading[6.5 to 11]; Sitting[0 to 11]
Subject 2/ADL/16.mp4#t9.000-11.000-lying_sleeping-1,Subject 2/ADL/16.mp4,3,lying_sleeping,2,adl,9.000000,11.000000,2.000000,Reading a newspaper; throwing the newspaper; and sleeping, Reading[0 to 5.8]; Sleeping[9 to 11]
Subject 2/ADL/17.mp4#t3.500-4.000-standing-1,Subject 2/ADL/17.mp4,1,standing,2,adl,3.500000,4.000000,0.500000,Standing up from bed; walking; and checking the dress on the hanger, Standing[3.5 to 4; 6.8 to 10]; Walking[4.1 to 6.8]
Subject 2/ADL/17.mp4#t6.800-10.000-standing-2,Subject 2/ADL/17.mp4,1,standing,2,adl,6.800000,10.000000,3.200000,Standing up from bed; walking; and checking the dress on the hanger, Standing[3.5 to 4; 6.8 to 10]; Walking[4.1 to 6.8]
Subject 2/ADL/17.mp4#t4.100-6.800-walking-3,Subject 2/ADL/17.mp4,0,walking,2,adl,4.100000,6.800000,2.700000,Standing up from bed; walking; and checking the dress on the hanger, Standing[3.5 to 4; 6.8 to 10]; Walking[4.1 to 6.8]
Subject 2/ADL/18.mp4#t2.000-11.000-standing-1,Subject 2/ADL/18.mp4,1,standing,2,adl,2.000000,11.000000,9.000000,Walking; opening the window; and looking outside, Standing[2 to 11]; Walking[0 to 2]
Subject 2/ADL/18.mp4#t0.000-2.000-walking-2,Subject 2/ADL/18.mp4,0,walking,2,adl,0.000000,2.000000,2.000000,Walking; opening the window; and looking outside, Standing[2 to 11]; Walking[0 to 2]
Subject 2/ADL/19.mp4#t1.000-11.000-sitting-1,Subject 2/ADL/19.mp4,2,sitting,2,adl,1.000000,11.000000,10.000000,Sitting on the ground and writing in a notebook,Sitting[1 to 11]; Walking[0 to 0.6]; Writing[5 to 11]
Subject 2/ADL/19.mp4#t0.000-0.600-walking-2,Subject 2/ADL/19.mp4,0,walking,2,adl,0.000000,0.600000,0.600000,Sitting on the ground and writing in a notebook,Sitting[1 to 11]; Walking[0 to 0.6]; Writing[5 to 11]
Subject 2/ADL/20.mp4#t3.700-11.000-sitting-1,Subject 2/ADL/20.mp4,2,sitting,2,adl,3.700000,11.000000,7.300000,Standing up; picking up a water bottle; and drinking water while sitting on the ground, Drinking[7.4 to 9.4]; Sitting[3.7 to 11]; Standing[0 to 3.2]
Subject 2/ADL/20.mp4#t0.000-3.200-standing-2,Subject 2/ADL/20.mp4,1,standing,2,adl,0.000000,3.200000,3.200000,Standing up; picking up a water bottle; and drinking water while sitting on the ground, Drinking[7.4 to 9.4]; Sitting[3.7 to 11]; Standing[0 to 3.2]
Subject 2/ADL/21.mp4#t0.000-6.600-standing-1,Subject 2/ADL/21.mp4,1,standing,2,adl,0.000000,6.600000,6.600000,Picking up a pen from the ground and walking, Standing[0 to 6.6]; Walking[6.6 to 10]
Subject 2/ADL/21.mp4#t6.600-10.000-walking-2,Subject 2/ADL/21.mp4,0,walking,2,adl,6.600000,10.000000,3.400000,Picking up a pen from the ground and walking, Standing[0 to 6.6]; Walking[6.6 to 10]
Subject 2/ADL/22.mp4#t9.500-10.500-sitting-1,Subject 2/ADL/22.mp4,2,sitting,2,adl,9.500000,10.500000,1.000000,Exercising (Push-up) and sitting, Exercising[1.9 to 8.3]; Sitting[9.5 to 10.5]
Subject 2/ADL/23.mp4#t0.000-7.000-sitting-1,Subject 2/ADL/23.mp4,2,sitting,2,adl,0.000000,7.000000,7.000000,Eating biscuits while sitting on the bed with legs folded, Eating[4.2 to 5.2]; Sitting[0 to 7]
Subject 2/Fall/01.mp4#t1.400-6.000-falling-1,Subject 2/Fall/01.mp4,4,falling,2,fall,1.400000,6.000000,4.600000,Right side fall on the ground, Falling (SW)[1.4 to 6]; Standing[0.4 to 1.2]
Subject 2/Fall/01.mp4#t0.400-1.200-standing-2,Subject 2/Fall/01.mp4,1,standing,2,fall,0.400000,1.200000,0.800000,Right side fall on the ground, Falling (SW)[1.4 to 6]; Standing[0.4 to 1.2]
Subject 2/Fall/02.mp4#t2.700-8.000-falling-1,Subject 2/Fall/02.mp4,4,falling,2,fall,2.700000,8.000000,5.300000,Right side fall on the ground after walking, Falling (SW)[2.7 to 8]; Walking[0 to 2.6]
Subject 2/Fall/02.mp4#t0.000-2.600-walking-2,Subject 2/Fall/02.mp4,0,walking,2,fall,0.000000,2.600000,2.600000,Right side fall on the ground after walking, Falling (SW)[2.7 to 8]; Walking[0 to 2.6]
Subject 2/Fall/03.mp4#t0.000-7.000-falling-1,Subject 2/Fall/03.mp4,4,falling,2,fall,0.000000,7.000000,7.000000,Forward fall on the bed, Falling (FW)[0 to 7]
Subject 2/Fall/04.mp4#t3.300-10.000-falling-1,Subject 2/Fall/04.mp4,4,falling,2,fall,3.300000,10.000000,6.700000,Seeing outside the window then backward fall, Falling (BW)[3.3 to 10]; Standing[0 to 3.1]
Subject 2/Fall/04.mp4#t0.000-3.100-standing-2,Subject 2/Fall/04.mp4,1,standing,2,fall,0.000000,3.100000,3.100000,Seeing outside the window then backward fall, Falling (BW)[3.3 to 10]; Standing[0 to 3.1]
Subject 2/Fall/05.mp4#t0.800-4.000-falling-1,Subject 2/Fall/05.mp4,4,falling,2,fall,0.800000,4.000000,3.200000,Left side fall (face hidden by hand), Falling (SW)[0.8 to 4]; Standing[0 to 0.7]
Subject 2/Fall/05.mp4#t0.000-0.700-standing-2,Subject 2/Fall/05.mp4,1,standing,2,fall,0.000000,0.700000,0.700000,Left side fall (face hidden by hand), Falling (SW)[0.8 to 4]; Standing[0 to 0.7]
Subject 2/Fall/06.mp4#t2.100-6.000-falling-1,Subject 2/Fall/06.mp4,4,falling,2,fall,2.100000,6.000000,3.900000,Walking while seeing the mobile phone then fall backward (left hand not fully in the frame), Falling (BW)[2.1 to 6]; Walking[0 to 1.9]
Subject 2/Fall/06.mp4#t0.000-1.900-walking-2,Subject 2/Fall/06.mp4,0,walking,2,fall,0.000000,1.900000,1.900000,Walking while seeing the mobile phone then fall backward (left hand not fully in the frame), Falling (BW)[2.1 to 6]; Walking[0 to 1.9]
Subject 2/Fall/07.mp4#t2.000-4.000-falling-1,Subject 2/Fall/07.mp4,4,falling,2,fall,2.000000,4.000000,2.000000,Falling (forward) after trying to pick the bottle from the ground, Falling (FW)[2 to 4]; Standing[0 to 1.7]
Subject 2/Fall/07.mp4#t0.000-1.700-standing-2,Subject 2/Fall/07.mp4,1,standing,2,fall,0.000000,1.700000,1.700000,Falling (forward) after trying to pick the bottle from the ground, Falling (FW)[2 to 4]; Standing[0 to 1.7]
Subject 2/Fall/08.mp4#t3.200-6.000-falling-1,Subject 2/Fall/08.mp4,4,falling,2,fall,3.200000,6.000000,2.800000,Reading a newspaper in the sitting position on the ground then falling backward, Falling (BW)[3.2 to 6]; Reading[0 to 2.1]; Sitting[0 to 3]
Subject 2/Fall/08.mp4#t0.000-3.000-sitting-2,Subject 2/Fall/08.mp4,2,sitting,2,fall,0.000000,3.000000,3.000000,Reading a newspaper in the sitting position on the ground then falling backward, Falling (BW)[3.2 to 6]; Reading[0 to 2.1]; Sitting[0 to 3]
Subject 2/Fall/09.mp4#t1.800-5.000-falling-1,Subject 2/Fall/09.mp4,4,falling,2,fall,1.800000,5.000000,3.200000,Falling backward after walking, Falling (BW)[1.8 to 5]; Walking[0 to 1.7]
Subject 2/Fall/09.mp4#t0.000-1.700-walking-2,Subject 2/Fall/09.mp4,0,walking,2,fall,0.000000,1.700000,1.700000,Falling backward after walking, Falling (BW)[1.8 to 5]; Walking[0 to 1.7]
Subject 2/Fall/10.mp4#t2.000-4.000-falling-1,Subject 2/Fall/10.mp4,4,falling,2,fall,2.000000,4.000000,2.000000,Right side fall then backward, Falling (BW)[2 to 4]; Falling (SW)[4 to 11]; Walking[0 to 1.8]
Subject 2/Fall/10.mp4#t4.000-11.000-falling-2,Subject 2/Fall/10.mp4,4,falling,2,fall,4.000000,11.000000,7.000000,Right side fall then backward, Falling (BW)[2 to 4]; Falling (SW)[4 to 11]; Walking[0 to 1.8]
Subject 2/Fall/10.mp4#t0.000-1.800-walking-3,Subject 2/Fall/10.mp4,0,walking,2,fall,0.000000,1.800000,1.800000,Right side fall then backward, Falling (BW)[2 to 4]; Falling (SW)[4 to 11]; Walking[0 to 1.8]
Subject 2/Fall/11.mp4#t0.000-1.300-walking-1,Subject 2/Fall/11.mp4,0,walking,2,fall,0.000000,1.300000,1.300000,Falling from bed to ground, Falling (BW[5.9 to 10]; Walking[0 to 1.3]
Subject 2/Fall/12.mp4#t6.900-12.000-falling-1,Subject 2/Fall/12.mp4,4,falling,2,fall,6.900000,12.000000,5.100000,Drinking water from the water bottle then falling backwards, Falling (BW)[6.9 to 12]; Drinking[3.5 to 5.3]; Standing[3.6 to 6.9]; Walking[0 to 3.6]
Subject 2/Fall/12.mp4#t3.600-6.900-standing-2,Subject 2/Fall/12.mp4,1,standing,2,fall,3.600000,6.900000,3.300000,Drinking water from the water bottle then falling backwards, Falling (BW)[6.9 to 12]; Drinking[3.5 to 5.3]; Standing[3.6 to 6.9]; Walking[0 to 3.6]
Subject 2/Fall/12.mp4#t0.000-3.600-walking-3,Subject 2/Fall/12.mp4,0,walking,2,fall,0.000000,3.600000,3.600000,Drinking water from the water bottle then falling backwards, Falling (BW)[6.9 to 12]; Drinking[3.5 to 5.3]; Standing[3.6 to 6.9]; Walking[0 to 3.6]
Subject 2/Fall/13.mp4#t2.500-8.000-falling-1,Subject 2/Fall/13.mp4,4,falling,2,fall,2.500000,8.000000,5.500000,Falling backward (side view), Falling (BW)[2.5 to 8]; Standing[0 to 2.5]
Subject 2/Fall/13.mp4#t0.000-2.500-standing-2,Subject 2/Fall/13.mp4,1,standing,2,fall,0.000000,2.500000,2.500000,Falling backward (side view), Falling (BW)[2.5 to 8]; Standing[0 to 2.5]
Subject 2/Fall/14.mp4#t3.400-11.000-falling-1,Subject 2/Fall/14.mp4,4,falling,2,fall,3.400000,11.000000,7.600000,Falling backward on the bed,Falling (BW)[3.4 to 11]; Standing[0 to 3.2]
Subject 2/Fall/14.mp4#t0.000-3.200-standing-2,Subject 2/Fall/14.mp4,1,standing,2,fall,0.000000,3.200000,3.200000,Falling backward on the bed,Falling (BW)[3.4 to 11]; Standing[0 to 3.2]
Subject 2/Fall/15.mp4#t7.700-11.000-falling-1,Subject 2/Fall/15.mp4,4,falling,2,fall,7.700000,11.000000,3.300000,Writing while sitting on the bed; then falling on the ground, Falling (SW)[7.7 to 11]; Sitting[0 to 7.7]; Writing[0 to 4.6]
Subject 2/Fall/15.mp4#t0.000-7.700-sitting-2,Subject 2/Fall/15.mp4,2,sitting,2,fall,0.000000,7.700000,7.700000,Writing while sitting on the bed; then falling on the ground, Falling (SW)[7.7 to 11]; Sitting[0 to 7.7]; Writing[0 to 4.6]
Subject 2/Fall/16.mp4#t0.800-4.000-falling-1,Subject 2/Fall/16.mp4,4,falling,2,fall,0.800000,4.000000,3.200000,Walking then falling forward, Falling (FW)[0.8 to 4]; Walking[0 to 0.6]
Subject 2/Fall/16.mp4#t0.000-0.600-walking-2,Subject 2/Fall/16.mp4,0,walking,2,fall,0.000000,0.600000,0.600000,Walking then falling forward, Falling (FW)[0.8 to 4]; Walking[0 to 0.6]
Subject 2/Fall/17.mp4#t2.500-6.000-falling-1,Subject 2/Fall/17.mp4,4,falling,2,fall,2.500000,6.000000,3.500000,Walking then falling forward, Falling (FW)[2.5 to 6]; Walking[0 to 2.1]
Subject 2/Fall/17.mp4#t0.000-2.100-walking-2,Subject 2/Fall/17.mp4,0,walking,2,fall,0.000000,2.100000,2.100000,Walking then falling forward, Falling (FW)[2.5 to 6]; Walking[0 to 2.1]
Subject 2/Fall/18.mp4#t9.800-11.000-falling-1,Subject 2/Fall/18.mp4,4,falling,2,fall,9.800000,11.000000,1.200000,Picking a water bottle from the ground and drinking water from it then falling forward on the ground, Falling (FW)[9.8 to 11]; Drinking[3.9 to 5.8]; Standing[0 to 2.3]; Walking[2.3 to 4.3]
Subject 2/Fall/18.mp4#t0.000-2.300-standing-2,Subject 2/Fall/18.mp4,1,standing,2,fall,0.000000,2.300000,2.300000,Picking a water bottle from the ground and drinking water from it then falling forward on the ground, Falling (FW)[9.8 to 11]; Drinking[3.9 to 5.8]; Standing[0 to 2.3]; Walking[2.3 to 4.3]
Subject 2/Fall/18.mp4#t2.300-4.300-walking-3,Subject 2/Fall/18.mp4,0,walking,2,fall,2.300000,4.300000,2.000000,Picking a water bottle from the ground and drinking water from it then falling forward on the ground, Falling (FW)[9.8 to 11]; Drinking[3.9 to 5.8]; Standing[0 to 2.3]; Walking[2.3 to 4.3]
Subject 2/Fall/19.mp4#t8.200-15.000-falling-1,Subject 2/Fall/19.mp4,4,falling,2,fall,8.200000,15.000000,6.800000,Eating in standing position then falling forward,Falling (FW)[8.2 to 15]; Eating[0.9 4.6]; Standing[0 to 8.1]
Subject 2/Fall/19.mp4#t0.000-8.100-standing-2,Subject 2/Fall/19.mp4,1,standing,2,fall,0.000000,8.100000,8.100000,Eating in standing position then falling forward,Falling (FW)[8.2 to 15]; Eating[0.9 4.6]; Standing[0 to 8.1]
Subject 2/Fall/20.mp4#t7.900-11.000-falling-1,Subject 2/Fall/20.mp4,4,falling,2,fall,7.900000,11.000000,3.100000,Eating in standing position then falling forward,Falling (FW)[7.9 to 11]; Eating[1.6 to 3.2]; Standing[0 to 7.7]
Subject 2/Fall/20.mp4#t0.000-7.700-standing-2,Subject 2/Fall/20.mp4,1,standing,2,fall,0.000000,7.700000,7.700000,Eating in standing position then falling forward,Falling (FW)[7.9 to 11]; Eating[1.6 to 3.2]; Standing[0 to 7.7]
Subject 2/Fall/21.mp4#t6.200-9.000-falling-1,Subject 2/Fall/21.mp4,4,falling,2,fall,6.200000,9.000000,2.800000,Standing then falling sideways, Falling (SW)[6.2 to 9]; Standing[0 to 4.9]; Walking[4.9 to 6.1]
Subject 2/Fall/21.mp4#t0.000-4.900-standing-2,Subject 2/Fall/21.mp4,1,standing,2,fall,0.000000,4.900000,4.900000,Standing then falling sideways, Falling (SW)[6.2 to 9]; Standing[0 to 4.9]; Walking[4.9 to 6.1]
Subject 2/Fall/21.mp4#t4.900-6.100-walking-3,Subject 2/Fall/21.mp4,0,walking,2,fall,4.900000,6.100000,1.200000,Standing then falling sideways, Falling (SW)[6.2 to 9]; Standing[0 to 4.9]; Walking[4.9 to 6.1]
Subject 2/Fall/22.mp4#t1.300-5.000-falling-1,Subject 2/Fall/22.mp4,4,falling,2,fall,1.300000,5.000000,3.700000,Walking then falling forward, Falling (FW)[1.3 to 5]; Walking[0 to 1.2]
Subject 2/Fall/22.mp4#t0.000-1.200-walking-2,Subject 2/Fall/22.mp4,0,walking,2,fall,0.000000,1.200000,1.200000,Walking then falling forward, Falling (FW)[1.3 to 5]; Walking[0 to 1.2]
Subject 2/Fall/23.mp4#t3.600-7.000-falling-1,Subject 2/Fall/23.mp4,4,falling,2,fall,3.600000,7.000000,3.400000,Standing then falling sideways, Falling (SW)[3.6 to 7]; Standing[0 to 3.6]
Subject 2/Fall/23.mp4#t0.000-3.600-standing-2,Subject 2/Fall/23.mp4,1,standing,2,fall,0.000000,3.600000,3.600000,Standing then falling sideways, Falling (SW)[3.6 to 7]; Standing[0 to 3.6]
Subject 2/Fall/24.mp4#t3.300-6.400-falling-1,Subject 2/Fall/24.mp4,4,falling,2,fall,3.300000,6.400000,3.100000,Standing from the bed and then falling sideways on the ground, Falling (SW)[3.3 to 6.4]; Sitting[0 to 1.7]; Standing[2 to 3.2]
Subject 2/Fall/24.mp4#t0.000-1.700-sitting-2,Subject 2/Fall/24.mp4,2,sitting,2,fall,0.000000,1.700000,1.700000,Standing from the bed and then falling sideways on the ground, Falling (SW)[3.3 to 6.4]; Sitting[0 to 1.7]; Standing[2 to 3.2]
Subject 2/Fall/24.mp4#t2.000-3.200-standing-3,Subject 2/Fall/24.mp4,1,standing,2,fall,2.000000,3.200000,1.200000,Standing from the bed and then falling sideways on the ground, Falling (SW)[3.3 to 6.4]; Sitting[0 to 1.7]; Standing[2 to 3.2]
Subject 2/Fall/25.mp4#t3.000-7.000-falling-1,Subject 2/Fall/25.mp4,4,falling,2,fall,3.000000,7.000000,4.000000,Standing then falling backward on the ground, Falling (BW)[3 to 7]; Standing[0 to 3]
Subject 2/Fall/25.mp4#t0.000-3.000-standing-2,Subject 2/Fall/25.mp4,1,standing,2,fall,0.000000,3.000000,3.000000,Standing then falling backward on the ground, Falling (BW)[3 to 7]; Standing[0 to 3]
Subject 3/ADL/01.mp4#t0.000-8.000-sitting-1,Subject 3/ADL/01.mp4,2,sitting,3,adl,0.000000,8.000000,8.000000,Writing something in the notebook while sitting on the bed,Sitting[0 to 8]; Writing[0 to 8]
Subject 3/ADL/02.mp4#t0.000-9.000-standing-1,Subject 3/ADL/02.mp4,1,standing,3,adl,0.000000,9.000000,9.000000,Exercise (Hand up & down), Exercising[0 to 9]; Standing[0 to 9]
Subject 3/ADL/03.mp4#t3.000-7.400-sitting-1,Subject 3/ADL/03.mp4,2,sitting,3,adl,3.000000,7.400000,4.400000,Getting up from the sleeping position from the bed; Putting a mask on the face; then walking, Sitting[3 to 7.4]; Sleeping[0 to 1]; Standing[7.6 to 8.4]; Walking[8.5 to 9]
Subject 3/ADL/03.mp4#t0.000-1.000-lying_sleeping-2,Subject 3/ADL/03.mp4,3,lying_sleeping,3,adl,0.000000,1.000000,1.000000,Getting up from the sleeping position from the bed; Putting a mask on the face; then walking, Sitting[3 to 7.4]; Sleeping[0 to 1]; Standing[7.6 to 8.4]; Walking[8.5 to 9]
Subject 3/ADL/03.mp4#t7.600-8.400-standing-3,Subject 3/ADL/03.mp4,1,standing,3,adl,7.600000,8.400000,0.800000,Getting up from the sleeping position from the bed; Putting a mask on the face; then walking, Sitting[3 to 7.4]; Sleeping[0 to 1]; Standing[7.6 to 8.4]; Walking[8.5 to 9]
Subject 3/ADL/03.mp4#t8.500-9.000-walking-4,Subject 3/ADL/03.mp4,0,walking,3,adl,8.500000,9.000000,0.500000,Getting up from the sleeping position from the bed; Putting a mask on the face; then walking, Sitting[3 to 7.4]; Sleeping[0 to 1]; Standing[7.6 to 8.4]; Walking[8.5 to 9]
Subject 3/ADL/04.mp4#t9.200-10.000-sitting-1,Subject 3/ADL/04.mp4,2,sitting,3,adl,9.200000,10.000000,0.800000,Picking a book from the floor and putting it on the bed; sitting on the bed, Sitting[9.2 to 10]; Standing[2.4 to 3.6; 6.6 to 7.9; Walking[3.6 to 5.2; 7.9 to 9.2] 
Subject 3/ADL/04.mp4#t2.400-3.600-standing-2,Subject 3/ADL/04.mp4,1,standing,3,adl,2.400000,3.600000,1.200000,Picking a book from the floor and putting it on the bed; sitting on the bed, Sitting[9.2 to 10]; Standing[2.4 to 3.6; 6.6 to 7.9; Walking[3.6 to 5.2; 7.9 to 9.2] 
Subject 3/ADL/04.mp4#t6.600-7.900-standing-3,Subject 3/ADL/04.mp4,1,standing,3,adl,6.600000,7.900000,1.300000,Picking a book from the floor and putting it on the bed; sitting on the bed, Sitting[9.2 to 10]; Standing[2.4 to 3.6; 6.6 to 7.9; Walking[3.6 to 5.2; 7.9 to 9.2] 
Subject 3/ADL/04.mp4#t3.600-5.200-standing-4,Subject 3/ADL/04.mp4,1,standing,3,adl,3.600000,5.200000,1.600000,Picking a book from the floor and putting it on the bed; sitting on the bed, Sitting[9.2 to 10]; Standing[2.4 to 3.6; 6.6 to 7.9; Walking[3.6 to 5.2; 7.9 to 9.2] 
Subject 3/ADL/04.mp4#t7.900-9.200-standing-5,Subject 3/ADL/04.mp4,1,standing,3,adl,7.900000,9.200000,1.300000,Picking a book from the floor and putting it on the bed; sitting on the bed, Sitting[9.2 to 10]; Standing[2.4 to 3.6; 6.6 to 7.9; Walking[3.6 to 5.2; 7.9 to 9.2] 
Subject 3/ADL/05.mp4#t0.000-5.000-standing-1,Subject 3/ADL/05.mp4,1,standing,3,adl,0.000000,5.000000,5.000000,Exercising (hand down & up with body bending), Exercising[0 to 5]; Standing[0 to 5]
Subject 3/ADL/06.mp4#t5.100-8.000-sitting-1,Subject 3/ADL/06.mp4,2,sitting,3,adl,5.100000,8.000000,2.900000,Exercising then sitting down on the floor, Exercising[0 to 5.1]; Sitting[5.1 to 8]
Subject 3/ADL/07.mp4#t1.500-2.200-standing-2,Subject 3/ADL/07.mp4,1,standing,3,adl,1.500000,2.200000,0.700000,Exercising (sitting and standing), Exercising[0 to 3]; Standing[0 to 0.3; 1.5 to 2.2]
Subject 3/ADL/08.mp4#t0.000-0.800-sitting-1,Subject 3/ADL/08.mp4,2,sitting,3,adl,0.000000,0.800000,0.800000,Sitting to sleeping on the floor, Sitting[0 to 0.8]; Sleeping[0.8 to 4]
Subject 3/ADL/08.mp4#t0.800-4.000-lying_sleeping-2,Subject 3/ADL/08.mp4,3,lying_sleeping,3,adl,0.800000,4.000000,3.200000,Sitting to sleeping on the floor, Sitting[0 to 0.8]; Sleeping[0.8 to 4]
Subject 3/ADL/09.mp4#t2.500-6.000-sitting-1,Subject 3/ADL/09.mp4,2,sitting,3,adl,2.500000,6.000000,3.500000,Sleeping on the floor to sitting and then standing, Sitting[2.5 to 6]; Sleeping[0 to 2.2]; Standing[6.2 to 7]
Subject 3/ADL/09.mp4#t0.000-2.200-lying_sleeping-2,Subject 3/ADL/09.mp4,3,lying_sleeping,3,adl,0.000000,2.200000,2.200000,Sleeping on the floor to sitting and then standing, Sitting[2.5 to 6]; Sleeping[0 to 2.2]; Standing[6.2 to 7]
Subject 3/ADL/09.mp4#t6.200-7.000-standing-3,Subject 3/ADL/09.mp4,1,standing,3,adl,6.200000,7.000000,0.800000,Sleeping on the floor to sitting and then standing, Sitting[2.5 to 6]; Sleeping[0 to 2.2]; Standing[6.2 to 7]
Subject 3/ADL/10.mp4#t0.000-12.000-standing-1,Subject 3/ADL/10.mp4,1,standing,3,adl,0.000000,12.000000,12.000000,Opening the window curtain and the window, Standing[0 to 12]
Subject 3/ADL/11.mp4#t2.700-12.000-standing-1,Subject 3/ADL/11.mp4,1,standing,3,adl,2.700000,12.000000,9.300000,Closing the window curtain and the window, Standing[2.7 to 12]; Walking[0 to 2.7]
Subject 3/ADL/11.mp4#t0.000-2.700-walking-2,Subject 3/ADL/11.mp4,0,walking,3,adl,0.000000,2.700000,2.700000,Closing the window curtain and the window, Standing[2.7 to 12]; Walking[0 to 2.7]
Subject 3/ADL/12.mp4#t0.800-8.100-sitting-1,Subject 3/ADL/12.mp4,2,sitting,3,adl,0.800000,8.100000,7.300000,Changing pages of a book while sitting on the bed; standing, Reading; Sitting[0.8 to 8.1]; Standing[8.1 to 9.2]; Walking[9.2 to 10]
Subject 3/ADL/12.mp4#t8.100-9.200-standing-2,Subject 3/ADL/12.mp4,1,standing,3,adl,8.100000,9.200000,1.100000,Changing pages of a book while sitting on the bed; standing, Reading; Sitting[0.8 to 8.1]; Standing[8.1 to 9.2]; Walking[9.2 to 10]
Subject 3/ADL/12.mp4#t9.200-10.000-walking-3,Subject 3/ADL/12.mp4,0,walking,3,adl,9.200000,10.000000,0.800000,Changing pages of a book while sitting on the bed; standing, Reading; Sitting[0.8 to 8.1]; Standing[8.1 to 9.2]; Walking[9.2 to 10]
Subject 3/ADL/13.mp4#t0.000-8.000-sitting-1,Subject 3/ADL/13.mp4,2,sitting,3,adl,0.000000,8.000000,8.000000,Sitting on the floor, Sitting[0 to 8]
Subject 3/ADL/14.mp4#t0.000-8.000-sitting-1,Subject 3/ADL/14.mp4,2,sitting,3,adl,0.000000,8.000000,8.000000,Sitting on the floor & drinking water from the water bottle, Drinking[3.5 to 6]; Sitting[0 to 8]
Subject 3/ADL/15.mp4#t0.000-7.000-sitting-1,Subject 3/ADL/15.mp4,2,sitting,3,adl,0.000000,7.000000,7.000000,Reading newspaper while sitting on the floor, Reading[0 to 7]; Sitting[0 to 7]
Subject 3/ADL/16.mp4#t0.000-10.000-sitting-1,Subject 3/ADL/16.mp4,2,sitting,3,adl,0.000000,10.000000,10.000000,Eating while sitting on the ground, Eating[0 to 10]; Sitting[0 to 10]
Subject 3/ADL/17.mp4#t0.000-12.000-sitting-1,Subject 3/ADL/17.mp4,2,sitting,3,adl,0.000000,12.000000,12.000000,Drinking water from a water bottle while sitting on the bed Putting the water bottle on the bed, Drinking[1.8 to 4.1]; Sitting[0 to 12]
Subject 3/ADL/18.mp4#t0.600-11.000-sitting-1,Subject 3/ADL/18.mp4,2,sitting,3,adl,0.600000,11.000000,10.400000,Walking; sitting on the bed and eating biscuits, Eating[5.1 to 5.8]; Sitting[0.6 to 11]; Walking[0 to 0.5]
Subject 3/ADL/18.mp4#t0.000-0.500-walking-2,Subject 3/ADL/18.mp4,0,walking,3,adl,0.000000,0.500000,0.500000,Walking; sitting on the bed and eating biscuits, Eating[5.1 to 5.8]; Sitting[0.6 to 11]; Walking[0 to 0.5]
Subject 3/ADL/19.mp4#t1.800-5.000-walking-1,Subject 3/ADL/19.mp4,0,walking,3,adl,1.800000,5.000000,3.200000,Picking the pen from the floor and putting it on the bed, Walking[1.8 to 5]
Subject 3/ADL/20.mp4#t0.000-9.000-sitting-1,Subject 3/ADL/20.mp4,2,sitting,3,adl,0.000000,9.000000,9.000000,Talking on the phone while sitting on the bed, Sitting[0 to 9]
Subject 3/ADL/21.mp4#t0.000-10.000-sitting-1,Subject 3/ADL/21.mp4,2,sitting,3,adl,0.000000,10.000000,10.000000,Drinking while sitting on the bed, Drinking[0 to 5.1]; Sitting[ 0 to 10]
Subject 3/ADL/22.mp4#t0.000-9.000-sitting-1,Subject 3/ADL/22.mp4,2,sitting,3,adl,0.000000,9.000000,9.000000,Writing while sitting on the bed, Sitting[0 to 9]; Writing[0 to 9]
Subject 3/Fall/01.mp4#t0.000-3.000-falling-1,Subject 3/Fall/01.mp4,4,falling,3,fall,0.000000,3.000000,3.000000,falling forward, Fall (FW)[0 to 3]
Subject 3/Fall/02.mp4#t2.600-6.000-falling-1,Subject 3/Fall/02.mp4,4,falling,3,fall,2.600000,6.000000,3.400000,Falling on the bed (forward), Fall (FW)[2.6 to 6]; Standing[1.3 to 2.2]; Walking[0 to 1.3]
Subject 3/Fall/02.mp4#t1.300-2.200-standing-2,Subject 3/Fall/02.mp4,1,standing,3,fall,1.300000,2.200000,0.900000,Falling on the bed (forward), Fall (FW)[2.6 to 6]; Standing[1.3 to 2.2]; Walking[0 to 1.3]
Subject 3/Fall/02.mp4#t0.000-1.300-walking-3,Subject 3/Fall/02.mp4,0,walking,3,fall,0.000000,1.300000,1.300000,Falling on the bed (forward), Fall (FW)[2.6 to 6]; Standing[1.3 to 2.2]; Walking[0 to 1.3]
Subject 3/Fall/03.mp4#t1.500-5.000-falling-1,Subject 3/Fall/03.mp4,4,falling,3,fall,1.500000,5.000000,3.500000,Falling backward on the floor, Falling (BW)[1.5 to 5]; Standing[0 to 1.5]
Subject 3/Fall/03.mp4#t0.000-1.500-standing-2,Subject 3/Fall/03.mp4,1,standing,3,fall,0.000000,1.500000,1.500000,Falling backward on the floor, Falling (BW)[1.5 to 5]; Standing[0 to 1.5]
Subject 3/Fall/04.mp4#t1.200-5.000-falling-1,Subject 3/Fall/04.mp4,4,falling,3,fall,1.200000,5.000000,3.800000,Walking and then falling backward on the floor, Falling (BW)[1.2 to 5]; Walking[0 to 1.2]
Subject 3/Fall/04.mp4#t0.000-1.200-walking-2,Subject 3/Fall/04.mp4,0,walking,3,fall,0.000000,1.200000,1.200000,Walking and then falling backward on the floor, Falling (BW)[1.2 to 5]; Walking[0 to 1.2]
Subject 3/Fall/05.mp4#t3.200-10.000-falling-1,Subject 3/Fall/05.mp4,4,falling,3,fall,3.200000,10.000000,6.800000,Falling slowly from standing position to the floor, Falling (BW)[3.2 to 10]; Standing[0 to 3]
Subject 3/Fall/05.mp4#t0.000-3.000-standing-2,Subject 3/Fall/05.mp4,1,standing,3,fall,0.000000,3.000000,3.000000,Falling slowly from standing position to the floor, Falling (BW)[3.2 to 10]; Standing[0 to 3]
Subject 3/Fall/06.mp4#t0.000-5.000-falling-1,Subject 3/Fall/06.mp4,4,falling,3,fall,0.000000,5.000000,5.000000,Falling (backward) on the floor from the sitting position, Falling (BW) [0 to 5]
Subject 3/Fall/07.mp4#t1.000-9.000-falling-1,Subject 3/Fall/07.mp4,4,falling,3,fall,1.000000,9.000000,8.000000,Falling on the floor from the standing position, Falling (BW)[1 to 9]; Standing[0 to 1]
Subject 3/Fall/07.mp4#t0.000-1.000-standing-2,Subject 3/Fall/07.mp4,1,standing,3,fall,0.000000,1.000000,1.000000,Falling on the floor from the standing position, Falling (BW)[1 to 9]; Standing[0 to 1]
Subject 3/Fall/08.mp4#t0.000-6.000-falling-1,Subject 3/Fall/08.mp4,4,falling,3,fall,0.000000,6.000000,6.000000,Falling on the right side onto the floor from a standing position, Falling (SW)[0 to 6]
Subject 3/Fall/09.mp4#t3.300-6.000-falling-1,Subject 3/Fall/09.mp4,4,falling,3,fall,3.300000,6.000000,2.700000,Reading the book while sitting on the ground; then falling backward, Falling (BW)[3.3 to 6]; Reading[0 to 3.3]; Sitting[0 to 3.4]
Subject 3/Fall/09.mp4#t0.000-3.400-sitting-2,Subject 3/Fall/09.mp4,2,sitting,3,fall,0.000000,3.400000,3.400000,Reading the book while sitting on the ground; then falling backward, Falling (BW)[3.3 to 6]; Reading[0 to 3.3]; Sitting[0 to 3.4]
Subject 3/Fall/10.mp4#t1.700-4.000-falling-1,Subject 3/Fall/10.mp4,4,falling,3,fall,1.700000,4.000000,2.300000,Falling forward on the bed, Falling (FW)[1.7 to 4]
Subject 3/Fall/11.mp4#t4.700-8.000-falling-1,Subject 3/Fall/11.mp4,4,falling,3,fall,4.700000,8.000000,3.300000,Eating in standing position then falling forward, Falling (FW)[4.7 to 8]; Eating[0 to 2]; Standing[0 to 4.6]
Subject 3/Fall/11.mp4#t0.000-4.600-standing-2,Subject 3/Fall/11.mp4,1,standing,3,fall,0.000000,4.600000,4.600000,Eating in standing position then falling forward, Falling (FW)[4.7 to 8]; Eating[0 to 2]; Standing[0 to 4.6]
Subject 3/Fall/12.mp4#t1.600-4.000-falling-1,Subject 3/Fall/12.mp4,4,falling,3,fall,1.600000,4.000000,2.400000,Falling backward from the bed, Falling (BW)[1.6 to 4]; Standing[0 to 0.8]
Subject 3/Fall/12.mp4#t0.000-0.800-standing-2,Subject 3/Fall/12.mp4,1,standing,3,fall,0.000000,0.800000,0.800000,Falling backward from the bed, Falling (BW)[1.6 to 4]; Standing[0 to 0.8]
Subject 3/Fall/13.mp4#t1.400-4.000-falling-1,Subject 3/Fall/13.mp4,4,falling,3,fall,1.400000,4.000000,2.600000,Writing something in a notebook while sitting position on the floor; then falling backward, Falling (BW)[1.4 to 4]; Sitting[0 to 1.4]; Writing[0 to 1.3]
Subject 3/Fall/13.mp4#t0.000-1.400-sitting-2,Subject 3/Fall/13.mp4,2,sitting,3,fall,0.000000,1.400000,1.400000,Writing something in a notebook while sitting position on the floor; then falling backward, Falling (BW)[1.4 to 4]; Sitting[0 to 1.4]; Writing[0 to 1.3]
Subject 3/Fall/14.mp4#t8.100-12.000-falling-1,Subject 3/Fall/14.mp4,4,falling,3,fall,8.100000,12.000000,3.900000,Falling backward on the floor while removing the shirt and trying to hang it on the hangar, Falling (BW)[8.1 to 12]; Standing[4.6 to 8.1];Walking[0 to 4.6]
Subject 3/Fall/14.mp4#t4.600-8.100-standing-2,Subject 3/Fall/14.mp4,1,standing,3,fall,4.600000,8.100000,3.500000,Falling backward on the floor while removing the shirt and trying to hang it on the hangar, Falling (BW)[8.1 to 12]; Standing[4.6 to 8.1];Walking[0 to 4.6]
Subject 3/Fall/14.mp4#t0.000-4.600-walking-3,Subject 3/Fall/14.mp4,0,walking,3,fall,0.000000,4.600000,4.600000,Falling backward on the floor while removing the shirt and trying to hang it on the hangar, Falling (BW)[8.1 to 12]; Standing[4.6 to 8.1];Walking[0 to 4.6]
Subject 3/Fall/15.mp4#t1.900-5.000-falling-1,Subject 3/Fall/15.mp4,4,falling,3,fall,1.900000,5.000000,3.100000,Trying to drink water from the water bottle and then falling on the floor, Falling (BW)[1.9 to 5]; Standing[0 to 1.8]
Subject 3/Fall/15.mp4#t0.000-1.800-standing-2,Subject 3/Fall/15.mp4,1,standing,3,fall,0.000000,1.800000,1.800000,Trying to drink water from the water bottle and then falling on the floor, Falling (BW)[1.9 to 5]; Standing[0 to 1.8]
Subject 3/Fall/16.mp4#t1.800-7.000-falling-1,Subject 3/Fall/16.mp4,4,falling,3,fall,1.800000,7.000000,5.200000,Walking and then falling left side on the floor, Falling (SW)[1.8 to 7]; Walking[0 to 1.7]
Subject 3/Fall/16.mp4#t0.000-1.700-walking-2,Subject 3/Fall/16.mp4,0,walking,3,fall,0.000000,1.700000,1.700000,Walking and then falling left side on the floor, Falling (SW)[1.8 to 7]; Walking[0 to 1.7]
Subject 3/Fall/17.mp4#t1.400-8.000-falling-1,Subject 3/Fall/17.mp4,4,falling,3,fall,1.400000,8.000000,6.600000, Reading newspaper then falling Backward on the bed, Falling (BW)[1.4 to 8]; Reading[0 to 1.1]; Sitting[0 to 1.4]
Subject 3/Fall/17.mp4#t0.000-1.400-sitting-2,Subject 3/Fall/17.mp4,2,sitting,3,fall,0.000000,1.400000,1.400000, Reading newspaper then falling Backward on the bed, Falling (BW)[1.4 to 8]; Reading[0 to 1.1]; Sitting[0 to 1.4]
Subject 3/Fall/18.mp4#t4.200-11.000-falling-1,Subject 3/Fall/18.mp4,4,falling,3,fall,4.200000,11.000000,6.800000,Sitting on the bed; then falling on the floor, Falling (SW)[4.2 to 11]; Sitting[0 to 3.2]
Subject 3/Fall/18.mp4#t0.000-3.200-sitting-2,Subject 3/Fall/18.mp4,2,sitting,3,fall,0.000000,3.200000,3.200000,Sitting on the bed; then falling on the floor, Falling (SW)[4.2 to 11]; Sitting[0 to 3.2]
Subject 3/Fall/19.mp4#t2.000-5.000-falling-1,Subject 3/Fall/19.mp4,4,falling,3,fall,2.000000,5.000000,3.000000,Falling on the floor from the standing position, Falling (BW)[2 to 5]; Standing[0 to 1.9]
Subject 3/Fall/19.mp4#t0.000-1.900-standing-2,Subject 3/Fall/19.mp4,1,standing,3,fall,0.000000,1.900000,1.900000,Falling on the floor from the standing position, Falling (BW)[2 to 5]; Standing[0 to 1.9]
Subject 3/Fall/20.mp4#t2.300-6.000-falling-1,Subject 3/Fall/20.mp4,4,falling,3,fall,2.300000,6.000000,3.700000,Walking then falling forward on the floor, Falling (FW)[2.3 to 6]; Walking[0 to 2.2]
Subject 3/Fall/20.mp4#t0.000-2.200-walking-2,Subject 3/Fall/20.mp4,0,walking,3,fall,0.000000,2.200000,2.200000,Walking then falling forward on the floor, Falling (FW)[2.3 to 6]; Walking[0 to 2.2]
Subject 3/Fall/21.mp4#t5.400-9.000-falling-1,Subject 3/Fall/21.mp4,4,falling,3,fall,5.400000,9.000000,3.600000,Drinking in standing position then falling sideways, Falling (SW)[5.4 to 9]; Drinking[0 to 1.4]; Standing[0 to 4.4]
Subject 3/Fall/21.mp4#t0.000-4.400-standing-2,Subject 3/Fall/21.mp4,1,standing,3,fall,0.000000,4.400000,4.400000,Drinking in standing position then falling sideways, Falling (SW)[5.4 to 9]; Drinking[0 to 1.4]; Standing[0 to 4.4]
Subject 4/ADL/01.mp4#t0.000-12.000-sitting-1,Subject 4/ADL/01.mp4,2,sitting,4,adl,0.000000,12.000000,12.000000,Wiping the face with a handkerchief while sitting on the bed; cleaning the goggles and putting them on,Sitting[0 to 12]
Subject 4/ADL/02.mp4#t0.000-10.000-walking-1,Subject 4/ADL/02.mp4,0,walking,4,adl,0.000000,10.000000,10.000000,Talking on the mobile phone while walking, Walking[0 to 10]
Subject 4/ADL/03.mp4#t0.000-8.000-sitting-1,Subject 4/ADL/03.mp4,2,sitting,4,adl,0.000000,8.000000,8.000000,Reading a book while sitting on the bed, Reading[3.8 to 8]; Sitting[ 0 to 8]
Subject 4/ADL/04.mp4#t0.000-13.000-sitting-1,Subject 4/ADL/04.mp4,2,sitting,4,adl,0.000000,13.000000,13.000000,Using a laptop while sitting on the bed, Sitting[0 to 13]
Subject 4/ADL/05.mp4#t0.000-1.900-walking-1,Subject 4/ADL/05.mp4,0,walking,4,adl,0.000000,1.900000,1.900000,Doing exercise (push-up); view 1, Exercising[2.6 to 7]; Walking[0 to 1.9]
Subject 4/ADL/06.mp4#t0.000-1.000-walking-1,Subject 4/ADL/06.mp4,0,walking,4,adl,0.000000,1.000000,1.000000,Doing exercise (push-up); view 2, Exercising[1.4 to 6]; Walking[0 to 1]
Subject 4/ADL/08.mp4#t2.100-12.000-sitting-1,Subject 4/ADL/08.mp4,2,sitting,4,adl,2.100000,12.000000,9.900000,Sleeping to sitting; putting on the goggles and drinking water, Drinking[8.5 to 12]; Sitting[2.1 to 12]; Sleeping[0 to 1.1]
Subject 4/ADL/08.mp4#t0.000-1.100-lying_sleeping-2,Subject 4/ADL/08.mp4,3,lying_sleeping,4,adl,0.000000,1.100000,1.100000,Sleeping to sitting; putting on the goggles and drinking water, Drinking[8.5 to 12]; Sitting[2.1 to 12]; Sleeping[0 to 1.1]
Subject 4/ADL/09.mp4#t0.000-12.000-sitting-1,Subject 4/ADL/09.mp4,2,sitting,4,adl,0.000000,12.000000,12.000000,Reading a book and checking the mobile phone while sitting on the bed, Reading[0 to 12]; Sitting[0 to 12]
Subject 4/ADL/10.mp4#t4.300-12.000-lying_sleeping-1,Subject 4/ADL/10.mp4,3,lying_sleeping,4,adl,4.300000,12.000000,7.700000,Walking then sleeping on the bed after removing the goggles, Sleeping[4.3 to 12]; Walking[0 to 1.4]
Subject 4/ADL/10.mp4#t0.000-1.400-walking-2,Subject 4/ADL/10.mp4,0,walking,4,adl,0.000000,1.400000,1.400000,Walking then sleeping on the bed after removing the goggles, Sleeping[4.3 to 12]; Walking[0 to 1.4]
Subject 4/ADL/11.mp4#t0.000-10.000-sitting-1,Subject 4/ADL/11.mp4,2,sitting,4,adl,0.000000,10.000000,10.000000,Copying content from a book into a notebook while sitting on the floor, Sitting[0 to 10]; Writing[2.7 to 10]
Subject 4/ADL/12.mp4#t0.000-8.000-sitting-1,Subject 4/ADL/12.mp4,2,sitting,4,adl,0.000000,8.000000,8.000000,Stopping copying from a book and drinking water while sitting on the floor, Drinking[4.5 to 8]; Reading[0 to 1.6]; Sitting[0 to 8]; Writing[0 to 1.6]
Subject 4/ADL/13.mp4#t0.000-5.000-sitting-1,Subject 4/ADL/13.mp4,2,sitting,4,adl,0.000000,5.000000,5.000000,Writing while sitting on the chair, Sitting[0 to 5]; Writing[0 to 5]
Subject 4/ADL/14.mp4#t1.500-8.000-standing-2,Subject 4/ADL/14.mp4,1,standing,4,adl,1.500000,8.000000,6.500000,Sitting in the chair to standing on the floor; then picking up the water bottle and drinking water from it, Drinking[4.5 to 6.7]; Standing[0 to 0.3; 1.5 to 8]; Walking[0.4 to 1.4]
Subject 4/ADL/14.mp4#t0.400-1.400-walking-3,Subject 4/ADL/14.mp4,0,walking,4,adl,0.400000,1.400000,1.000000,Sitting in the chair to standing on the floor; then picking up the water bottle and drinking water from it, Drinking[4.5 to 6.7]; Standing[0 to 0.3; 1.5 to 8]; Walking[0.4 to 1.4]
Subject 4/ADL/15.mp4#t0.000-0.500-sitting-1,Subject 4/ADL/15.mp4,2,sitting,4,adl,0.000000,0.500000,0.500000,Sitting to sleeping on the bed, Sitting[0 to 0.5]; Sleeping[1.6 to 5]
Subject 4/ADL/15.mp4#t1.600-5.000-lying_sleeping-2,Subject 4/ADL/15.mp4,3,lying_sleeping,4,adl,1.600000,5.000000,3.400000,Sitting to sleeping on the bed, Sitting[0 to 0.5]; Sleeping[1.6 to 5]
Subject 4/ADL/16.mp4#t0.500-2.800-sitting-1,Subject 4/ADL/16.mp4,2,sitting,4,adl,0.500000,2.800000,2.300000,Sitting on the bed; removing the goggles; then sleeping, Sitting[0.5 to 2.8]; Sleeping[2.9 to 7]
Subject 4/ADL/16.mp4#t2.900-7.000-lying_sleeping-2,Subject 4/ADL/16.mp4,3,lying_sleeping,4,adl,2.900000,7.000000,4.100000,Sitting on the bed; removing the goggles; then sleeping, Sitting[0.5 to 2.8]; Sleeping[2.9 to 7]
Subject 4/ADL/17.mp4#t0.000-6.000-walking-1,Subject 4/ADL/17.mp4,0,walking,4,adl,0.000000,6.000000,6.000000,Picking up the book from the floor and putting it on the bed, Walking[0 to 6]
Subject 4/ADL/18.mp4#t0.700-14.000-sitting-1,Subject 4/ADL/18.mp4,2,sitting,4,adl,0.700000,14.000000,13.300000,Wiping the face with a handkerchief; putting on the goggles; then reading a book, Reading[11.5 to 14]; Sitting[0.7 to 14]
Subject 4/ADL/19.mp4#t6.900-9.000-sitting-1,Subject 4/ADL/19.mp4,2,sitting,4,adl,6.900000,9.000000,2.100000,Walking; then picking up the biscuit jar and eating biscuits from it after sitting on the bed, Eating[7.7 to 9]; Sitting[6.9 to 9]; Standing[3 to 6.4]; Walking[0 to 1.7] 
Subject 4/ADL/19.mp4#t3.000-6.400-standing-2,Subject 4/ADL/19.mp4,1,standing,4,adl,3.000000,6.400000,3.400000,Walking; then picking up the biscuit jar and eating biscuits from it after sitting on the bed, Eating[7.7 to 9]; Sitting[6.9 to 9]; Standing[3 to 6.4]; Walking[0 to 1.7] 
Subject 4/ADL/19.mp4#t0.000-1.700-walking-3,Subject 4/ADL/19.mp4,0,walking,4,adl,0.000000,1.700000,1.700000,Walking; then picking up the biscuit jar and eating biscuits from it after sitting on the bed, Eating[7.7 to 9]; Sitting[6.9 to 9]; Standing[3 to 6.4]; Walking[0 to 1.7] 
Subject 4/ADL/20.mp4#t2.800-17.000-sitting-1,Subject 4/ADL/20.mp4,2,sitting,4,adl,2.800000,17.000000,14.200000,Eating biscuits then picking up the water bottle from the floor and drinking the water from it after sitting on the bed; keeping the bottle on the floor, Drinking[4.6 to 10.4]; Eating[16.2 to 17]; Sitting[2.8 to 17]; Standing[0.7 to 2.6]
Subject 4/ADL/20.mp4#t0.700-2.600-standing-2,Subject 4/ADL/20.mp4,1,standing,4,adl,0.700000,2.600000,1.900000,Eating biscuits then picking up the water bottle from the floor and drinking the water from it after sitting on the bed; keeping the bottle on the floor, Drinking[4.6 to 10.4]; Eating[16.2 to 17]; Sitting[2.8 to 17]; Standing[0.7 to 2.6]
Subject 4/Fall/01.mp4#t1.800-4.000-falling-1,Subject 4/Fall/01.mp4,4,falling,4,fall,1.800000,4.000000,2.200000,Standing on the bed to falling (LS) on the bed, Falling (SW)[1.8 to 4]; Standing[0 to 1.5]
Subject 4/Fall/01.mp4#t0.000-1.500-standing-2,Subject 4/Fall/01.mp4,1,standing,4,fall,0.000000,1.500000,1.500000,Standing on the bed to falling (LS) on the bed, Falling (SW)[1.8 to 4]; Standing[0 to 1.5]
Subject 4/Fall/02.mp4#t1.500-2.000-falling-1,Subject 4/Fall/02.mp4,4,falling,4,fall,1.500000,2.000000,0.500000,Falling (LS) from the bed to the floor, Falling (SW)[1.5 to 2]; Sleeping[0 to 1.4]
Subject 4/Fall/02.mp4#t0.000-1.400-lying_sleeping-2,Subject 4/Fall/02.mp4,3,lying_sleeping,4,fall,0.000000,1.400000,1.400000,Falling (LS) from the bed to the floor, Falling (SW)[1.5 to 2]; Sleeping[0 to 1.4]
Subject 4/Fall/03.mp4#t1.700-6.000-falling-1,Subject 4/Fall/03.mp4,4,falling,4,fall,1.700000,6.000000,4.300000,Walking then falling (forward) view 1, Falling (FW)[1.7 to 6]; Walking[0 to 1.7]
Subject 4/Fall/03.mp4#t0.000-1.700-walking-2,Subject 4/Fall/03.mp4,0,walking,4,fall,0.000000,1.700000,1.700000,Walking then falling (forward) view 1, Falling (FW)[1.7 to 6]; Walking[0 to 1.7]
Subject 4/Fall/04.mp4#t1.200-4.000-falling-1,Subject 4/Fall/04.mp4,4,falling,4,fall,1.200000,4.000000,2.800000,Walking then falling (forward) view 2, Falling (FW)[1.2 to 4]
Subject 4/Fall/05.mp4#t2.700-7.000-falling-1,Subject 4/Fall/05.mp4,4,falling,4,fall,2.700000,7.000000,4.300000,Falling (RS) on the bed from sitting on the bed, Falling (SW)[2.7 to 7]; Sitting[0 to 2.4]
Subject 4/Fall/05.mp4#t0.000-2.400-sitting-2,Subject 4/Fall/05.mp4,2,sitting,4,fall,0.000000,2.400000,2.400000,Falling (RS) on the bed from sitting on the bed, Falling (SW)[2.7 to 7]; Sitting[0 to 2.4]
Subject 4/Fall/06.mp4#t1.100-6.000-falling-1,Subject 4/Fall/06.mp4,4,falling,4,fall,1.100000,6.000000,4.900000,Falling (LS) on the bed from sitting on the bed then falling (RS) to the floor, Falling (SW)[1.1 to 6]; Sitting[0 to 1]
Subject 4/Fall/06.mp4#t0.000-1.000-sitting-2,Subject 4/Fall/06.mp4,2,sitting,4,fall,0.000000,1.000000,1.000000,Falling (LS) on the bed from sitting on the bed then falling (RS) to the floor, Falling (SW)[1.1 to 6]; Sitting[0 to 1]
Subject 4/Fall/07.mp4#t2.400-6.000-falling-1,Subject 4/Fall/07.mp4,4,falling,4,fall,2.400000,6.000000,3.600000,Walking then falling (LS) on the floor, Falling (SW)[2.4 to 6]; Walking[0 to 1.6]
Subject 4/Fall/07.mp4#t0.000-1.600-walking-2,Subject 4/Fall/07.mp4,0,walking,4,fall,0.000000,1.600000,1.600000,Walking then falling (LS) on the floor, Falling (SW)[2.4 to 6]; Walking[0 to 1.6]
Subject 4/Fall/08.mp4#t2.300-6.000-falling-1,Subject 4/Fall/08.mp4,4,falling,4,fall,2.300000,6.000000,3.700000,Falling backward on the bed from sitting on the bed, Falling (BW)[2.3 to 6]; Sitting[0 to 2.2]
Subject 4/Fall/08.mp4#t0.000-2.200-sitting-2,Subject 4/Fall/08.mp4,2,sitting,4,fall,0.000000,2.200000,2.200000,Falling backward on the bed from sitting on the bed, Falling (BW)[2.3 to 6]; Sitting[0 to 2.2]
Subject 4/Fall/09.mp4#t2.300-6.000-falling-1,Subject 4/Fall/09.mp4,4,falling,4,fall,2.300000,6.000000,3.700000,Falling backward on the bed from sitting on the bed, Falling (BW)[2.3 6]; Sitting[0 to 2]
Subject 4/Fall/09.mp4#t0.000-2.000-sitting-2,Subject 4/Fall/09.mp4,2,sitting,4,fall,0.000000,2.000000,2.000000,Falling backward on the bed from sitting on the bed, Falling (BW)[2.3 6]; Sitting[0 to 2]
Subject 4/Fall/10.mp4#t2.200-5.000-falling-1,Subject 4/Fall/10.mp4,4,falling,4,fall,2.200000,5.000000,2.800000,Reading a book while sitting on the chair then falling (FW) on the ground, Falling (FW)[2.2 to 5]; Reading[0 to 2.1]; Sitting[0 to 2.1]
Subject 4/Fall/10.mp4#t0.000-2.100-sitting-2,Subject 4/Fall/10.mp4,2,sitting,4,fall,0.000000,2.100000,2.100000,Reading a book while sitting on the chair then falling (FW) on the ground, Falling (FW)[2.2 to 5]; Reading[0 to 2.1]; Sitting[0 to 2.1]
Subject 4/Fall/11.mp4#t1.200-4.000-falling-1,Subject 4/Fall/11.mp4,4,falling,4,fall,1.200000,4.000000,2.800000,Walking then falling (FW: only waist to toe is visible after falling), Falling (FW)[1.2 to 4]; Walking[0 to 1]
Subject 4/Fall/11.mp4#t0.000-1.000-walking-2,Subject 4/Fall/11.mp4,0,walking,4,fall,0.000000,1.000000,1.000000,Walking then falling (FW: only waist to toe is visible after falling), Falling (FW)[1.2 to 4]; Walking[0 to 1]
Subject 4/Fall/12.mp4#t1.500-4.000-falling-1,Subject 4/Fall/12.mp4,4,falling,4,fall,1.500000,4.000000,2.500000,Falling (FW)to the floor from sitting on the bed, Falling (FW)[1.5 to 4]; Sitting[0 to 1.3]
Subject 4/Fall/12.mp4#t0.000-1.300-sitting-2,Subject 4/Fall/12.mp4,2,sitting,4,fall,0.000000,1.300000,1.300000,Falling (FW)to the floor from sitting on the bed, Falling (FW)[1.5 to 4]; Sitting[0 to 1.3]
Subject 4/Fall/13.mp4#t0.300-5.000-falling-1,Subject 4/Fall/13.mp4,4,falling,4,fall,0.300000,5.000000,4.700000,Falling (sideways) on the bed from sitting on the bed, Falling (SW)[0.3 to 5]
Subject 4/Fall/14.mp4#t0.800-5.000-falling-1,Subject 4/Fall/14.mp4,4,falling,4,fall,0.800000,5.000000,4.200000,Falling (RS) on the bed from sitting on the bed then falling (LS) to the floor, Falling (SW)[0.8 to 5]; Sitting[0 to 0.8]
Subject 4/Fall/14.mp4#t0.000-0.800-sitting-2,Subject 4/Fall/14.mp4,2,sitting,4,fall,0.000000,0.800000,0.800000,Falling (RS) on the bed from sitting on the bed then falling (LS) to the floor, Falling (SW)[0.8 to 5]; Sitting[0 to 0.8]
Subject 4/Fall/15.mp4#t0.000-1.700-sitting-1,Subject 4/Fall/15.mp4,2,sitting,4,fall,0.000000,1.700000,1.700000,Falling (FW) on the floor from sitting on the bed, Falling (FW); Sitting[0 to 1.7]
Subject 4/Fall/16.mp4#t3.200-7.000-falling-1,Subject 4/Fall/16.mp4,4,falling,4,fall,3.200000,7.000000,3.800000,Walking then falling (FW) on the floor, Falling (FW)[3.2 to 7]; Walking[0 to 2.9]
Subject 4/Fall/16.mp4#t0.000-2.900-walking-2,Subject 4/Fall/16.mp4,0,walking,4,fall,0.000000,2.900000,2.900000,Walking then falling (FW) on the floor, Falling (FW)[3.2 to 7]; Walking[0 to 2.9]
Subject 4/Fall/17.mp4#t2.800-6.000-falling-1,Subject 4/Fall/17.mp4,4,falling,4,fall,2.800000,6.000000,3.200000,Falling (LS) on the bed from sitting on the bed, Falling (SW)[2.8 to 6]; Sitting[0 to 2.6]
Subject 4/Fall/17.mp4#t0.000-2.600-sitting-2,Subject 4/Fall/17.mp4,2,sitting,4,fall,0.000000,2.600000,2.600000,Falling (LS) on the bed from sitting on the bed, Falling (SW)[2.8 to 6]; Sitting[0 to 2.6]
