path,label,start,end,subject,cam,dataset
chute01/cam6,0,28.79931,33.904,1,6,mcfd
chute01/cam6,9,33.936,36.172,1,6,mcfd
chute01/cam6,1,36.204,38.21597,1,6,mcfd
chute02/cam6,0,10.73681,13.59,1,6,mcfd
chute02/cam6,1,13.622,15.67431,1,6,mcfd
chute03/cam6,0,12.77847,20.348,1,6,mcfd
chute03/cam6,1,20.38,23.11181,1,6,mcfd
chute04/cam6,0,9.82014,12.388,1,6,mcfd
chute04/cam6,1,12.388,13.73681,1,6,mcfd
chute05/cam6,0,9.79931,10.646,1,6,mcfd
chute05/cam6,1,10.682,12.92431,1,6,mcfd
chute05/cam6,2,12.924,15.314,1,6,mcfd
chute06/cam6,0,13.96597,22.902,1,6,mcfd
chute06/cam6,1,22.934,25.32014,1,6,mcfd
chute07/cam6,0,10.84097,16.41,1,6,mcfd
chute07/cam6,1,16.446,18.59097,1,6,mcfd
chute08/cam6,0,6.94514,11.754,1,6,mcfd
chute08/cam6,1,11.786,13.15347,1,6,mcfd
chute08/cam6,2,13.153,15.422,1,6,mcfd
chute09/cam6,0,10.04931,16.106,1,6,mcfd
chute09/cam6,1,16.142,17.206,1,6,mcfd
chute09/cam6,4,17.242,19.574,1,6,mcfd
chute09/cam6,7,19.606,21.274,1,6,mcfd
chute09/cam6,1,21.306,22.73681,1,6,mcfd
chute10/cam6,0,10.48681,15.946,1,6,mcfd
chute10/cam6,3,15.978,17.32014,1,6,mcfd
chute10/cam6,2,18.653,20.81681,1,6,mcfd
chute11/cam6,0,12.50764,15.636,1,6,mcfd
chute11/cam6,1,15.672,17.23681,1,6,mcfd
chute12/cam6,0,11.934,20.234,1,6,mcfd
chute12/cam6,1,20.27,21.87,1,6,mcfd
chute12/cam6,2,21.902,25.77,1,6,mcfd
chute13/cam6,0,10.95,15.25,1,6,mcfd
chute13/cam6,1,15.286,16.786,1,6,mcfd
chute13/cam6,9,16.818,22.118,1,6,mcfd
chute13/cam6,6,22.15,24.25764,1,6,mcfd
chute13/cam6,1,28.35,29.686,1,6,mcfd
chute13/cam6,2,29.718,32.918,1,6,mcfd
chute14/cam6,0,13.386,19.486,1,6,mcfd
chute14/cam6,1,19.518,20.654,1,6,mcfd
chute14/cam6,6,20.686,27.61181,1,6,mcfd
chute14/cam6,7,27.612,33.918,1,6,mcfd
chute14/cam6,1,33.954,35.086,1,6,mcfd
chute14/cam6,2,35.118,38.154,1,6,mcfd
chute15/cam6,0,13.46,17.56,1,6,mcfd
chute15/cam6,1,17.592,19.028,1,6,mcfd
chute15/cam6,4,19.06,22.36,1,6,mcfd
chute15/cam6,7,22.392,26.492,1,6,mcfd
chute15/cam6,1,26.528,27.592,1,6,mcfd
chute15/cam6,2,27.628,30.36,1,6,mcfd
chute16/cam6,0,12.974,15.474,1,6,mcfd
chute16/cam6,9,15.506,19.238,1,6,mcfd
chute16/cam6,9,19.274,22.638,1,6,mcfd
chute16/cam6,1,22.674,24.674,1,6,mcfd
chute16/cam6,4,24.706,27.538,1,6,mcfd
chute16/cam6,7,27.574,29.974,1,6,mcfd
chute16/cam6,1,30.006,31.638,1,6,mcfd
chute16/cam6,2,31.674,33.638,1,6,mcfd
chute17/cam6,0,8.368,10.5,1,6,mcfd
chute17/cam6,9,10.532,12.932,1,6,mcfd
chute17/cam6,9,12.968,15.332,1,6,mcfd
chute17/cam6,1,15.368,17.7,1,6,mcfd
chute17/cam6,4,17.732,20.07014,1,6,mcfd
chute17/cam6,1,24.332,25.668,1,6,mcfd
chute17/cam6,2,25.7,28.668,1,6,mcfd
chute18/cam6,0,13.704,16.272,1,6,mcfd
chute18/cam6,3,16.304,18.004,1,6,mcfd
chute18/cam6,4,18.04,21.34,1,6,mcfd
chute18/cam6,7,21.372,22.672,1,6,mcfd
chute18/cam6,1,22.704,23.704,1,6,mcfd
chute18/cam6,2,23.74,28.34,1,6,mcfd
chute19/cam6,0,9.486,17.586,1,6,mcfd
chute19/cam6,1,17.618,20.986,1,6,mcfd
chute19/cam6,2,21.018,26.654,1,6,mcfd
chute20/cam6,0,10.168,18.268,1,6,mcfd
chute20/cam6,1,18.304,22.536,1,6,mcfd
chute20/cam6,2,22.568,26.804,1,6,mcfd
chute01/cam6,2,38.216,42.57014,1,6,mcfd
chute01/cam6,7,42.57,48.15347,1,6,mcfd
chute01/cam6,0,48.153,49.27847,1,6,mcfd
chute01/cam6,9,49.278,51.11181,1,6,mcfd
chute01/cam6,0,51.112,52.152,1,6,mcfd
chute02/cam6,2,15.674,24.44514,1,6,mcfd
chute02/cam6,7,24.445,27.57014,1,6,mcfd
chute02/cam6,0,27.57,27.967,1,6,mcfd
chute03/cam6,2,23.112,28.77847,1,6,mcfd
chute03/cam6,7,28.778,31.54931,1,6,mcfd
chute04/cam6,2,13.737,14.82014,1,6,mcfd
chute04/cam6,7,14.82,22.65347,1,6,mcfd
chute04/cam6,1,22.653,24.36181,1,6,mcfd
chute04/cam6,2,24.362,29.65347,1,6,mcfd
chute04/cam6,7,29.653,33.27847,1,6,mcfd
chute04/cam6,0,33.278,35.29597,1,6,mcfd
chute05/cam6,7,15.314,21.23681,1,6,mcfd
chute05/cam6,9,21.237,25.85931,1,6,mcfd
chute06/cam6,2,25.32,41.94514,1,6,mcfd
chute06/cam6,7,41.945,45.29597,1,6,mcfd
chute07/cam6,2,18.591,24.09014,1,6,mcfd
chute07/cam6,7,24.09,27.73681,1,6,mcfd
chute07/cam6,1,27.737,29.02847,1,6,mcfd
chute07/cam6,7,29.028,30.48431,1,6,mcfd
chute08/cam6,7,15.422,22.36181,1,6,mcfd
chute08/cam6,0,22.362,23.382,1,6,mcfd
chute09/cam6,2,22.737,28.13264,1,6,mcfd
chute09/cam6,7,28.133,30.86097,1,6,mcfd
chute10/cam6,1,17.32,18.65347,1,6,mcfd
chute10/cam6,7,20.84097,29.17431,1,6,mcfd
chute10/cam6,0,29.174,31.51681,1,6,mcfd
chute11/cam6,2,17.237,24.17431,1,6,mcfd
chute11/cam6,7,24.174,26.81597,1,6,mcfd
chute13/cam6,7,24.258,28.318,1,6,mcfd
chute17/cam6,7,20.07,24.3,1,6,mcfd
chute21/cam6,0,14.23681,18.682,1,6,mcfd
chute21/cam6,3,18.682,21.39,1,6,mcfd
chute21/cam6,4,21.422,27.59,1,6,mcfd
chute21/cam6,7,27.622,29.89,1,6,mcfd
chute21/cam6,1,29.922,31.614,1,6,mcfd
chute22/cam6,0,11.852,21.096,1,6,mcfd
chute22/cam6,3,21.132,24.396,1,6,mcfd
chute22/cam6,4,24.432,26.132,1,6,mcfd
chute22/cam6,7,26.164,27.096,1,6,mcfd
chute22/cam6,1,27.132,29.176,1,6,mcfd
chute23/cam6,0,19.76,22.341,1,6,mcfd
chute23/cam6,7,52.708,56.11181,1,6,mcfd
chute23/cam6,0,63.372,89.02847,1,6,mcfd
chute23/cam6,6,92.299,94.69514,1,6,mcfd
chute23/cam6,7,94.695,102.59097,1,6,mcfd
chute23/cam6,5,107.403,110.28,1,6,mcfd
chute23/cam6,7,114.403,120.69514,1,6,mcfd
chute23/cam6,3,141.091,144.172,1,6,mcfd
chute23/cam6,4,144.208,150.06514,1,6,mcfd
chute23/cam6,7,150.072,152.59097,1,6,mcfd
chute24/cam6,0,11.148,32.808,1,6,mcfd
chute24/cam6,9,32.84,44.172,1,6,mcfd
chute24/cam6,9,44.208,48.672,1,6,mcfd
chute24/cam6,9,48.708,58.672,1,6,mcfd
chute24/cam6,9,58.708,63.14,1,6,mcfd
chute24/cam6,9,63.172,83.34,1,6,mcfd
chute24/cam6,9,83.372,86.572,1,6,mcfd
chute24/cam6,9,86.608,101.672,1,6,mcfd
chute24/cam6,9,101.708,104.508,1,6,mcfd
chute24/cam6,0,104.54,108.44,1,6,mcfd
chute24/cam6,0,108.472,112.108,1,6,mcfd
chute24/cam6,9,112.14,118.90347,1,6,mcfd
chute21/cam6,2,31.614,36.59097,1,6,mcfd
chute21/cam6,7,36.591,40.13264,1,6,mcfd
chute21/cam6,0,40.133,40.667,1,6,mcfd
chute22/cam6,2,29.176,32.564,1,6,mcfd
chute22/cam6,7,32.564,38.02847,1,6,mcfd
chute22/cam6,0,38.028,38.5,1,6,mcfd
chute23/cam6,9,22.341,25.11181,1,6,mcfd
chute23/cam6,0,13.16,19.14,1,6,mcfd
chute23/cam6,8,19.16,19.76,1,6,mcfd
chute23/cam6,0,25.112,51.27847,1,6,mcfd
chute23/cam6,1,51.278,52.708,1,6,mcfd
chute23/cam6,0,56.112,58.52847,1,6,mcfd
chute23/cam6,9,58.528,63.34,1,6,mcfd
chute23/cam6,5,89.028,92.29931,1,6,mcfd
chute23/cam6,0,102.591,106.65347,1,6,mcfd
chute23/cam6,3,106.653,107.40347,1,6,mcfd
chute23/cam6,6,110.28,114.40347,1,6,mcfd
chute23/cam6,1,120.695,121.77847,1,6,mcfd
chute23/cam6,7,121.778,126.17431,1,6,mcfd
chute23/cam6,9,126.174,138.17431,1,6,mcfd
chute23/cam6,0,138.174,141.09097,1,6,mcfd
chute23/cam6,8,172.02847,174.21597,1,6,mcfd
chute23/cam6,0,152.591,172.028,1,6,mcfd
chute23/cam6,0,174.216,180.31681,1,6,mcfd
chute24/cam6,8,118.903,122.75514,1,6,mcfd
chute01/cam1,0,28.13264333333333,33.23733333333334,1,1,mcfd
chute01/cam2,0,28.13264333333333,33.23733333333334,1,2,mcfd
chute01/cam3,0,28.29931,33.404,1,3,mcfd
chute01/cam4,0,28.165976666666666,33.27066666666667,1,4,mcfd
chute01/cam5,0,28.79931,33.904,1,5,mcfd
chute01/cam7,0,28.23264333333333,33.33733333333333,1,7,mcfd
chute01/cam8,0,28.032643333333333,33.13733333333334,1,8,mcfd
chute01/cam1,9,33.269333333333336,35.50533333333333,1,1,mcfd
chute01/cam2,9,33.269333333333336,35.50533333333333,1,2,mcfd
chute01/cam3,9,33.436,35.672,1,3,mcfd
chute01/cam4,9,33.30266666666667,35.538666666666664,1,4,mcfd
chute01/cam5,9,33.936,36.172,1,5,mcfd
chute01/cam7,9,33.36933333333333,35.60533333333333,1,7,mcfd
chute01/cam8,9,33.169333333333334,35.40533333333333,1,8,mcfd
chute01/cam1,1,35.537333333333336,37.54930333333333,1,1,mcfd
chute01/cam2,1,35.537333333333336,37.54930333333333,1,2,mcfd
chute01/cam3,1,35.704,37.71597,1,3,mcfd
chute01/cam4,1,35.57066666666667,37.582636666666666,1,4,mcfd
chute01/cam5,1,36.204,38.21597,1,5,mcfd
chute01/cam7,1,35.63733333333333,37.64930333333333,1,7,mcfd
chute01/cam8,1,35.437333333333335,37.44930333333333,1,8,mcfd
chute02/cam1,0,10.970143333333333,13.823333333333332,1,1,mcfd
chute02/cam2,0,11.470143333333333,14.323333333333332,1,2,mcfd
chute02/cam3,0,10.13681,12.99,1,3,mcfd
chute02/cam4,0,10.670143333333334,13.523333333333332,1,4,mcfd
chute02/cam5,0,10.73681,13.59,1,5,mcfd
chute02/cam7,0,11.23681,14.09,1,7,mcfd
chute02/cam8,0,10.33681,13.19,1,8,mcfd
chute02/cam1,1,13.855333333333332,15.907643333333333,1,1,mcfd
chute02/cam2,1,14.355333333333332,16.407643333333333,1,2,mcfd
chute02/cam3,1,13.022,15.07431,1,3,mcfd
chute02/cam4,1,13.555333333333332,15.607643333333334,1,4,mcfd
chute02/cam5,1,13.622,15.67431,1,5,mcfd
chute02/cam7,1,14.122,16.17431,1,7,mcfd
chute02/cam8,1,13.222,15.27431,1,8,mcfd
chute03/cam1,0,12.011803333333331,19.581333333333333,1,1,mcfd
chute03/cam2,0,12.145136666666668,19.714666666666663,1,2,mcfd
chute03/cam3,0,11.87847,19.448,1,3,mcfd
chute03/cam4,0,12.145136666666668,19.714666666666663,1,4,mcfd
chute03/cam5,0,12.77847,20.348,1,5,mcfd
chute03/cam7,0,12.27847,19.848,1,7,mcfd
chute03/cam8,0,11.611803333333334,19.18133333333333,1,8,mcfd
chute03/cam1,1,19.613333333333333,22.345143333333333,1,1,mcfd
chute03/cam2,1,19.746666666666663,22.478476666666666,1,2,mcfd
chute03/cam3,1,19.48,22.21181,1,3,mcfd
chute03/cam4,1,19.746666666666663,22.478476666666666,1,4,mcfd
chute03/cam5,1,20.38,23.11181,1,5,mcfd
chute03/cam7,1,19.88,22.61181,1,7,mcfd
chute03/cam8,1,19.21333333333333,21.94514333333333,1,8,mcfd
chute04/cam1,0,9.953473333333331,12.521333333333333,1,1,mcfd
chute04/cam2,0,10.186806666666667,12.754666666666669,1,2,mcfd
chute04/cam3,0,10.153473333333334,12.721333333333334,1,3,mcfd
chute04/cam4,0,7.553473333333334,10.121333333333332,1,4,mcfd
chute04/cam5,0,9.82014,12.388,1,5,mcfd
chute04/cam7,0,10.32014,12.888,1,7,mcfd
chute04/cam8,0,9.42014,11.988,1,8,mcfd
chute04/cam1,1,12.521333333333333,13.870143333333331,1,1,mcfd
chute04/cam2,1,12.754666666666669,14.103476666666667,1,2,mcfd
chute04/cam3,1,12.721333333333334,14.070143333333334,1,3,mcfd
chute04/cam4,1,10.121333333333332,11.470143333333333,1,4,mcfd
chute04/cam5,1,12.388,13.73681,1,5,mcfd
chute04/cam7,1,12.888,14.23681,1,7,mcfd
chute04/cam8,1,11.988,13.33681,1,8,mcfd
chute05/cam1,0,9.765976666666669,10.612666666666668,1,1,mcfd
chute05/cam2,0,9.99931,10.846,1,2,mcfd
chute05/cam3,0,9.365976666666668,10.212666666666667,1,3,mcfd
chute05/cam4,0,9.565976666666668,10.412666666666668,1,4,mcfd
chute05/cam5,0,9.79931,10.646,1,5,mcfd
chute05/cam7,0,10.065976666666668,10.912666666666668,1,7,mcfd
chute05/cam8,0,10.132643333333334,10.979333333333336,1,8,mcfd
chute05/cam1,1,10.648666666666667,12.890976666666669,1,1,mcfd
chute05/cam2,1,10.882,13.12431,1,2,mcfd
chute05/cam3,1,10.248666666666669,12.490976666666668,1,3,mcfd
chute05/cam4,1,10.448666666666668,12.690976666666668,1,4,mcfd
chute05/cam5,1,10.682,12.92431,1,5,mcfd
chute05/cam7,1,10.948666666666668,13.190976666666668,1,7,mcfd
chute05/cam8,1,11.015333333333334,13.257643333333334,1,8,mcfd
chute05/cam1,2,12.890666666666666,15.280666666666669,1,1,mcfd
chute05/cam2,2,13.124,15.514,1,2,mcfd
chute05/cam3,2,12.490666666666666,14.880666666666666,1,3,mcfd
chute05/cam4,2,12.690666666666669,15.080666666666668,1,4,mcfd
chute05/cam5,2,12.924,15.314,1,5,mcfd
chute05/cam7,2,13.190666666666669,15.580666666666668,1,7,mcfd
chute05/cam8,2,13.257333333333332,15.647333333333334,1,8,mcfd
chute06/cam1,0,10.999303333333334,19.93533333333333,1,1,mcfd
chute06/cam2,0,14.332636666666668,23.268666666666668,1,2,mcfd
chute06/cam3,0,14.532636666666669,23.468666666666667,1,3,mcfd
chute06/cam4,0,13.999303333333334,22.935333333333336,1,4,mcfd
chute06/cam5,0,13.96597,22.902,1,5,mcfd
chute06/cam7,0,14.46597,23.402,1,7,mcfd
chute06/cam8,0,13.96597,22.902,1,8,mcfd
chute06/cam1,1,19.967333333333336,22.353473333333334,1,1,mcfd
chute06/cam2,1,23.300666666666668,25.686806666666666,1,2,mcfd
chute06/cam3,1,23.500666666666667,25.886806666666665,1,3,mcfd
chute06/cam4,1,22.967333333333336,25.353473333333334,1,4,mcfd
chute06/cam5,1,22.934,25.32014,1,5,mcfd
chute06/cam7,1,23.434,25.82014,1,7,mcfd
chute06/cam8,1,22.934,25.32014,1,8,mcfd
chute07/cam1,0,11.74097,17.31,1,1,mcfd
chute07/cam2,0,11.274303333333334,16.843333333333334,1,2,mcfd
chute07/cam3,0,11.34097,16.91,1,3,mcfd
chute07/cam4,0,10.807636666666667,16.376666666666665,1,4,mcfd
chute07/cam5,0,10.84097,16.41,1,5,mcfd
chute07/cam7,0,11.407636666666669,16.976666666666667,1,7,mcfd
chute07/cam8,0,11.474303333333332,17.043333333333333,1,8,mcfd
chute07/cam1,1,17.346,19.49097,1,1,mcfd
chute07/cam2,1,16.879333333333335,19.02430333333333,1,2,mcfd
chute07/cam3,1,16.946,19.09097,1,3,mcfd
chute07/cam4,1,16.412666666666667,18.557636666666664,1,4,mcfd
chute07/cam5,1,16.446,18.59097,1,5,mcfd
chute07/cam7,1,17.012666666666668,19.157636666666665,1,7,mcfd
chute07/cam8,1,17.079333333333334,19.22430333333333,1,8,mcfd
chute08/cam1,0,7.878473333333334,12.687333333333331,1,1,mcfd
chute08/cam2,0,7.44514,12.254,1,2,mcfd
chute08/cam3,0,4.811806666666668,9.620666666666668,1,3,mcfd
chute08/cam4,0,7.511806666666667,12.320666666666666,1,4,mcfd
chute08/cam5,0,6.94514,11.754,1,5,mcfd
chute08/cam7,0,7.54514,12.354,1,7,mcfd
chute08/cam8,0,6.678473333333334,11.487333333333332,1,8,mcfd
chute08/cam1,1,12.719333333333331,14.086803333333334,1,1,mcfd
chute08/cam2,1,12.286,13.65347,1,2,mcfd
chute08/cam3,1,9.652666666666669,11.020136666666668,1,3,mcfd
chute08/cam4,1,12.352666666666666,13.720136666666669,1,4,mcfd
chute08/cam5,1,11.786,13.15347,1,5,mcfd
chute08/cam7,1,12.386,13.75347,1,7,mcfd
chute08/cam8,1,11.519333333333332,12.886803333333331,1,8,mcfd
chute08/cam1,2,14.086333333333334,16.355333333333334,1,1,mcfd
chute08/cam2,2,13.653,15.922,1,2,mcfd
chute08/cam3,2,11.019666666666668,13.288666666666668,1,3,mcfd
chute08/cam4,2,13.719666666666669,15.988666666666669,1,4,mcfd
chute08/cam5,2,13.153,15.422,1,5,mcfd
chute08/cam7,2,13.753,16.022000000000002,1,7,mcfd
chute08/cam8,2,12.886333333333331,15.155333333333331,1,8,mcfd
chute09/cam1,0,10.215976666666666,16.27266666666667,1,1,mcfd
chute09/cam2,0,9.915976666666667,15.972666666666669,1,2,mcfd
chute09/cam3,0,9.64931,15.706,1,3,mcfd
chute09/cam4,0,10.24931,16.306,1,4,mcfd
chute09/cam5,0,10.04931,16.106,1,5,mcfd
chute09/cam7,0,10.015976666666669,16.072666666666667,1,7,mcfd
chute09/cam8,0,9.615976666666668,15.672666666666668,1,8,mcfd
chute09/cam1,1,16.308666666666667,17.372666666666667,1,1,mcfd
chute09/cam2,1,16.008666666666667,17.072666666666667,1,2,mcfd
chute09/cam3,1,15.742,16.806,1,3,mcfd
chute09/cam4,1,16.342,17.406,1,4,mcfd
chute09/cam5,1,16.142,17.206,1,5,mcfd
chute09/cam7,1,16.108666666666664,17.172666666666665,1,7,mcfd
chute09/cam8,1,15.708666666666666,16.772666666666666,1,8,mcfd
chute09/cam1,4,17.40866666666667,19.74066666666667,1,1,mcfd
chute09/cam2,4,17.108666666666668,19.44066666666667,1,2,mcfd
chute09/cam3,4,16.842000000000002,19.174000000000003,1,3,mcfd
chute09/cam4,4,17.442,19.774,1,4,mcfd
chute09/cam5,4,17.242,19.574,1,5,mcfd
chute09/cam7,4,17.208666666666666,19.540666666666667,1,7,mcfd
chute09/cam8,4,16.808666666666667,19.140666666666668,1,8,mcfd
chute09/cam1,7,19.77266666666667,21.44066666666667,1,1,mcfd
chute09/cam2,7,19.47266666666667,21.140666666666668,1,2,mcfd
chute09/cam3,7,19.206000000000003,20.874,1,3,mcfd
chute09/cam4,7,19.806,21.474,1,4,mcfd
chute09/cam5,7,19.606,21.274,1,5,mcfd
chute09/cam7,7,19.572666666666667,21.240666666666662,1,7,mcfd
chute09/cam8,7,19.172666666666668,20.840666666666667,1,8,mcfd
chute09/cam1,1,21.47266666666667,22.903476666666663,1,1,mcfd
chute09/cam2,1,21.172666666666668,22.603476666666666,1,2,mcfd
chute09/cam3,1,20.906,22.33681,1,3,mcfd
chute09/cam4,1,21.506,22.93681,1,4,mcfd
chute09/cam5,1,21.306,22.73681,1,5,mcfd
chute09/cam7,1,21.272666666666662,22.703476666666663,1,7,mcfd
chute09/cam8,1,20.872666666666667,22.303476666666665,1,8,mcfd
chute10/cam1,0,10.553476666666668,16.012666666666668,1,1,mcfd
chute10/cam2,0,10.58681,16.046,1,2,mcfd
chute10/cam3,0,10.720143333333333,16.179333333333332,1,3,mcfd
chute10/cam4,0,11.18681,16.646,1,4,mcfd
chute10/cam5,0,10.48681,15.946,1,5,mcfd
chute10/cam7,0,10.720143333333333,16.179333333333332,1,7,mcfd
chute10/cam8,0,10.08681,15.546,1,8,mcfd
chute10/cam1,3,16.044666666666668,17.386806666666665,1,1,mcfd
chute10/cam2,3,16.078,17.42014,1,2,mcfd
chute10/cam3,3,16.211333333333332,17.553473333333333,1,3,mcfd
chute10/cam4,3,16.678,18.02014,1,4,mcfd
chute10/cam5,3,15.978,17.32014,1,5,mcfd
chute10/cam7,3,16.211333333333332,17.553473333333333,1,7,mcfd
chute10/cam8,3,15.578,16.92014,1,8,mcfd
chute10/cam1,2,18.719666666666665,20.883476666666667,1,1,mcfd
chute10/cam2,2,18.753,20.91681,1,2,mcfd
chute10/cam3,2,18.886333333333333,21.05014333333333,1,3,mcfd
chute10/cam4,2,19.353,21.51681,1,4,mcfd
chute10/cam5,2,18.653,20.81681,1,5,mcfd
chute10/cam7,2,18.886333333333333,21.05014333333333,1,7,mcfd
chute10/cam8,2,18.253,20.41681,1,8,mcfd
chute11/cam1,0,13.274306666666668,16.402666666666665,1,1,mcfd
chute11/cam2,0,12.640973333333331,15.769333333333332,1,2,mcfd
chute11/cam3,0,13.174306666666666,16.302666666666667,1,3,mcfd
chute11/cam4,0,12.974306666666669,16.102666666666664,1,4,mcfd
chute11/cam5,0,12.50764,15.636,1,5,mcfd
chute11/cam7,0,12.740973333333333,15.869333333333332,1,7,mcfd
chute11/cam8,0,12.90764,16.035999999999998,1,8,mcfd
chute11/cam1,1,16.438666666666666,18.003476666666664,1,1,mcfd
chute11/cam2,1,15.805333333333332,17.37014333333333,1,2,mcfd
chute11/cam3,1,16.33866666666667,17.903476666666666,1,3,mcfd
chute11/cam4,1,16.138666666666666,17.703476666666663,1,4,mcfd
chute11/cam5,1,15.672,17.23681,1,5,mcfd
chute11/cam7,1,15.905333333333331,17.470143333333333,1,7,mcfd
chute11/cam8,1,16.072,17.636809999999997,1,8,mcfd
chute12/cam1,0,12.634,20.934,1,1,mcfd
chute12/cam2,0,12.134,20.434,1,2,mcfd
chute12/cam3,0,12.367333333333333,20.66733333333333,1,3,mcfd
chute12/cam4,0,12.200666666666669,20.500666666666667,1,4,mcfd
chute12/cam5,0,11.934,20.234,1,5,mcfd
chute12/cam7,0,12.167333333333332,20.467333333333336,1,7,mcfd
chute12/cam8,0,11.934,20.234,1,8,mcfd
chute12/cam1,1,20.97,22.57,1,1,mcfd
chute12/cam2,1,20.47,22.07,1,2,mcfd
chute12/cam3,1,20.703333333333333,22.30333333333333,1,3,mcfd
chute12/cam4,1,20.536666666666665,22.136666666666667,1,4,mcfd
chute12/cam5,1,20.27,21.87,1,5,mcfd
chute12/cam7,1,20.50333333333333,22.10333333333333,1,7,mcfd
chute12/cam8,1,20.27,21.87,1,8,mcfd
chute12/cam1,2,22.602,26.47,1,1,mcfd
chute12/cam2,2,22.102,25.97,1,2,mcfd
chute12/cam3,2,22.33533333333333,26.203333333333333,1,3,mcfd
chute12/cam4,2,22.168666666666667,26.036666666666665,1,4,mcfd
chute12/cam5,2,21.902,25.77,1,5,mcfd
chute12/cam7,2,22.13533333333333,26.00333333333333,1,7,mcfd
chute12/cam8,2,21.902,25.77,1,8,mcfd
chute13/cam1,0,10.583333333333332,14.883333333333333,1,1,mcfd
chute13/cam2,0,11.15,15.45,1,2,mcfd
chute13/cam3,0,10.05,14.35,1,3,mcfd
chute13/cam4,0,10.283333333333331,14.583333333333334,1,4,mcfd
chute13/cam5,0,10.95,15.25,1,5,mcfd
chute13/cam7,0,11.25,15.55,1,7,mcfd
chute13/cam8,0,10.483333333333333,14.783333333333331,1,8,mcfd
chute13/cam1,1,14.919333333333332,16.419333333333334,1,1,mcfd
chute13/cam2,1,15.486,16.986,1,2,mcfd
chute13/cam3,1,14.386,15.886,1,3,mcfd
chute13/cam4,1,14.619333333333334,16.119333333333334,1,4,mcfd
chute13/cam5,1,15.286,16.786,1,5,mcfd
chute13/cam7,1,15.586,17.086000000000002,1,7,mcfd
chute13/cam8,1,14.819333333333333,16.319333333333336,1,8,mcfd
chute13/cam1,9,16.451333333333334,21.75133333333333,1,1,mcfd
chute13/cam2,9,17.018,22.318,1,2,mcfd
chute13/cam3,9,15.918,21.218,1,3,mcfd
chute13/cam4,9,16.151333333333334,21.45133333333333,1,4,mcfd
chute13/cam5,9,16.818,22.118,1,5,mcfd
chute13/cam7,9,17.118000000000002,22.418,1,7,mcfd
chute13/cam8,9,16.351333333333336,21.651333333333334,1,8,mcfd
chute13/cam1,6,21.78333333333333,23.89097333333333,1,1,mcfd
chute13/cam2,6,22.35,24.45764,1,2,mcfd
chute13/cam3,6,21.25,23.35764,1,3,mcfd
chute13/cam4,6,21.48333333333333,23.59097333333333,1,4,mcfd
chute13/cam5,6,22.15,24.25764,1,5,mcfd
chute13/cam7,6,22.45,24.55764,1,7,mcfd
chute13/cam8,6,21.683333333333334,23.790973333333334,1,8,mcfd
chute13/cam1,1,27.98333333333333,29.319333333333333,1,1,mcfd
chute13/cam2,1,28.55,29.886,1,2,mcfd
chute13/cam3,1,27.450000000000003,28.786,1,3,mcfd
chute13/cam4,1,27.683333333333334,29.01933333333333,1,4,mcfd
chute13/cam5,1,28.35,29.686,1,5,mcfd
chute13/cam7,1,28.65,29.986,1,7,mcfd
chute13/cam8,1,27.883333333333336,29.21933333333333,1,8,mcfd
chute13/cam1,2,29.351333333333333,32.55133333333333,1,1,mcfd
chute13/cam2,2,29.918,33.118,1,2,mcfd
chute13/cam3,2,28.818,32.018,1,3,mcfd
chute13/cam4,2,29.05133333333333,32.251333333333335,1,4,mcfd
chute13/cam5,2,29.718,32.918,1,5,mcfd
chute13/cam7,2,30.018,33.218,1,7,mcfd
chute13/cam8,2,29.25133333333333,32.45133333333333,1,8,mcfd
chute14/cam1,0,14.052666666666664,20.15266666666667,1,1,mcfd
chute14/cam2,0,13.619333333333332,19.71933333333333,1,2,mcfd
chute14/cam3,0,13.686,19.786,1,3,mcfd
chute14/cam4,0,12.419333333333332,18.519333333333336,1,4,mcfd
chute14/cam5,0,13.386,19.486,1,5,mcfd
chute14/cam7,0,12.652666666666669,18.752666666666663,1,7,mcfd
chute14/cam8,0,12.886,18.986,1,8,mcfd
chute14/cam1,1,20.18466666666667,21.320666666666668,1,1,mcfd
chute14/cam2,1,19.75133333333333,20.88733333333333,1,2,mcfd
chute14/cam3,1,19.818,20.954,1,3,mcfd
chute14/cam4,1,18.551333333333336,19.68733333333333,1,4,mcfd
chute14/cam5,1,19.518,20.654,1,5,mcfd
chute14/cam7,1,18.784666666666663,19.920666666666666,1,7,mcfd
chute14/cam8,1,19.018,20.154,1,8,mcfd
chute14/cam1,6,21.352666666666668,28.278476666666663,1,1,mcfd
chute14/cam2,6,20.91933333333333,27.845143333333333,1,2,mcfd
chute14/cam3,6,20.986,27.91181,1,3,mcfd
chute14/cam4,6,19.71933333333333,26.645143333333333,1,4,mcfd
chute14/cam5,6,20.686,27.61181,1,5,mcfd
chute14/cam7,6,19.952666666666666,26.878476666666664,1,7,mcfd
chute14/cam8,6,20.186,27.11181,1,8,mcfd
chute14/cam1,7,28.278666666666663,34.584666666666664,1,1,mcfd
chute14/cam2,7,27.845333333333333,34.15133333333333,1,2,mcfd
chute14/cam3,7,27.912,34.218,1,3,mcfd
chute14/cam4,7,26.645333333333333,32.95133333333333,1,4,mcfd
chute14/cam5,7,27.612,33.918,1,5,mcfd
chute14/cam7,7,26.878666666666664,33.184666666666665,1,7,mcfd
chute14/cam8,7,27.112,33.418,1,8,mcfd
chute14/cam1,1,34.620666666666665,35.75266666666666,1,1,mcfd
chute14/cam2,1,34.187333333333335,35.31933333333333,1,2,mcfd
chute14/cam3,1,34.254,35.386,1,3,mcfd
chute14/cam4,1,32.98733333333333,34.11933333333333,1,4,mcfd
chute14/cam5,1,33.954,35.086,1,5,mcfd
chute14/cam7,1,33.220666666666666,34.352666666666664,1,7,mcfd
chute14/cam8,1,33.454,34.586,1,8,mcfd
chute14/cam1,2,35.784666666666666,38.82066666666667,1,1,mcfd
chute14/cam2,2,35.351333333333336,38.38733333333334,1,2,mcfd
chute14/cam3,2,35.418,38.454,1,3,mcfd
chute14/cam4,2,34.15133333333333,37.187333333333335,1,4,mcfd
chute14/cam5,2,35.118,38.154,1,5,mcfd
chute14/cam7,2,34.38466666666667,37.42066666666667,1,7,mcfd
chute14/cam8,2,34.618,37.654,1,8,mcfd
chute15/cam1,0,12.826666666666668,16.926666666666666,1,1,mcfd
chute15/cam2,0,12.96,17.06,1,2,mcfd
chute15/cam3,0,12.96,17.06,1,3,mcfd
chute15/cam4,0,12.826666666666668,16.926666666666666,1,4,mcfd
chute15/cam5,0,13.46,17.56,1,5,mcfd
chute15/cam7,0,13.093333333333334,17.19333333333333,1,7,mcfd
chute15/cam8,0,12.326666666666668,16.426666666666666,1,8,mcfd
chute15/cam1,1,16.958666666666666,18.394666666666662,1,1,mcfd
chute15/cam2,1,17.092,18.528,1,2,mcfd
chute15/cam3,1,17.092,18.528,1,3,mcfd
chute15/cam4,1,16.958666666666666,18.394666666666662,1,4,mcfd
chute15/cam5,1,17.592,19.028,1,5,mcfd
chute15/cam7,1,17.22533333333333,18.66133333333333,1,7,mcfd
chute15/cam8,1,16.458666666666666,17.894666666666666,1,8,mcfd
chute15/cam1,4,18.426666666666662,21.726666666666667,1,1,mcfd
chute15/cam2,4,18.56,21.86,1,2,mcfd
chute15/cam3,4,18.56,21.86,1,3,mcfd
chute15/cam4,4,18.426666666666662,21.726666666666667,1,4,mcfd
chute15/cam5,4,19.06,22.36,1,5,mcfd
chute15/cam7,4,18.69333333333333,21.99333333333333,1,7,mcfd
chute15/cam8,4,17.926666666666666,21.226666666666667,1,8,mcfd
chute15/cam1,7,21.758666666666667,25.858666666666668,1,1,mcfd
chute15/cam2,7,21.892,25.992,1,2,mcfd
chute15/cam3,7,21.892,25.992,1,3,mcfd
chute15/cam4,7,21.758666666666667,25.858666666666668,1,4,mcfd
chute15/cam5,7,22.392,26.492,1,5,mcfd
chute15/cam7,7,22.02533333333333,26.125333333333334,1,7,mcfd
chute15/cam8,7,21.258666666666667,25.358666666666668,1,8,mcfd
chute15/cam1,1,25.894666666666662,26.958666666666662,1,1,mcfd
chute15/cam2,1,26.028,27.092,1,2,mcfd
chute15/cam3,1,26.028,27.092,1,3,mcfd
chute15/cam4,1,25.894666666666662,26.958666666666662,1,4,mcfd
chute15/cam5,1,26.528,27.592,1,5,mcfd
chute15/cam7,1,26.16133333333333,27.22533333333333,1,7,mcfd
chute15/cam8,1,25.394666666666662,26.458666666666662,1,8,mcfd
chute15/cam1,2,26.994666666666667,29.726666666666667,1,1,mcfd
chute15/cam2,2,27.128,29.86,1,2,mcfd
chute15/cam3,2,27.128,29.86,1,3,mcfd
chute15/cam4,2,26.994666666666667,29.726666666666667,1,4,mcfd
chute15/cam5,2,27.628,30.36,1,5,mcfd
chute15/cam7,2,27.261333333333333,29.99333333333333,1,7,mcfd
chute15/cam8,2,26.494666666666667,29.226666666666667,1,8,mcfd
chute16/cam1,0,13.340666666666667,15.840666666666667,1,1,mcfd
chute16/cam2,0,13.540666666666668,16.040666666666667,1,2,mcfd
chute16/cam3,0,12.574,15.074,1,3,mcfd
chute16/cam4,0,12.640666666666666,15.140666666666666,1,4,mcfd
chute16/cam5,0,12.974,15.474,1,5,mcfd
chute16/cam7,0,12.674,15.174,1,7,mcfd
chute16/cam8,0,12.674,15.174,1,8,mcfd
chute16/cam1,9,15.872666666666667,19.604666666666667,1,1,mcfd
chute16/cam2,9,16.072666666666667,19.804666666666662,1,2,mcfd
chute16/cam3,9,15.106,18.838,1,3,mcfd
chute16/cam4,9,15.172666666666666,18.904666666666667,1,4,mcfd
chute16/cam5,9,15.506,19.238,1,5,mcfd
chute16/cam7,9,15.206,18.938,1,7,mcfd
chute16/cam8,9,15.206,18.938,1,8,mcfd
chute16/cam1,9,19.640666666666668,23.00466666666667,1,1,mcfd
chute16/cam2,9,19.840666666666667,23.204666666666668,1,2,mcfd
chute16/cam3,9,18.874,22.238000000000003,1,3,mcfd
chute16/cam4,9,18.94066666666667,22.30466666666667,1,4,mcfd
chute16/cam5,9,19.274,22.638,1,5,mcfd
chute16/cam7,9,18.974,22.338,1,7,mcfd
chute16/cam8,9,18.974,22.338,1,8,mcfd
chute16/cam1,1,23.040666666666667,25.040666666666667,1,1,mcfd
chute16/cam2,1,23.240666666666662,25.240666666666662,1,2,mcfd
chute16/cam3,1,22.274,24.274,1,3,mcfd
chute16/cam4,1,22.340666666666667,24.340666666666667,1,4,mcfd
chute16/cam5,1,22.674,24.674,1,5,mcfd
chute16/cam7,1,22.374,24.374,1,7,mcfd
chute16/cam8,1,22.374,24.374,1,8,mcfd
chute16/cam1,4,25.072666666666667,27.904666666666667,1,1,mcfd
chute16/cam2,4,25.272666666666662,28.104666666666667,1,2,mcfd
chute16/cam3,4,24.306,27.138,1,3,mcfd
chute16/cam4,4,24.372666666666667,27.204666666666668,1,4,mcfd
chute16/cam5,4,24.706,27.538,1,5,mcfd
chute16/cam7,4,24.406,27.238,1,7,mcfd
chute16/cam8,4,24.406,27.238,1,8,mcfd
chute16/cam1,7,27.94066666666667,30.340666666666667,1,1,mcfd
chute16/cam2,7,28.140666666666668,30.540666666666667,1,2,mcfd
chute16/cam3,7,27.174000000000003,29.574,1,3,mcfd
chute16/cam4,7,27.24066666666667,29.640666666666668,1,4,mcfd
chute16/cam5,7,27.574,29.974,1,5,mcfd
chute16/cam7,7,27.274,29.674,1,7,mcfd
chute16/cam8,7,27.274,29.674,1,8,mcfd
chute16/cam1,1,30.372666666666667,32.004666666666665,1,1,mcfd
chute16/cam2,1,30.572666666666667,32.20466666666667,1,2,mcfd
chute16/cam3,1,29.606,31.238000000000003,1,3,mcfd
chute16/cam4,1,29.672666666666668,31.30466666666667,1,4,mcfd
chute16/cam5,1,30.006,31.638,1,5,mcfd
chute16/cam7,1,29.706,31.338,1,7,mcfd
chute16/cam8,1,29.706,31.338,1,8,mcfd
chute16/cam1,2,32.04066666666667,34.004666666666665,1,1,mcfd
chute16/cam2,2,32.24066666666667,34.20466666666667,1,2,mcfd
chute16/cam3,2,31.274,33.238,1,3,mcfd
chute16/cam4,2,31.340666666666667,33.30466666666666,1,4,mcfd
chute16/cam5,2,31.674,33.638,1,5,mcfd
chute16/cam7,2,31.374,33.338,1,7,mcfd
chute16/cam8,2,31.374,33.338,1,8,mcfd
chute17/cam1,0,8.734666666666667,10.866666666666667,1,1,mcfd
chute17/cam2,0,8.901333333333334,11.033333333333331,1,2,mcfd
chute17/cam3,0,8.534666666666666,10.666666666666666,1,3,mcfd
chute17/cam4,0,8.034666666666666,10.166666666666666,1,4,mcfd
chute17/cam5,0,8.368,10.5,1,5,mcfd
chute17/cam7,0,9.001333333333333,11.133333333333333,1,7,mcfd
chute17/cam8,0,8.634666666666668,10.766666666666667,1,8,mcfd
chute17/cam1,9,10.898666666666667,13.298666666666668,1,1,mcfd
chute17/cam2,9,11.065333333333331,13.465333333333334,1,2,mcfd
chute17/cam3,9,10.698666666666666,13.098666666666666,1,3,mcfd
chute17/cam4,9,10.198666666666666,12.598666666666666,1,4,mcfd
chute17/cam5,9,10.532,12.932,1,5,mcfd
chute17/cam7,9,11.165333333333333,13.565333333333331,1,7,mcfd
chute17/cam8,9,10.798666666666668,13.198666666666668,1,8,mcfd
chute17/cam1,9,13.334666666666667,15.698666666666668,1,1,mcfd
chute17/cam2,9,13.501333333333331,15.865333333333334,1,2,mcfd
chute17/cam3,9,13.134666666666666,15.498666666666669,1,3,mcfd
chute17/cam4,9,12.634666666666666,14.998666666666669,1,4,mcfd
chute17/cam5,9,12.968,15.332,1,5,mcfd
chute17/cam7,9,13.601333333333333,15.965333333333334,1,7,mcfd
chute17/cam8,9,13.234666666666667,15.598666666666668,1,8,mcfd
chute17/cam1,1,15.734666666666667,18.066666666666663,1,1,mcfd
chute17/cam2,1,15.901333333333334,18.23333333333333,1,2,mcfd
chute17/cam3,1,15.534666666666666,17.866666666666667,1,3,mcfd
chute17/cam4,1,15.034666666666666,17.366666666666667,1,4,mcfd
chute17/cam5,1,15.368,17.7,1,5,mcfd
chute17/cam7,1,16.001333333333335,18.33333333333333,1,7,mcfd
chute17/cam8,1,15.634666666666668,17.966666666666665,1,8,mcfd
chute17/cam1,4,18.098666666666663,20.436806666666666,1,1,mcfd
chute17/cam2,4,18.26533333333333,20.603473333333334,1,2,mcfd
chute17/cam3,4,17.898666666666667,20.236806666666663,1,3,mcfd
chute17/cam4,4,17.398666666666667,19.736806666666663,1,4,mcfd
chute17/cam5,4,17.732,20.07014,1,5,mcfd
chute17/cam7,4,18.36533333333333,20.70347333333333,1,7,mcfd
chute17/cam8,4,17.998666666666665,20.336806666666664,1,8,mcfd
chute17/cam1,1,24.698666666666668,26.034666666666663,1,1,mcfd
chute17/cam2,1,24.865333333333336,26.20133333333333,1,2,mcfd
chute17/cam3,1,24.49866666666667,25.834666666666667,1,3,mcfd
chute17/cam4,1,23.99866666666667,25.334666666666667,1,4,mcfd
chute17/cam5,1,24.332,25.668,1,5,mcfd
chute17/cam7,1,24.965333333333334,26.30133333333333,1,7,mcfd
chute17/cam8,1,24.598666666666663,25.934666666666665,1,8,mcfd
chute17/cam1,2,26.066666666666663,29.034666666666663,1,1,mcfd
chute17/cam2,2,26.23333333333333,29.20133333333333,1,2,mcfd
chute17/cam3,2,25.866666666666667,28.834666666666667,1,3,mcfd
chute17/cam4,2,25.366666666666667,28.334666666666667,1,4,mcfd
chute17/cam5,2,25.7,28.668,1,5,mcfd
chute17/cam7,2,26.33333333333333,29.30133333333333,1,7,mcfd
chute17/cam8,2,25.966666666666665,28.934666666666665,1,8,mcfd
chute18/cam1,0,14.204,16.772,1,1,mcfd
chute18/cam2,0,14.404,16.971999999999998,1,2,mcfd
chute18/cam3,0,13.770666666666669,16.338666666666665,1,3,mcfd
chute18/cam4,0,10.904,13.471999999999998,1,4,mcfd
chute18/cam5,0,13.704,16.272,1,5,mcfd
chute18/cam7,0,14.537333333333336,17.10533333333333,1,7,mcfd
chute18/cam8,0,13.470666666666668,16.038666666666664,1,8,mcfd
chute18/cam1,3,16.804,18.504,1,1,mcfd
chute18/cam2,3,17.003999999999998,18.704,1,2,mcfd
chute18/cam3,3,16.370666666666665,18.070666666666668,1,3,mcfd
chute18/cam4,3,13.503999999999998,15.204,1,4,mcfd
chute18/cam5,3,16.304,18.004,1,5,mcfd
chute18/cam7,3,17.13733333333333,18.837333333333333,1,7,mcfd
chute18/cam8,3,16.070666666666664,17.770666666666667,1,8,mcfd
chute18/cam1,4,18.54,21.84,1,1,mcfd
chute18/cam2,4,18.74,22.04,1,2,mcfd
chute18/cam3,4,18.106666666666666,21.406666666666663,1,3,mcfd
chute18/cam4,4,15.239999999999998,18.54,1,4,mcfd
chute18/cam5,4,18.04,21.34,1,5,mcfd
chute18/cam7,4,18.87333333333333,22.17333333333333,1,7,mcfd
chute18/cam8,4,17.806666666666665,21.106666666666666,1,8,mcfd
chute18/cam1,7,21.872,23.172,1,1,mcfd
chute18/cam2,7,22.072,23.372,1,2,mcfd
chute18/cam3,7,21.438666666666663,22.738666666666667,1,3,mcfd
chute18/cam4,7,18.572,19.872,1,4,mcfd
chute18/cam5,7,21.372,22.672,1,5,mcfd
chute18/cam7,7,22.20533333333333,23.505333333333333,1,7,mcfd
chute18/cam8,7,21.138666666666666,22.438666666666663,1,8,mcfd
chute18/cam1,1,23.204,24.204,1,1,mcfd
chute18/cam2,1,23.404,24.404,1,2,mcfd
chute18/cam3,1,22.770666666666667,23.770666666666667,1,3,mcfd
chute18/cam4,1,19.904,20.904,1,4,mcfd
chute18/cam5,1,22.704,23.704,1,5,mcfd
chute18/cam7,1,23.537333333333333,24.537333333333333,1,7,mcfd
chute18/cam8,1,22.470666666666663,23.470666666666663,1,8,mcfd
chute18/cam1,2,24.24,28.84,1,1,mcfd
chute18/cam2,2,24.44,29.04,1,2,mcfd
chute18/cam3,2,23.806666666666665,28.406666666666663,1,3,mcfd
chute18/cam4,2,20.94,25.54,1,4,mcfd
chute18/cam5,2,23.74,28.34,1,5,mcfd
chute18/cam7,2,24.57333333333333,29.17333333333333,1,7,mcfd
chute18/cam8,2,23.506666666666664,28.106666666666666,1,8,mcfd
chute19/cam1,0,9.952666666666667,18.052666666666664,1,1,mcfd
chute19/cam2,0,10.219333333333331,18.319333333333333,1,2,mcfd
chute19/cam3,0,9.852666666666668,17.952666666666666,1,3,mcfd
chute19/cam4,0,9.952666666666667,18.052666666666664,1,4,mcfd
chute19/cam5,0,9.486,17.586,1,5,mcfd
chute19/cam7,0,9.319333333333336,17.41933333333333,1,7,mcfd
chute19/cam8,0,9.986,18.086,1,8,mcfd
chute19/cam1,1,18.084666666666664,21.452666666666666,1,1,mcfd
chute19/cam2,1,18.351333333333333,21.71933333333333,1,2,mcfd
chute19/cam3,1,17.984666666666666,21.352666666666668,1,3,mcfd
chute19/cam4,1,18.084666666666664,21.452666666666666,1,4,mcfd
chute19/cam5,1,17.618,20.986,1,5,mcfd
chute19/cam7,1,17.45133333333333,20.819333333333333,1,7,mcfd
chute19/cam8,1,18.118,21.486,1,8,mcfd
chute19/cam1,2,21.484666666666666,27.120666666666665,1,1,mcfd
chute19/cam2,2,21.75133333333333,27.38733333333333,1,2,mcfd
chute19/cam3,2,21.384666666666668,27.020666666666667,1,3,mcfd
chute19/cam4,2,21.484666666666666,27.120666666666665,1,4,mcfd
chute19/cam5,2,21.018,26.654,1,5,mcfd
chute19/cam7,2,20.851333333333333,26.48733333333333,1,7,mcfd
chute19/cam8,2,21.518,27.154,1,8,mcfd
chute20/cam1,0,10.668,18.768,1,1,mcfd
chute20/cam2,0,10.134666666666666,18.234666666666666,1,2,mcfd
chute20/cam3,0,9.934666666666669,18.034666666666663,1,3,mcfd
chute20/cam4,0,10.168,18.268,1,4,mcfd
chute20/cam5,0,10.168,18.268,1,5,mcfd
chute20/cam7,0,10.001333333333331,18.101333333333333,1,7,mcfd
chute20/cam8,0,9.834666666666664,17.93466666666667,1,8,mcfd
chute20/cam1,1,18.804,23.036,1,1,mcfd
chute20/cam2,1,18.270666666666664,22.502666666666663,1,2,mcfd
chute20/cam3,1,18.070666666666664,22.302666666666667,1,3,mcfd
chute20/cam4,1,18.304,22.536,1,4,mcfd
chute20/cam5,1,18.304,22.536,1,5,mcfd
chute20/cam7,1,18.13733333333333,22.369333333333334,1,7,mcfd
chute20/cam8,1,17.970666666666666,22.20266666666667,1,8,mcfd
chute20/cam1,2,23.068,27.304,1,1,mcfd
chute20/cam2,2,22.534666666666663,26.770666666666664,1,2,mcfd
chute20/cam3,2,22.334666666666667,26.570666666666664,1,3,mcfd
chute20/cam4,2,22.568,26.804,1,4,mcfd
chute20/cam5,2,22.568,26.804,1,5,mcfd
chute20/cam7,2,22.401333333333334,26.63733333333333,1,7,mcfd
chute20/cam8,2,22.23466666666667,26.470666666666663,1,8,mcfd
chute01/cam1,2,37.54933333333334,41.90347333333334,1,1,mcfd
chute01/cam2,2,37.54933333333334,41.90347333333334,1,2,mcfd
chute01/cam3,2,37.716,42.07014,1,3,mcfd
chute01/cam4,2,37.58266666666667,41.93680666666667,1,4,mcfd
chute01/cam5,2,38.216,42.57014,1,5,mcfd
chute01/cam7,2,37.64933333333333,42.00347333333333,1,7,mcfd
chute01/cam8,2,37.449333333333335,41.803473333333336,1,8,mcfd
chute01/cam1,7,41.903333333333336,47.48680333333333,1,1,mcfd
chute01/cam2,7,41.903333333333336,47.48680333333333,1,2,mcfd
chute01/cam3,7,42.07,47.65347,1,3,mcfd
chute01/cam4,7,41.93666666666667,47.520136666666666,1,4,mcfd
chute01/cam5,7,42.57,48.15347,1,5,mcfd
chute01/cam7,7,42.00333333333333,47.58680333333333,1,7,mcfd
chute01/cam8,7,41.803333333333335,47.38680333333333,1,8,mcfd
chute01/cam1,0,47.48633333333333,48.61180333333333,1,1,mcfd
chute01/cam2,0,47.48633333333333,48.61180333333333,1,2,mcfd
chute01/cam3,0,47.653,48.77847,1,3,mcfd
chute01/cam4,0,47.519666666666666,48.645136666666666,1,4,mcfd
chute01/cam5,0,48.153,49.27847,1,5,mcfd
chute01/cam7,0,47.58633333333333,48.71180333333333,1,7,mcfd
chute01/cam8,0,47.38633333333333,48.51180333333333,1,8,mcfd
chute01/cam1,9,48.61133333333333,50.44514333333333,1,1,mcfd
chute01/cam2,9,48.61133333333333,50.44514333333333,1,2,mcfd
chute01/cam3,9,48.778,50.61181,1,3,mcfd
chute01/cam4,9,48.644666666666666,50.478476666666666,1,4,mcfd
chute01/cam5,9,49.278,51.11181,1,5,mcfd
chute01/cam7,9,48.71133333333333,50.54514333333333,1,7,mcfd
chute01/cam8,9,48.51133333333333,50.34514333333333,1,8,mcfd
chute01/cam1,0,50.44533333333334,51.48533333333334,1,1,mcfd
chute01/cam2,0,50.44533333333334,51.48533333333334,1,2,mcfd
chute01/cam3,0,50.612,51.652,1,3,mcfd
chute01/cam4,0,50.47866666666667,51.51866666666667,1,4,mcfd
chute01/cam5,0,51.112,52.152,1,5,mcfd
chute01/cam7,0,50.54533333333333,51.58533333333333,1,7,mcfd
chute01/cam8,0,50.345333333333336,51.385333333333335,1,8,mcfd
chute02/cam1,2,15.907333333333332,24.678473333333333,1,1,mcfd
chute02/cam2,2,16.407333333333334,25.178473333333333,1,2,mcfd
chute02/cam3,2,15.074,23.84514,1,3,mcfd
chute02/cam4,2,15.607333333333331,24.37847333333333,1,4,mcfd
chute02/cam5,2,15.674,24.44514,1,5,mcfd
chute02/cam7,2,16.174,24.94514,1,7,mcfd
chute02/cam8,2,15.274,24.04514,1,8,mcfd
chute02/cam1,7,24.67833333333333,27.803473333333333,1,1,mcfd
chute02/cam2,7,25.17833333333333,28.303473333333333,1,2,mcfd
chute02/cam3,7,23.845,26.97014,1,3,mcfd
chute02/cam4,7,24.37833333333333,27.50347333333333,1,4,mcfd
chute02/cam5,7,24.445,27.57014,1,5,mcfd
chute02/cam7,7,24.945,28.07014,1,7,mcfd
chute02/cam8,7,24.045,27.17014,1,8,mcfd
chute02/cam1,0,27.80333333333333,28.200333333333333,1,1,mcfd
chute02/cam2,0,28.30333333333333,28.700333333333333,1,2,mcfd
chute02/cam3,0,26.97,27.367,1,3,mcfd
chute02/cam4,0,27.50333333333333,27.90033333333333,1,4,mcfd
chute02/cam5,0,27.57,27.967,1,5,mcfd
chute02/cam7,0,28.07,28.467,1,7,mcfd
chute02/cam8,0,27.17,27.567,1,8,mcfd
chute03/cam1,2,22.345333333333333,28.011803333333333,1,1,mcfd
chute03/cam2,2,22.478666666666665,28.145136666666662,1,2,mcfd
chute03/cam3,2,22.212,27.87847,1,3,mcfd
chute03/cam4,2,22.478666666666665,28.145136666666662,1,4,mcfd
chute03/cam5,2,23.112,28.77847,1,5,mcfd
chute03/cam7,2,22.612,28.27847,1,7,mcfd
chute03/cam8,2,21.94533333333333,27.61180333333333,1,8,mcfd
chute03/cam1,7,28.011333333333333,30.782643333333333,1,1,mcfd
chute03/cam2,7,28.144666666666662,30.915976666666666,1,2,mcfd
chute03/cam3,7,27.878,30.64931,1,3,mcfd
chute03/cam4,7,28.144666666666662,30.915976666666666,1,4,mcfd
chute03/cam5,7,28.778,31.54931,1,5,mcfd
chute03/cam7,7,28.278,31.04931,1,7,mcfd
chute03/cam8,7,27.61133333333333,30.38264333333333,1,8,mcfd
chute04/cam1,2,13.870333333333331,14.953473333333331,1,1,mcfd
chute04/cam2,2,14.103666666666667,15.186806666666667,1,2,mcfd
chute04/cam3,2,14.070333333333334,15.153473333333334,1,3,mcfd
chute04/cam4,2,11.470333333333333,12.553473333333333,1,4,mcfd
chute04/cam5,2,13.737,14.82014,1,5,mcfd
chute04/cam7,2,14.237,15.32014,1,7,mcfd
chute04/cam8,2,13.337,14.42014,1,8,mcfd
chute04/cam1,7,14.953333333333331,22.78680333333333,1,1,mcfd
chute04/cam2,7,15.186666666666667,23.020136666666662,1,2,mcfd
chute04/cam3,7,15.153333333333334,22.98680333333333,1,3,mcfd
chute04/cam4,7,12.553333333333336,20.386803333333333,1,4,mcfd
chute04/cam5,7,14.82,22.65347,1,5,mcfd
chute04/cam7,7,15.32,23.15347,1,7,mcfd
chute04/cam8,7,14.42,22.25347,1,8,mcfd
chute04/cam1,1,22.78633333333333,24.49514333333333,1,1,mcfd
chute04/cam2,1,23.019666666666662,24.728476666666666,1,2,mcfd
chute04/cam3,1,22.98633333333333,24.69514333333333,1,3,mcfd
chute04/cam4,1,20.386333333333333,22.095143333333333,1,4,mcfd
chute04/cam5,1,22.653,24.36181,1,5,mcfd
chute04/cam7,1,23.153,24.86181,1,7,mcfd
chute04/cam8,1,22.253,23.96181,1,8,mcfd
chute04/cam1,2,24.49533333333333,29.78680333333333,1,1,mcfd
chute04/cam2,2,24.728666666666665,30.020136666666662,1,2,mcfd
chute04/cam3,2,24.69533333333333,29.98680333333333,1,3,mcfd
chute04/cam4,2,22.095333333333333,27.386803333333333,1,4,mcfd
chute04/cam5,2,24.362,29.65347,1,5,mcfd
chute04/cam7,2,24.862,30.15347,1,7,mcfd
chute04/cam8,2,23.962,29.25347,1,8,mcfd
chute04/cam1,7,29.78633333333333,33.41180333333333,1,1,mcfd
chute04/cam2,7,30.019666666666662,33.645136666666666,1,2,mcfd
chute04/cam3,7,29.98633333333333,33.611803333333334,1,3,mcfd
chute04/cam4,7,27.386333333333333,31.011803333333333,1,4,mcfd
chute04/cam5,7,29.653,33.27847,1,5,mcfd
chute04/cam7,7,30.153,33.77847,1,7,mcfd
chute04/cam8,7,29.253,32.87847,1,8,mcfd
chute04/cam1,0,33.41133333333333,35.42930333333333,1,1,mcfd
chute04/cam2,0,33.644666666666666,35.662636666666664,1,2,mcfd
chute04/cam3,0,33.611333333333334,35.62930333333333,1,3,mcfd
chute04/cam4,0,31.011333333333333,33.02930333333333,1,4,mcfd
chute04/cam5,0,33.278,35.29597,1,5,mcfd
chute04/cam7,0,33.778,35.79597,1,7,mcfd
chute04/cam8,0,32.878,34.89597,1,8,mcfd
chute05/cam1,7,15.280666666666669,21.203476666666663,1,1,mcfd
chute05/cam2,7,15.514,21.43681,1,2,mcfd
chute05/cam3,7,14.880666666666666,20.803476666666665,1,3,mcfd
chute05/cam4,7,15.080666666666668,21.003476666666664,1,4,mcfd
chute05/cam5,7,15.314,21.23681,1,5,mcfd
chute05/cam7,7,15.580666666666668,21.503476666666664,1,7,mcfd
chute05/cam8,7,15.647333333333334,21.57014333333333,1,8,mcfd
chute05/cam1,9,21.203666666666663,25.825976666666666,1,1,mcfd
chute05/cam2,9,21.437,26.05931,1,2,mcfd
chute05/cam3,9,20.803666666666665,25.425976666666667,1,3,mcfd
chute05/cam4,9,21.003666666666664,25.625976666666663,1,4,mcfd
chute05/cam5,9,21.237,25.85931,1,5,mcfd
chute05/cam7,9,21.503666666666664,26.125976666666663,1,7,mcfd
chute05/cam8,9,21.57033333333333,26.192643333333333,1,8,mcfd
chute06/cam1,2,22.35333333333333,38.97847333333333,1,1,mcfd
chute06/cam2,2,25.686666666666667,42.31180666666667,1,2,mcfd
chute06/cam3,2,25.886666666666667,42.51180666666667,1,3,mcfd
chute06/cam4,2,25.35333333333333,41.97847333333333,1,4,mcfd
chute06/cam5,2,25.32,41.94514,1,5,mcfd
chute06/cam7,2,25.82,42.44514,1,7,mcfd
chute06/cam8,2,25.32,41.94514,1,8,mcfd
chute06/cam1,7,38.97833333333333,42.32930333333333,1,1,mcfd
chute06/cam2,7,42.31166666666667,45.66263666666666,1,2,mcfd
chute06/cam3,7,42.51166666666667,45.86263666666667,1,3,mcfd
chute06/cam4,7,41.97833333333333,45.32930333333333,1,4,mcfd
chute06/cam5,7,41.945,45.29597,1,5,mcfd
chute06/cam7,7,42.445,45.79597,1,7,mcfd
chute06/cam8,7,41.945,45.29597,1,8,mcfd
chute07/cam1,2,19.491,24.99014,1,1,mcfd
chute07/cam2,2,19.02433333333333,24.52347333333333,1,2,mcfd
chute07/cam3,2,19.091,24.59014,1,3,mcfd
chute07/cam4,2,18.557666666666663,24.056806666666667,1,4,mcfd
chute07/cam5,2,18.591,24.09014,1,5,mcfd
chute07/cam7,2,19.157666666666668,24.656806666666668,1,7,mcfd
chute07/cam8,2,19.22433333333333,24.72347333333333,1,8,mcfd
chute07/cam1,7,24.99,28.63681,1,1,mcfd
chute07/cam2,7,24.523333333333333,28.17014333333333,1,2,mcfd
chute07/cam3,7,24.59,28.23681,1,3,mcfd
chute07/cam4,7,24.056666666666665,27.703476666666663,1,4,mcfd
chute07/cam5,7,24.09,27.73681,1,5,mcfd
chute07/cam7,7,24.656666666666663,28.303476666666665,1,7,mcfd
chute07/cam8,7,24.723333333333333,28.37014333333333,1,8,mcfd
chute07/cam1,1,28.637,29.92847,1,1,mcfd
chute07/cam2,1,28.17033333333333,29.46180333333333,1,2,mcfd
chute07/cam3,1,28.237,29.52847,1,3,mcfd
chute07/cam4,1,27.703666666666663,28.995136666666664,1,4,mcfd
chute07/cam5,1,27.737,29.02847,1,5,mcfd
chute07/cam7,1,28.303666666666665,29.595136666666665,1,7,mcfd
chute07/cam8,1,28.37033333333333,29.66180333333333,1,8,mcfd
chute07/cam1,7,29.928,31.38431,1,1,mcfd
chute07/cam2,7,29.46133333333333,30.91764333333333,1,2,mcfd
chute07/cam3,7,29.528,30.98431,1,3,mcfd
chute07/cam4,7,28.994666666666664,30.450976666666666,1,4,mcfd
chute07/cam5,7,29.028,30.48431,1,5,mcfd
chute07/cam7,7,29.594666666666665,31.050976666666667,1,7,mcfd
chute07/cam8,7,29.66133333333333,31.117643333333334,1,8,mcfd
chute08/cam1,7,16.355333333333334,23.29514333333333,1,1,mcfd
chute08/cam2,7,15.922,22.86181,1,2,mcfd
chute08/cam3,7,13.288666666666668,20.228476666666666,1,3,mcfd
chute08/cam4,7,15.988666666666669,22.928476666666665,1,4,mcfd
chute08/cam5,7,15.422,22.36181,1,5,mcfd
chute08/cam7,7,16.022000000000002,22.96181,1,7,mcfd
chute08/cam8,7,15.155333333333331,22.095143333333333,1,8,mcfd
chute08/cam1,0,23.29533333333333,24.31533333333333,1,1,mcfd
chute08/cam2,0,22.862,23.882,1,2,mcfd
chute08/cam3,0,20.228666666666665,21.24866666666667,1,3,mcfd
chute08/cam4,0,22.928666666666665,23.948666666666668,1,4,mcfd
chute08/cam5,0,22.362,23.382,1,5,mcfd
chute08/cam7,0,22.962,23.982000000000003,1,7,mcfd
chute08/cam8,0,22.095333333333333,23.115333333333336,1,8,mcfd
chute09/cam1,2,22.903666666666663,28.299306666666663,1,1,mcfd
chute09/cam2,2,22.603666666666665,27.999306666666666,1,2,mcfd
chute09/cam3,2,22.337,27.73264,1,3,mcfd
chute09/cam4,2,22.937,28.33264,1,4,mcfd
chute09/cam5,2,22.737,28.13264,1,5,mcfd
chute09/cam7,2,22.703666666666663,28.099306666666664,1,7,mcfd
chute09/cam8,2,22.303666666666665,27.699306666666665,1,8,mcfd
chute09/cam1,7,28.299666666666667,31.027636666666663,1,1,mcfd
chute09/cam2,7,27.999666666666663,30.727636666666665,1,2,mcfd
chute09/cam3,7,27.733,30.46097,1,3,mcfd
chute09/cam4,7,28.333,31.06097,1,4,mcfd
chute09/cam5,7,28.133,30.86097,1,5,mcfd
chute09/cam7,7,28.099666666666664,30.827636666666663,1,7,mcfd
chute09/cam8,7,27.699666666666666,30.427636666666665,1,8,mcfd
chute10/cam1,1,17.386666666666667,18.720136666666665,1,1,mcfd
chute10/cam2,1,17.42,18.75347,1,2,mcfd
chute10/cam3,1,17.553333333333335,18.886803333333333,1,3,mcfd
chute10/cam4,1,18.02,19.35347,1,4,mcfd
chute10/cam5,1,17.32,18.65347,1,5,mcfd
chute10/cam7,1,17.553333333333335,18.886803333333333,1,7,mcfd
chute10/cam8,1,16.92,18.25347,1,8,mcfd
chute10/cam1,7,20.907636666666665,29.240976666666665,1,1,mcfd
chute10/cam2,7,20.94097,29.27431,1,2,mcfd
chute10/cam3,7,21.074303333333333,29.407643333333333,1,3,mcfd
chute10/cam4,7,21.54097,29.87431,1,4,mcfd
chute10/cam5,7,20.84097,29.17431,1,5,mcfd
chute10/cam7,7,21.074303333333333,29.407643333333333,1,7,mcfd
chute10/cam8,7,20.44097,28.77431,1,8,mcfd
chute10/cam1,0,29.240666666666662,31.583476666666662,1,1,mcfd
chute10/cam2,0,29.274,31.61681,1,2,mcfd
chute10/cam3,0,29.407333333333334,31.75014333333333,1,3,mcfd
chute10/cam4,0,29.874,32.21681,1,4,mcfd
chute10/cam5,0,29.174,31.51681,1,5,mcfd
chute10/cam7,0,29.407333333333334,31.75014333333333,1,7,mcfd
chute10/cam8,0,28.774,31.11681,1,8,mcfd
chute11/cam1,2,18.003666666666664,24.940976666666664,1,1,mcfd
chute11/cam2,2,17.37033333333333,24.30764333333333,1,2,mcfd
chute11/cam3,2,17.903666666666666,24.840976666666663,1,3,mcfd
chute11/cam4,2,17.703666666666663,24.640976666666663,1,4,mcfd
chute11/cam5,2,17.237,24.17431,1,5,mcfd
chute11/cam7,2,17.470333333333333,24.407643333333333,1,7,mcfd
chute11/cam8,2,17.636999999999997,24.57431,1,8,mcfd
chute11/cam1,7,24.940666666666665,27.582636666666662,1,1,mcfd
chute11/cam2,7,24.30733333333333,26.949303333333333,1,2,mcfd
chute11/cam3,7,24.840666666666667,27.482636666666668,1,3,mcfd
chute11/cam4,7,24.640666666666664,27.282636666666665,1,4,mcfd
chute11/cam5,7,24.174,26.81597,1,5,mcfd
chute11/cam7,7,24.407333333333334,27.04930333333333,1,7,mcfd
chute11/cam8,7,24.574,27.21597,1,8,mcfd
chute13/cam1,7,23.89133333333333,27.95133333333333,1,1,mcfd
chute13/cam2,7,24.458,28.518,1,2,mcfd
chute13/cam3,7,23.358,27.418000000000003,1,3,mcfd
chute13/cam4,7,23.59133333333333,27.651333333333334,1,4,mcfd
chute13/cam5,7,24.258,28.318,1,5,mcfd
chute13/cam7,7,24.558,28.618,1,7,mcfd
chute13/cam8,7,23.79133333333333,27.851333333333336,1,8,mcfd
chute17/cam1,7,20.436666666666667,24.666666666666668,1,1,mcfd
chute17/cam2,7,20.60333333333333,24.833333333333336,1,2,mcfd
chute17/cam3,7,20.236666666666668,24.46666666666667,1,3,mcfd
chute17/cam4,7,19.736666666666668,23.96666666666667,1,4,mcfd
chute17/cam5,7,20.07,24.3,1,5,mcfd
chute17/cam7,7,20.703333333333333,24.933333333333334,1,7,mcfd
chute17/cam8,7,20.336666666666662,24.566666666666663,1,8,mcfd
chute21/cam1,0,14.63681,19.082,1,1,mcfd
chute21/cam2,0,14.970143333333333,19.415333333333333,1,2,mcfd
chute21/cam3,0,14.703476666666669,19.148666666666664,1,3,mcfd
chute21/cam4,0,14.070143333333334,18.51533333333333,1,4,mcfd
chute21/cam5,0,14.23681,18.682,1,5,mcfd
chute21/cam7,0,15.03681,19.482,1,7,mcfd
chute21/cam8,0,13.970143333333333,18.415333333333333,1,8,mcfd
chute21/cam1,3,19.082,21.79,1,1,mcfd
chute21/cam2,3,19.415333333333333,22.12333333333333,1,2,mcfd
chute21/cam3,3,19.148666666666664,21.856666666666666,1,3,mcfd
chute21/cam4,3,18.51533333333333,21.223333333333333,1,4,mcfd
chute21/cam5,3,18.682,21.39,1,5,mcfd
chute21/cam7,3,19.482,22.19,1,7,mcfd
chute21/cam8,3,18.415333333333333,21.12333333333333,1,8,mcfd
chute21/cam1,4,21.822,27.99,1,1,mcfd
chute21/cam2,4,22.15533333333333,28.32333333333333,1,2,mcfd
chute21/cam3,4,21.888666666666666,28.056666666666665,1,3,mcfd
chute21/cam4,4,21.255333333333333,27.42333333333333,1,4,mcfd
chute21/cam5,4,21.422,27.59,1,5,mcfd
chute21/cam7,4,22.222,28.39,1,7,mcfd
chute21/cam8,4,21.15533333333333,27.32333333333333,1,8,mcfd
chute21/cam1,7,28.022,30.29,1,1,mcfd
chute21/cam2,7,28.35533333333333,30.62333333333333,1,2,mcfd
chute21/cam3,7,28.088666666666665,30.356666666666666,1,3,mcfd
chute21/cam4,7,27.45533333333333,29.723333333333333,1,4,mcfd
chute21/cam5,7,27.622,29.89,1,5,mcfd
chute21/cam7,7,28.422,30.69,1,7,mcfd
chute21/cam8,7,27.35533333333333,29.62333333333333,1,8,mcfd
chute21/cam1,1,30.322,32.014,1,1,mcfd
chute21/cam2,1,30.65533333333333,32.34733333333333,1,2,mcfd
chute21/cam3,1,30.388666666666666,32.080666666666666,1,3,mcfd
chute21/cam4,1,29.755333333333333,31.447333333333333,1,4,mcfd
chute21/cam5,1,29.922,31.614,1,5,mcfd
chute21/cam7,1,30.722,32.414,1,7,mcfd
chute21/cam8,1,29.65533333333333,31.34733333333333,1,8,mcfd
chute22/cam1,0,10.085333333333336,19.32933333333333,1,1,mcfd
chute22/cam2,0,11.618666666666668,20.862666666666662,1,2,mcfd
chute22/cam3,0,11.785333333333334,21.029333333333334,1,3,mcfd
chute22/cam4,0,11.452,20.696,1,4,mcfd
chute22/cam5,0,11.852,21.096,1,5,mcfd
chute22/cam7,0,11.652,20.896,1,7,mcfd
chute22/cam8,0,11.218666666666667,20.462666666666667,1,8,mcfd
chute22/cam1,3,19.365333333333336,22.62933333333333,1,1,mcfd
chute22/cam2,3,20.898666666666667,24.162666666666667,1,2,mcfd
chute22/cam3,3,21.06533333333333,24.32933333333333,1,3,mcfd
chute22/cam4,3,20.732000000000003,23.996,1,4,mcfd
chute22/cam5,3,21.132,24.396,1,5,mcfd
chute22/cam7,3,20.932,24.196,1,7,mcfd
chute22/cam8,3,20.49866666666667,23.762666666666668,1,8,mcfd
chute22/cam1,4,22.665333333333333,24.365333333333336,1,1,mcfd
chute22/cam2,4,24.198666666666664,25.898666666666667,1,2,mcfd
chute22/cam3,4,24.36533333333333,26.06533333333333,1,3,mcfd
chute22/cam4,4,24.032,25.732000000000003,1,4,mcfd
chute22/cam5,4,24.432,26.132,1,5,mcfd
chute22/cam7,4,24.232,25.932,1,7,mcfd
chute22/cam8,4,23.798666666666666,25.49866666666667,1,8,mcfd
chute22/cam1,7,24.397333333333336,25.32933333333333,1,1,mcfd
chute22/cam2,7,25.930666666666667,26.862666666666662,1,2,mcfd
chute22/cam3,7,26.09733333333333,27.029333333333334,1,3,mcfd
chute22/cam4,7,25.764000000000003,26.696,1,4,mcfd
chute22/cam5,7,26.164,27.096,1,5,mcfd
chute22/cam7,7,25.964,26.896,1,7,mcfd
chute22/cam8,7,25.53066666666667,26.462666666666667,1,8,mcfd
chute22/cam1,1,25.365333333333336,27.409333333333333,1,1,mcfd
chute22/cam2,1,26.898666666666667,28.942666666666664,1,2,mcfd
chute22/cam3,1,27.06533333333333,29.10933333333333,1,3,mcfd
chute22/cam4,1,26.732000000000003,28.776,1,4,mcfd
chute22/cam5,1,27.132,29.176,1,5,mcfd
chute22/cam7,1,26.932,28.976,1,7,mcfd
chute22/cam8,1,26.49866666666667,28.542666666666666,1,8,mcfd
chute23/cam1,0,18.993333333333336,21.57433333333333,1,1,mcfd
chute23/cam2,0,19.69333333333333,22.27433333333333,1,2,mcfd
chute23/cam3,0,19.69333333333333,22.27433333333333,1,3,mcfd
chute23/cam4,0,19.46,22.041,1,4,mcfd
chute23/cam5,0,19.76,22.341,1,5,mcfd
chute23/cam7,0,19.62666666666667,22.207666666666668,1,7,mcfd
chute23/cam8,0,17.96,20.541,1,8,mcfd
chute23/cam1,7,51.94133333333333,55.34514333333333,1,1,mcfd
chute23/cam2,7,52.64133333333333,56.04514333333333,1,2,mcfd
chute23/cam3,7,52.64133333333333,56.04514333333333,1,3,mcfd
chute23/cam4,7,52.408,55.81181,1,4,mcfd
chute23/cam5,7,52.708,56.11181,1,5,mcfd
chute23/cam7,7,52.574666666666666,55.978476666666666,1,7,mcfd
chute23/cam8,7,50.908,54.31181,1,8,mcfd
chute23/cam1,0,62.60533333333333,88.26180333333333,1,1,mcfd
chute23/cam2,0,63.30533333333333,88.96180333333334,1,2,mcfd
chute23/cam3,0,63.30533333333333,88.96180333333334,1,3,mcfd
chute23/cam4,0,63.072,88.72847,1,4,mcfd
chute23/cam5,0,63.372,89.02847,1,5,mcfd
chute23/cam7,0,63.23866666666667,88.89513666666666,1,7,mcfd
chute23/cam8,0,61.572,87.22847,1,8,mcfd
chute23/cam1,6,91.53233333333334,93.92847333333332,1,1,mcfd
chute23/cam2,6,92.23233333333334,94.62847333333332,1,2,mcfd
chute23/cam3,6,92.23233333333334,94.62847333333332,1,3,mcfd
chute23/cam4,6,91.999,94.39514,1,4,mcfd
chute23/cam5,6,92.299,94.69514,1,5,mcfd
chute23/cam7,6,92.16566666666668,94.56180666666666,1,7,mcfd
chute23/cam8,6,90.499,92.89514,1,8,mcfd
chute23/cam1,7,93.92833333333331,101.82430333333332,1,1,mcfd
chute23/cam2,7,94.62833333333332,102.52430333333334,1,2,mcfd
chute23/cam3,7,94.62833333333332,102.52430333333334,1,3,mcfd
chute23/cam4,7,94.395,102.29097,1,4,mcfd
chute23/cam5,7,94.695,102.59097,1,5,mcfd
chute23/cam7,7,94.56166666666664,102.45763666666666,1,7,mcfd
chute23/cam8,7,92.895,100.79097,1,8,mcfd
chute23/cam1,5,106.63633333333334,109.51333333333334,1,1,mcfd
chute23/cam2,5,107.33633333333334,110.21333333333334,1,2,mcfd
chute23/cam3,5,107.33633333333334,110.21333333333334,1,3,mcfd
chute23/cam4,5,107.103,109.98,1,4,mcfd
chute23/cam5,5,107.403,110.28,1,5,mcfd
chute23/cam7,5,107.26966666666668,110.14666666666666,1,7,mcfd
chute23/cam8,5,105.603,108.48,1,8,mcfd
chute23/cam1,7,113.63633333333334,119.92847333333332,1,1,mcfd
chute23/cam2,7,114.33633333333334,120.62847333333332,1,2,mcfd
chute23/cam3,7,114.33633333333334,120.62847333333332,1,3,mcfd
chute23/cam4,7,114.103,120.39514,1,4,mcfd
chute23/cam5,7,114.403,120.69514,1,5,mcfd
chute23/cam7,7,114.26966666666668,120.56180666666666,1,7,mcfd
chute23/cam8,7,112.603,118.89514,1,8,mcfd
chute23/cam1,3,140.32433333333333,143.40533333333332,1,1,mcfd
chute23/cam2,3,141.02433333333337,144.10533333333333,1,2,mcfd
chute23/cam3,3,141.02433333333337,144.10533333333333,1,3,mcfd
chute23/cam4,3,140.791,143.872,1,4,mcfd
chute23/cam5,3,141.091,144.172,1,5,mcfd
chute23/cam7,3,140.95766666666668,144.03866666666667,1,7,mcfd
chute23/cam8,3,139.291,142.372,1,8,mcfd
chute23/cam1,4,143.44133333333332,149.29847333333333,1,1,mcfd
chute23/cam2,4,144.14133333333334,149.99847333333335,1,2,mcfd
chute23/cam3,4,144.14133333333334,149.99847333333335,1,3,mcfd
chute23/cam4,4,143.908,149.76514,1,4,mcfd
chute23/cam5,4,144.208,150.06514,1,5,mcfd
chute23/cam7,4,144.07466666666667,149.9318066666667,1,7,mcfd
chute23/cam8,4,142.408,148.26514,1,8,mcfd
chute23/cam1,7,149.30533333333332,151.82430333333332,1,1,mcfd
chute23/cam2,7,150.00533333333334,152.52430333333334,1,2,mcfd
chute23/cam3,7,150.00533333333334,152.52430333333334,1,3,mcfd
chute23/cam4,7,149.772,152.29097,1,4,mcfd
chute23/cam5,7,150.072,152.59097,1,5,mcfd
chute23/cam7,7,149.93866666666668,152.45763666666667,1,7,mcfd
chute23/cam8,7,148.272,150.79097,1,8,mcfd
chute24/cam1,0,10.014666666666669,31.674666666666667,1,1,mcfd
chute24/cam2,0,11.114666666666666,32.77466666666667,1,2,mcfd
chute24/cam3,0,10.148,31.808,1,3,mcfd
chute24/cam4,0,9.914666666666664,31.574666666666666,1,4,mcfd
chute24/cam5,0,11.148,32.808,1,5,mcfd
chute24/cam7,0,11.014666666666669,32.67466666666667,1,7,mcfd
chute24/cam8,0,9.948,31.608,1,8,mcfd
chute24/cam1,9,31.70666666666667,43.03866666666666,1,1,mcfd
chute24/cam2,9,32.80666666666667,44.138666666666666,1,2,mcfd
chute24/cam3,9,31.840000000000003,43.172,1,3,mcfd
chute24/cam4,9,31.60666666666667,42.93866666666666,1,4,mcfd
chute24/cam5,9,32.84,44.172,1,5,mcfd
chute24/cam7,9,32.70666666666667,44.03866666666666,1,7,mcfd
chute24/cam8,9,31.640000000000004,42.972,1,8,mcfd
chute24/cam1,9,43.074666666666666,47.53866666666666,1,1,mcfd
chute24/cam2,9,44.17466666666667,48.638666666666666,1,2,mcfd
chute24/cam3,9,43.208,47.672,1,3,mcfd
chute24/cam4,9,42.97466666666666,47.43866666666666,1,4,mcfd
chute24/cam5,9,44.208,48.672,1,5,mcfd
chute24/cam7,9,44.074666666666666,48.53866666666666,1,7,mcfd
chute24/cam8,9,43.008,47.472,1,8,mcfd
chute24/cam1,9,47.574666666666666,57.53866666666666,1,1,mcfd
chute24/cam2,9,48.67466666666667,58.638666666666666,1,2,mcfd
chute24/cam3,9,47.708,57.672,1,3,mcfd
chute24/cam4,9,47.47466666666666,57.43866666666666,1,4,mcfd
chute24/cam5,9,48.708,58.672,1,5,mcfd
chute24/cam7,9,48.574666666666666,58.53866666666666,1,7,mcfd
chute24/cam8,9,47.508,57.472,1,8,mcfd
chute24/cam1,9,57.574666666666666,62.00666666666667,1,1,mcfd
chute24/cam2,9,58.67466666666667,63.10666666666667,1,2,mcfd
chute24/cam3,9,57.708,62.14,1,3,mcfd
chute24/cam4,9,57.47466666666666,61.906666666666666,1,4,mcfd
chute24/cam5,9,58.708,63.14,1,5,mcfd
chute24/cam7,9,58.574666666666666,63.00666666666667,1,7,mcfd
chute24/cam8,9,57.508,61.94,1,8,mcfd
chute24/cam1,9,62.03866666666666,82.20666666666666,1,1,mcfd
chute24/cam2,9,63.138666666666666,83.30666666666667,1,2,mcfd
chute24/cam3,9,62.172,82.34,1,3,mcfd
chute24/cam4,9,61.93866666666666,82.10666666666667,1,4,mcfd
chute24/cam5,9,63.172,83.34,1,5,mcfd
chute24/cam7,9,63.03866666666666,83.20666666666666,1,7,mcfd
chute24/cam8,9,61.972,82.14,1,8,mcfd
chute24/cam1,9,82.23866666666666,85.43866666666666,1,1,mcfd
chute24/cam2,9,83.33866666666667,86.53866666666667,1,2,mcfd
chute24/cam3,9,82.372,85.572,1,3,mcfd
chute24/cam4,9,82.13866666666667,85.33866666666667,1,4,mcfd
chute24/cam5,9,83.372,86.572,1,5,mcfd
chute24/cam7,9,83.23866666666666,86.43866666666666,1,7,mcfd
chute24/cam8,9,82.172,85.372,1,8,mcfd
chute24/cam1,9,85.47466666666666,100.53866666666666,1,1,mcfd
chute24/cam2,9,86.57466666666667,101.63866666666668,1,2,mcfd
chute24/cam3,9,85.608,100.672,1,3,mcfd
chute24/cam4,9,85.37466666666667,100.43866666666666,1,4,mcfd
chute24/cam5,9,86.608,101.672,1,5,mcfd
chute24/cam7,9,86.47466666666666,101.53866666666666,1,7,mcfd
chute24/cam8,9,85.408,100.472,1,8,mcfd
chute24/cam1,9,100.57466666666666,103.37466666666666,1,1,mcfd
chute24/cam2,9,101.67466666666668,104.47466666666666,1,2,mcfd
chute24/cam3,9,100.708,103.508,1,3,mcfd
chute24/cam4,9,100.47466666666666,103.27466666666666,1,4,mcfd
chute24/cam5,9,101.708,104.508,1,5,mcfd
chute24/cam7,9,101.57466666666666,104.37466666666666,1,7,mcfd
chute24/cam8,9,100.508,103.308,1,8,mcfd
chute24/cam1,0,103.40666666666668,107.30666666666666,1,1,mcfd
chute24/cam2,0,104.50666666666667,108.40666666666668,1,2,mcfd
chute24/cam3,0,103.54,107.44,1,3,mcfd
chute24/cam4,0,103.30666666666669,107.20666666666666,1,4,mcfd
chute24/cam5,0,104.54,108.44,1,5,mcfd
chute24/cam7,0,104.40666666666668,108.30666666666666,1,7,mcfd
chute24/cam8,0,103.34,107.24,1,8,mcfd
chute24/cam1,0,107.33866666666664,110.97466666666666,1,1,mcfd
chute24/cam2,0,108.43866666666666,112.07466666666669,1,2,mcfd
chute24/cam3,0,107.472,111.108,1,3,mcfd
chute24/cam4,0,107.23866666666666,110.87466666666668,1,4,mcfd
chute24/cam5,0,108.472,112.108,1,5,mcfd
chute24/cam7,0,108.33866666666664,111.97466666666666,1,7,mcfd
chute24/cam8,0,107.272,110.908,1,8,mcfd
chute24/cam1,9,111.00666666666666,117.77013666666666,1,1,mcfd
chute24/cam2,9,112.10666666666668,118.87013666666668,1,2,mcfd
chute24/cam3,9,111.14,117.90347,1,3,mcfd
chute24/cam4,9,110.90666666666668,117.67013666666666,1,4,mcfd
chute24/cam5,9,112.14,118.90347,1,5,mcfd
chute24/cam7,9,112.00666666666666,118.77013666666666,1,7,mcfd
chute24/cam8,9,110.94,117.70347,1,8,mcfd
chute21/cam1,2,32.014,36.99097,1,1,mcfd
chute21/cam2,2,32.34733333333333,37.32430333333333,1,2,mcfd
chute21/cam3,2,32.080666666666666,37.05763666666667,1,3,mcfd
chute21/cam4,2,31.447333333333333,36.42430333333333,1,4,mcfd
chute21/cam5,2,31.614,36.59097,1,5,mcfd
chute21/cam7,2,32.414,37.39097,1,7,mcfd
chute21/cam8,2,31.34733333333333,36.32430333333333,1,8,mcfd
chute21/cam1,7,36.991,40.53264,1,1,mcfd
chute21/cam2,7,37.324333333333335,40.865973333333336,1,2,mcfd
chute21/cam3,7,37.05766666666667,40.59930666666667,1,3,mcfd
chute21/cam4,7,36.42433333333334,39.96597333333334,1,4,mcfd
chute21/cam5,7,36.591,40.13264,1,5,mcfd
chute21/cam7,7,37.391,40.93264,1,7,mcfd
chute21/cam8,7,36.324333333333335,39.865973333333336,1,8,mcfd
chute21/cam1,0,40.533,41.067,1,1,mcfd
chute21/cam2,0,40.86633333333334,41.400333333333336,1,2,mcfd
chute21/cam3,0,40.59966666666667,41.13366666666667,1,3,mcfd
chute21/cam4,0,39.96633333333334,40.50033333333334,1,4,mcfd
chute21/cam5,0,40.133,40.667,1,5,mcfd
chute21/cam7,0,40.933,41.467,1,7,mcfd
chute21/cam8,0,39.86633333333334,40.400333333333336,1,8,mcfd
chute22/cam1,2,27.409333333333333,30.79733333333333,1,1,mcfd
chute22/cam2,2,28.942666666666664,32.330666666666666,1,2,mcfd
chute22/cam3,2,29.10933333333333,32.49733333333333,1,3,mcfd
chute22/cam4,2,28.776,32.164,1,4,mcfd
chute22/cam5,2,29.176,32.564,1,5,mcfd
chute22/cam7,2,28.976,32.364,1,7,mcfd
chute22/cam8,2,28.542666666666666,31.930666666666667,1,8,mcfd
chute22/cam1,7,30.79733333333333,36.26180333333333,1,1,mcfd
chute22/cam2,7,32.330666666666666,37.79513666666666,1,2,mcfd
chute22/cam3,7,32.49733333333333,37.96180333333333,1,3,mcfd
chute22/cam4,7,32.164,37.62847,1,4,mcfd
chute22/cam5,7,32.564,38.02847,1,5,mcfd
chute22/cam7,7,32.364,37.82847,1,7,mcfd
chute22/cam8,7,31.930666666666667,37.395136666666666,1,8,mcfd
chute22/cam1,0,36.26133333333333,36.73333333333333,1,1,mcfd
chute22/cam2,0,37.79466666666666,38.266666666666666,1,2,mcfd
chute22/cam3,0,37.96133333333333,38.43333333333333,1,3,mcfd
chute22/cam4,0,37.628,38.1,1,4,mcfd
chute22/cam5,0,38.028,38.5,1,5,mcfd
chute22/cam7,0,37.828,38.3,1,7,mcfd
chute22/cam8,0,37.394666666666666,37.86666666666667,1,8,mcfd
chute23/cam1,9,21.57433333333333,24.345143333333333,1,1,mcfd
chute23/cam2,9,22.27433333333333,25.04514333333333,1,2,mcfd
chute23/cam3,9,22.27433333333333,25.04514333333333,1,3,mcfd
chute23/cam4,9,22.041,24.81181,1,4,mcfd
chute23/cam5,9,22.341,25.11181,1,5,mcfd
chute23/cam7,9,22.207666666666668,24.978476666666666,1,7,mcfd
chute23/cam8,9,20.541,23.31181,1,8,mcfd
chute23/cam1,0,12.393333333333333,18.37333333333333,1,1,mcfd
chute23/cam2,0,13.093333333333334,19.07333333333333,1,2,mcfd
chute23/cam3,0,13.093333333333334,19.07333333333333,1,3,mcfd
chute23/cam4,0,12.86,18.84,1,4,mcfd
chute23/cam5,0,13.16,19.14,1,5,mcfd
chute23/cam7,0,13.026666666666667,19.006666666666668,1,7,mcfd
chute23/cam8,0,11.36,17.34,1,8,mcfd
chute23/cam1,8,18.39333333333333,18.993333333333336,1,1,mcfd
chute23/cam2,8,19.093333333333334,19.69333333333333,1,2,mcfd
chute23/cam3,8,19.093333333333334,19.69333333333333,1,3,mcfd
chute23/cam4,8,18.86,19.46,1,4,mcfd
chute23/cam5,8,19.16,19.76,1,5,mcfd
chute23/cam7,8,19.026666666666667,19.62666666666667,1,7,mcfd
chute23/cam8,8,17.36,17.96,1,8,mcfd
chute23/cam1,0,24.345333333333333,50.51180333333333,1,1,mcfd
chute23/cam2,0,25.04533333333333,51.21180333333333,1,2,mcfd
chute23/cam3,0,25.04533333333333,51.21180333333333,1,3,mcfd
chute23/cam4,0,24.812,50.97847,1,4,mcfd
chute23/cam5,0,25.112,51.27847,1,5,mcfd
chute23/cam7,0,24.978666666666665,51.145136666666666,1,7,mcfd
chute23/cam8,0,23.312,49.47847,1,8,mcfd
chute23/cam1,1,50.51133333333333,51.94133333333333,1,1,mcfd
chute23/cam2,1,51.21133333333333,52.64133333333333,1,2,mcfd
chute23/cam3,1,51.21133333333333,52.64133333333333,1,3,mcfd
chute23/cam4,1,50.978,52.408,1,4,mcfd
chute23/cam5,1,51.278,52.708,1,5,mcfd
chute23/cam7,1,51.144666666666666,52.574666666666666,1,7,mcfd
chute23/cam8,1,49.478,50.908,1,8,mcfd
chute23/cam1,0,55.345333333333336,57.76180333333333,1,1,mcfd
chute23/cam2,0,56.04533333333333,58.46180333333333,1,2,mcfd
chute23/cam3,0,56.04533333333333,58.46180333333333,1,3,mcfd
chute23/cam4,0,55.812000000000005,58.22847,1,4,mcfd
chute23/cam5,0,56.112,58.52847,1,5,mcfd
chute23/cam7,0,55.97866666666667,58.395136666666666,1,7,mcfd
chute23/cam8,0,54.312000000000005,56.72847,1,8,mcfd
chute23/cam1,9,57.76133333333333,62.57333333333334,1,1,mcfd
chute23/cam2,9,58.46133333333333,63.27333333333333,1,2,mcfd
chute23/cam3,9,58.46133333333333,63.27333333333333,1,3,mcfd
chute23/cam4,9,58.228,63.040000000000006,1,4,mcfd
chute23/cam5,9,58.528,63.34,1,5,mcfd
chute23/cam7,9,58.394666666666666,63.20666666666667,1,7,mcfd
chute23/cam8,9,56.728,61.540000000000006,1,8,mcfd
chute23/cam1,5,88.26133333333334,91.53264333333334,1,1,mcfd
chute23/cam2,5,88.96133333333334,92.23264333333334,1,2,mcfd
chute23/cam3,5,88.96133333333334,92.23264333333334,1,3,mcfd
chute23/cam4,5,88.72800000000001,91.99931,1,4,mcfd
chute23/cam5,5,89.028,92.29931,1,5,mcfd
chute23/cam7,5,88.89466666666667,92.16597666666668,1,7,mcfd
chute23/cam8,5,87.22800000000001,90.49931,1,8,mcfd
chute23/cam1,0,101.82433333333331,105.88680333333332,1,1,mcfd
chute23/cam2,0,102.52433333333332,106.58680333333334,1,2,mcfd
chute23/cam3,0,102.52433333333332,106.58680333333334,1,3,mcfd
chute23/cam4,0,102.291,106.35347,1,4,mcfd
chute23/cam5,0,102.591,106.65347,1,5,mcfd
chute23/cam7,0,102.45766666666664,106.52013666666666,1,7,mcfd
chute23/cam8,0,100.791,104.85347,1,8,mcfd
chute23/cam1,3,105.88633333333334,106.63680333333332,1,1,mcfd
chute23/cam2,3,106.58633333333334,107.33680333333334,1,2,mcfd
chute23/cam3,3,106.58633333333334,107.33680333333334,1,3,mcfd
chute23/cam4,3,106.353,107.10347,1,4,mcfd
chute23/cam5,3,106.653,107.40347,1,5,mcfd
chute23/cam7,3,106.51966666666668,107.27013666666666,1,7,mcfd
chute23/cam8,3,104.853,105.60347,1,8,mcfd
chute23/cam1,6,109.51333333333334,113.63680333333332,1,1,mcfd
chute23/cam2,6,110.21333333333334,114.33680333333334,1,2,mcfd
chute23/cam3,6,110.21333333333334,114.33680333333334,1,3,mcfd
chute23/cam4,6,109.98,114.10347,1,4,mcfd
chute23/cam5,6,110.28,114.40347,1,5,mcfd
chute23/cam7,6,110.14666666666666,114.27013666666666,1,7,mcfd
chute23/cam8,6,108.48,112.60347,1,8,mcfd
chute23/cam1,1,119.92833333333331,121.01180333333332,1,1,mcfd
chute23/cam2,1,120.62833333333332,121.71180333333334,1,2,mcfd
chute23/cam3,1,120.62833333333332,121.71180333333334,1,3,mcfd
chute23/cam4,1,120.395,121.47847,1,4,mcfd
chute23/cam5,1,120.695,121.77847,1,5,mcfd
chute23/cam7,1,120.56166666666664,121.64513666666666,1,7,mcfd
chute23/cam8,1,118.895,119.97847,1,8,mcfd
chute23/cam1,7,121.01133333333334,125.40764333333334,1,1,mcfd
chute23/cam2,7,121.71133333333334,126.10764333333334,1,2,mcfd
chute23/cam3,7,121.71133333333334,126.10764333333334,1,3,mcfd
chute23/cam4,7,121.478,125.87431,1,4,mcfd
chute23/cam5,7,121.778,126.17431,1,5,mcfd
chute23/cam7,7,121.64466666666668,126.04097666666668,1,7,mcfd
chute23/cam8,7,119.978,124.37431,1,8,mcfd
chute23/cam1,9,125.40733333333334,137.4076433333333,1,1,mcfd
chute23/cam2,9,126.10733333333334,138.10764333333333,1,2,mcfd
chute23/cam3,9,126.10733333333334,138.10764333333333,1,3,mcfd
chute23/cam4,9,125.874,137.87430999999998,1,4,mcfd
chute23/cam5,9,126.174,138.17431,1,5,mcfd
chute23/cam7,9,126.04066666666668,138.0409766666667,1,7,mcfd
chute23/cam8,9,124.374,136.37430999999998,1,8,mcfd
chute23/cam1,0,137.40733333333333,140.32430333333332,1,1,mcfd
chute23/cam2,0,138.10733333333334,141.02430333333334,1,2,mcfd
chute23/cam3,0,138.10733333333334,141.02430333333334,1,3,mcfd
chute23/cam4,0,137.874,140.79097,1,4,mcfd
chute23/cam5,0,138.174,141.09097,1,5,mcfd
chute23/cam7,0,138.04066666666668,140.95763666666667,1,7,mcfd
chute23/cam8,0,136.374,139.29097,1,8,mcfd
chute23/cam1,8,171.26180333333332,173.44930333333332,1,1,mcfd
chute23/cam2,8,171.96180333333334,174.14930333333334,1,2,mcfd
chute23/cam3,8,171.96180333333334,174.14930333333334,1,3,mcfd
chute23/cam4,8,171.72847,173.91597,1,4,mcfd
chute23/cam5,8,172.02847,174.21597,1,5,mcfd
chute23/cam7,8,171.89513666666667,174.08263666666667,1,7,mcfd
chute23/cam8,8,170.22847,172.41597,1,8,mcfd
chute23/cam1,0,151.82433333333333,171.2613333333333,1,1,mcfd
chute23/cam2,0,152.52433333333337,171.96133333333333,1,2,mcfd
chute23/cam3,0,152.52433333333337,171.96133333333333,1,3,mcfd
chute23/cam4,0,152.291,171.72799999999998,1,4,mcfd
chute23/cam5,0,152.591,172.028,1,5,mcfd
chute23/cam7,0,152.45766666666668,171.89466666666667,1,7,mcfd
chute23/cam8,0,150.791,170.22799999999998,1,8,mcfd
chute23/cam1,0,173.44933333333333,179.55014333333332,1,1,mcfd
chute23/cam2,0,174.14933333333337,180.2501433333333,1,2,mcfd
chute23/cam3,0,174.14933333333337,180.2501433333333,1,3,mcfd
chute23/cam4,0,173.916,180.01681,1,4,mcfd
chute23/cam5,0,174.216,180.31681,1,5,mcfd
chute23/cam7,0,174.08266666666668,180.18347666666668,1,7,mcfd
chute23/cam8,0,172.416,178.51681,1,8,mcfd
chute24/cam1,8,117.76966666666668,121.62180666666666,1,1,mcfd
chute24/cam2,8,118.86966666666667,122.72180666666668,1,2,mcfd
chute24/cam3,8,117.903,121.75514,1,3,mcfd
chute24/cam4,8,117.66966666666669,121.52180666666666,1,4,mcfd
chute24/cam5,8,118.903,122.75514,1,5,mcfd
chute24/cam7,8,118.76966666666668,122.62180666666666,1,7,mcfd
chute24/cam8,8,117.703,121.55514,1,8,mcfd
