epoch,train_loss,val_loss,lr,val_accuracy,val_precision,val_recall,val_specificity,val_f1,val_balanced_accuracy,val_tp,val_tn,val_fp,val_fn
1,0.6523617177769758,1.471499259388724,0.0002999917754048268,0.4883720930232558,0.4883720930232558,1.0,0.0,0.65625,0.5,21,0,22,0
2,0.5802534019601517,0.5672115461770878,0.0002999671025212268,0.813953488372093,0.76,0.9047619047619048,0.7272727272727273,0.8260869565217391,0.8160173160173161,19,16,6,2
3,0.5493155303208724,0.6469778848248858,0.0002999259840548597,0.627906976744186,1.0,0.23809523809523808,1.0,0.3846153846153846,0.6190476190476191,5,22,0,16
4,0.49901073868723883,0.6572642520416615,0.00029986842451482874,0.5348837209302325,1.0,0.047619047619047616,1.0,0.0909090909090909,0.5238095238095238,1,22,0,20
5,0.4621333868607231,0.6523110312084819,0.000299794430213186,0.5581395348837209,1.0,0.09523809523809523,1.0,0.17391304347826084,0.5476190476190477,2,22,0,19
6,0.4395881027415179,0.5923149516416151,0.0002997040092642407,0.6744186046511628,1.0,0.3333333333333333,1.0,0.5,0.6666666666666666,7,22,0,14
7,0.384596005730007,0.5761457681655884,0.0002995971715836687,0.6511627906976745,1.0,0.2857142857142857,1.0,0.4444444444444445,0.6428571428571428,6,22,0,15
8,0.41076076117114746,0.4730978067531142,0.00029947392888742566,0.7441860465116279,1.0,0.47619047619047616,1.0,0.6451612903225806,0.7380952380952381,10,22,0,11
9,0.31955327655094257,0.4350427569344986,0.000299334294690462,0.7674418604651163,1.0,0.5238095238095238,1.0,0.6875000000000001,0.7619047619047619,11,22,0,10
10,0.29334973187550256,0.3581486372060554,0.00029917828430524096,0.8837209302325582,1.0,0.7619047619047619,1.0,0.8648648648648648,0.8809523809523809,16,22,0,5
11,0.37508747456730274,0.30545712487642157,0.0002990059148400594,0.9302325581395349,0.9090909090909091,0.9523809523809523,0.9090909090909091,0.9302325581395349,0.9307359307359306,20,20,2,1
12,0.2205646739921708,0.26340674799542096,0.0002988172051971717,0.9767441860465116,1.0,0.9523809523809523,1.0,0.975609756097561,0.9761904761904762,20,22,0,1
13,0.23480844238530035,0.26025711519773614,0.0002986121760707165,0.9767441860465116,1.0,0.9523809523809523,1.0,0.975609756097561,0.9761904761904762,20,22,0,1
14,0.279680170442747,0.23406334533247836,0.0002983908499444482,0.9534883720930233,1.0,0.9047619047619048,1.0,0.9500000000000001,0.9523809523809523,19,22,0,2
15,0.17883373213850934,0.3570743896240412,0.00029815325108927063,0.8604651162790697,1.0,0.7142857142857143,1.0,0.8333333333333333,0.8571428571428572,15,22,0,6
16,0.19982419130594833,0.44658890851708344,0.0002978994055605757,0.7906976744186046,1.0,0.5714285714285714,1.0,0.7272727272727273,0.7857142857142857,12,22,0,9
17,0.17421199273372043,0.26031215384949086,0.0002976293411953862,0.9069767441860465,1.0,0.8095238095238095,1.0,0.8947368421052632,0.9047619047619048,17,22,0,4
18,0.3205462815105051,0.2334745755029279,0.00029734308760930326,0.9534883720930233,1.0,0.9047619047619048,1.0,0.9500000000000001,0.9523809523809523,19,22,0,2
19,0.1571541644524837,0.22321506225785545,0.0002970406761932582,0.9767441860465116,1.0,0.9523809523809523,1.0,0.975609756097561,0.9761904761904762,20,22,0,1
20,0.4362112197323122,0.2816813172296036,0.00029672214011007076,0.9302325581395349,1.0,0.8571428571428571,1.0,0.923076923076923,0.9285714285714286,18,22,0,3
21,0.19224949850552325,0.3203043286190477,0.000296387514290812,0.8837209302325582,0.9444444444444444,0.8095238095238095,0.9545454545454546,0.8717948717948718,0.8820346320346321,17,21,1,4
22,0.15069018325943878,0.2776032208010208,0.0002960368354309739,0.9069767441860465,0.9473684210526315,0.8571428571428571,0.9545454545454546,0.9,0.9058441558441559,18,21,1,3
23,0.21151388447353806,0.33649150992548743,0.00029567014198644527,0.8604651162790697,0.9411764705882353,0.7619047619047619,0.9545454545454546,0.8421052631578947,0.8582251082251082,16,21,1,5
24,0.1559907154760499,0.4329083755958912,0.0002952874741692945,0.8372093023255814,1.0,0.6666666666666666,1.0,0.8,0.8333333333333333,14,22,0,7
25,0.18011741167393283,0.3075069299964018,0.0002948888739433601,0.9069767441860465,1.0,0.8095238095238095,1.0,0.8947368421052632,0.9047619047619048,17,22,0,4
26,0.18050020933151245,0.2510806710221047,0.00029447438501964857,0.9534883720930233,1.0,0.9047619047619048,1.0,0.9500000000000001,0.9523809523809523,19,22,0,2
27,0.14970010562219482,0.2434737626896348,0.0002940440528515413,0.9534883720930233,1.0,0.9047619047619048,1.0,0.9500000000000001,0.9523809523809523,19,22,0,2
28,0.14001932610636172,0.2881541349167048,0.00029359792462980993,0.9534883720930233,1.0,0.9047619047619048,1.0,0.9500000000000001,0.9523809523809523,19,22,0,2
29,0.13586276121761487,0.26320195336674534,0.0002931360492774414,0.9534883720930233,1.0,0.9047619047619048,1.0,0.9500000000000001,0.9523809523809523,19,22,0,2
30,0.17763722115668698,0.26696804928225143,0.0002926584774442729,0.9534883720930233,1.0,0.9047619047619048,1.0,0.9500000000000001,0.9523809523809523,19,22,0,2
31,0.1619360168343005,0.42175208274708237,0.00029216526150143774,0.8372093023255814,0.9375,0.7142857142857143,0.9545454545454546,0.8108108108108109,0.8344155844155845,15,21,1,6
32,0.15190245837405109,0.39654662581377254,0.00029165645553562203,0.8604651162790697,0.8947368421052632,0.8095238095238095,0.9090909090909091,0.8500000000000001,0.8593073593073592,17,20,2,4
33,0.1446949597718059,0.349518793266873,0.0002911321153431337,0.9069767441860465,0.9473684210526315,0.8571428571428571,0.9545454545454546,0.9,0.9058441558441559,18,21,1,3
34,0.14102907910727072,0.3000085936036221,0.00029059229842378357,0.9302325581395349,0.95,0.9047619047619048,0.9545454545454546,0.9268292682926829,0.9296536796536796,19,21,1,2
35,0.24063742009625919,0.3033569607623788,0.00029003706397458007,0.9302325581395349,0.95,0.9047619047619048,0.9545454545454546,0.9268292682926829,0.9296536796536796,19,21,1,2
36,0.16089446302773297,0.3544269245724345,0.00028946647288323756,0.8604651162790697,0.9411764705882353,0.7619047619047619,0.9545454545454546,0.8421052631578947,0.8582251082251082,16,21,1,5
37,0.1358214521753615,0.3799232701922572,0.0002888805877214991,0.8604651162790697,0.9411764705882353,0.7619047619047619,0.9545454545454546,0.8421052631578947,0.8582251082251082,16,21,1,5
38,0.14930979453999063,0.4093632781228354,0.00028827947273827497,0.8372093023255814,0.9375,0.7142857142857143,0.9545454545454546,0.8108108108108109,0.8344155844155845,15,21,1,6
39,0.16489711878956229,0.4647408058477003,0.0002876631938525971,0.8372093023255814,0.9375,0.7142857142857143,0.9545454545454546,0.8108108108108109,0.8344155844155845,15,21,1,6
40,0.17145294123801633,0.4513900390891142,0.00028703181864639,0.8604651162790697,0.9411764705882353,0.7619047619047619,0.9545454545454546,0.8421052631578947,0.8582251082251082,16,21,1,5
41,0.14683157248773437,0.4044499452724013,0.0002863854163570602,0.8372093023255814,1.0,0.6666666666666666,1.0,0.8,0.8333333333333333,14,22,0,7
42,0.17366499313409778,0.3808813261431317,0.0002857240578699029,0.8837209302325582,1.0,0.7619047619047619,1.0,0.8648648648648648,0.8809523809523809,16,22,0,5
43,0.16118984853011975,0.45523738306622175,0.000285047815710329,0.8372093023255814,0.9375,0.7142857142857143,0.9545454545454546,0.8108108108108109,0.8344155844155845,15,21,1,6
44,0.21258458020030588,0.4595797810443612,0.0002843567640359119,0.8372093023255814,0.9375,0.7142857142857143,0.9545454545454546,0.8108108108108109,0.8344155844155845,15,21,1,6
45,0.15001958479052005,0.34513534640156945,0.00028365097862825513,0.8837209302325582,0.9444444444444444,0.8095238095238095,0.9545454545454546,0.8717948717948718,0.8820346320346321,17,21,1,4
46,0.13460747876029083,0.29468453692835433,0.00028293053688468214,0.9069767441860465,0.9047619047619048,0.9047619047619048,0.9090909090909091,0.9047619047619048,0.9069264069264069,19,20,2,2
47,0.1720947580061097,0.3176190367964811,0.00028219551780974875,0.8837209302325582,0.9444444444444444,0.8095238095238095,0.9545454545454546,0.8717948717948718,0.8820346320346321,17,21,1,4
48,0.17229008242703867,0.29865558480107507,0.0002814460020065795,0.9069767441860465,0.9473684210526315,0.8571428571428571,0.9545454545454546,0.9,0.9058441558441559,18,21,1,3
49,0.1745596070220505,0.26003185954204827,0.0002806820716680284,0.9302325581395349,1.0,0.8571428571428571,1.0,0.923076923076923,0.9285714285714286,18,22,0,3
50,0.15762848612191022,0.3463092820588933,0.0002799038105676658,0.8837209302325582,1.0,0.7619047619047619,1.0,0.8648648648648648,0.8809523809523809,16,22,0,5
51,0.15852034696634265,0.3219825639281162,0.0002791113040505915,0.9069767441860465,1.0,0.8095238095238095,1.0,0.8947368421052632,0.9047619047619048,17,22,0,4
52,0.16253174150335617,0.2951760444530221,0.00027830463902407595,0.9302325581395349,1.0,0.8571428571428571,1.0,0.923076923076923,0.9285714285714286,18,22,0,3
53,0.18568958752397177,0.26229426680609236,0.0002774839039480296,0.9302325581395349,0.95,0.9047619047619048,0.9545454545454546,0.9268292682926829,0.9296536796536796,19,21,1,2
54,0.13752704880375793,0.27782332619955374,0.00027664918882530225,0.9302325581395349,0.95,0.9047619047619048,0.9545454545454546,0.9268292682926829,0.9296536796536796,19,21,1,2
55,0.1677515325338944,0.3030067100081333,0.0002758005851918136,0.9069767441860465,0.9473684210526315,0.8571428571428571,0.9545454545454546,0.9,0.9058441558441559,18,21,1,3
56,0.15865580500036047,0.3105263460514157,0.0002749381861065149,0.8837209302325582,0.9444444444444444,0.8095238095238095,0.9545454545454546,0.8717948717948718,0.8820346320346321,17,21,1,4
57,0.13899873132291046,0.31135091116262037,0.00027406208614118424,0.8604651162790697,0.9411764705882353,0.7619047619047619,0.9545454545454546,0.8421052631578947,0.8582251082251082,16,21,1,5
58,0.17265120580576468,0.31014475711556366,0.00027317238137005556,0.8837209302325582,0.9444444444444444,0.8095238095238095,0.9545454545454546,0.8717948717948718,0.8820346320346321,17,21,1,4
59,0.14807720590328824,0.29723728673402655,0.00027226916935928306,0.8837209302325582,0.9444444444444444,0.8095238095238095,0.9545454545454546,0.8717948717948718,0.8820346320346321,17,21,1,4
60,0.14054271535596985,0.2969280855600224,0.00027135254915624206,0.8837209302325582,0.9444444444444444,0.8095238095238095,0.9545454545454546,0.8717948717948718,0.8820346320346321,17,21,1,4
61,0.13506701675014218,0.3348538958749106,0.0002704226212786671,0.9069767441860465,1.0,0.8095238095238095,1.0,0.8947368421052632,0.9047619047619048,17,22,0,4
62,0.15967563572137253,0.4094656220702238,0.00026947948770362937,0.8604651162790697,1.0,0.7142857142857143,1.0,0.8333333333333333,0.8571428571428572,15,22,0,6
63,0.14008824246517126,0.5552903607834218,0.0002685232518563535,0.7674418604651163,1.0,0.5238095238095238,1.0,0.6875000000000001,0.7619047619047619,11,22,0,10
64,0.14836728961571402,0.5293700223745301,0.0002675540185988759,0.7674418604651163,0.9230769230769231,0.5714285714285714,0.9545454545454546,0.7058823529411765,0.762987012987013,12,21,1,9
65,0.24907657547273498,0.33654996544815774,0.00026657189421854557,0.8604651162790697,0.9411764705882353,0.7619047619047619,0.9545454545454546,0.8421052631578947,0.8582251082251082,16,21,1,5
66,0.19778488079706827,0.2570908048818278,0.0002655769864163683,0.9069767441860465,0.9047619047619048,0.9047619047619048,0.9090909090909091,0.9047619047619048,0.9069264069264069,19,20,2,2
67,0.14904848302620044,0.2674796456514403,0.00026456940429519626,0.9302325581395349,0.95,0.9047619047619048,0.9545454545454546,0.9268292682926829,0.9296536796536796,19,21,1,2
68,0.1452930552372034,0.2940380365349526,0.00026354925834776334,0.9302325581395349,1.0,0.8571428571428571,1.0,0.923076923076923,0.9285714285714286,18,22,0,3
69,0.1430224409137947,0.3400747623554496,0.0002625166604445688,0.9302325581395349,1.0,0.8571428571428571,1.0,0.923076923076923,0.9285714285714286,18,22,0,3
70,0.15093482145364734,0.30904928196308223,0.00026147172382160903,0.9069767441860465,0.9473684210526315,0.8571428571428571,0.9545454545454546,0.9,0.9058441558441559,18,21,1,3
71,0.12704793568970502,0.2842310999715051,0.00026041456306796003,0.9302325581395349,0.95,0.9047619047619048,0.9545454545454546,0.9268292682926829,0.9296536796536796,19,21,1,2
72,0.16468007581821387,0.2981422640556513,0.0002593452941132116,0.9302325581395349,1.0,0.8571428571428571,1.0,0.923076923076923,0.9285714285714286,18,22,0,3
73,0.16261137050131094,0.3606382053951884,0.0002582640342147542,0.8837209302325582,1.0,0.7619047619047619,1.0,0.8648648648648648,0.8809523809523809,16,22,0,5
74,0.1291406094164088,0.4000177161638127,0.00025717090194492037,0.8837209302325582,1.0,0.7619047619047619,1.0,0.8648648648648648,0.8809523809523809,16,22,0,5
75,0.1444942886414735,0.3817234566045362,0.000256066017177982,0.8837209302325582,1.0,0.7619047619047619,1.0,0.8648648648648648,0.8809523809523809,16,22,0,5
76,0.2798090603040612,0.29420097622760505,0.00025494950107700473,0.9302325581395349,1.0,0.8571428571428571,1.0,0.923076923076923,0.9285714285714286,18,22,0,3
77,0.13034458004910013,0.37341141977975534,0.0002538214760805609,0.8837209302325582,1.0,0.7619047619047619,1.0,0.8648648648648648,0.8809523809523809,16,22,0,5
78,0.15472514689832495,0.388967095419418,0.0002526820658893032,0.8837209302325582,1.0,0.7619047619047619,1.0,0.8648648648648648,0.8809523809523809,16,22,0,5
79,0.1391530926676764,0.35875533625136974,0.00025153139545239895,0.8604651162790697,0.9411764705882353,0.7619047619047619,0.9545454545454546,0.8421052631578947,0.8582251082251082,16,21,1,5
80,0.14201930813167407,0.3275055732837943,0.0002503695909538286,0.8837209302325582,0.9444444444444444,0.8095238095238095,0.9545454545454546,0.8717948717948718,0.8820346320346321,17,21,1,4
81,0.21028575927451038,0.3102392970129501,0.00024919677979854765,0.9069767441860465,0.9047619047619048,0.9047619047619048,0.9090909090909091,0.9047619047619048,0.9069264069264069,19,20,2,2
82,0.1392631370952164,0.3074611536292143,0.0002480130905985157,0.9069767441860465,0.9047619047619048,0.9047619047619048,0.9090909090909091,0.9047619047619048,0.9069264069264069,19,20,2,2
83,0.13731700829837634,0.3200395994408186,0.00024681865315859247,0.9302325581395349,0.95,0.9047619047619048,0.9545454545454546,0.9268292682926829,0.9296536796536796,19,21,1,2
84,0.12994865706001502,0.3343235392903173,0.00024561359846230336,0.9069767441860465,0.9473684210526315,0.8571428571428571,0.9545454545454546,0.9,0.9058441558441559,18,21,1,3
85,0.14385214663934018,0.34158075687497164,0.0002443980586574755,0.9069767441860465,0.9473684210526315,0.8571428571428571,0.9545454545454546,0.9,0.9058441558441559,18,21,1,3
86,0.15772465022577756,0.3072278291680092,0.00024317216704174648,0.8837209302325582,0.9444444444444444,0.8095238095238095,0.9545454545454546,0.8717948717948718,0.8820346320346321,17,21,1,4
87,0.1298360455295314,0.28808073942051377,0.00024193605804794638,0.8604651162790697,0.9411764705882353,0.7619047619047619,0.9545454545454546,0.8421052631578947,0.8582251082251082,16,21,1,5
88,0.160171694945598,0.2772721814554791,0.00024068986722935616,0.9069767441860465,0.9473684210526315,0.8571428571428571,0.9545454545454546,0.9,0.9058441558441559,18,21,1,3
89,0.155626628709876,0.2638856914154319,0.00023943373124484226,0.9302325581395349,0.95,0.9047619047619048,0.9545454545454546,0.9268292682926829,0.9296536796536796,19,21,1,2
90,0.1618771591912145,0.2534603129985721,0.00023816778784387086,0.9534883720930233,0.9523809523809523,0.9523809523809523,0.9545454545454546,0.9523809523809523,0.9534632034632035,20,21,1,1
91,0.13504518158193948,0.26364157366198165,0.0002368921758514017,0.9302325581395349,0.95,0.9047619047619048,0.9545454545454546,0.9268292682926829,0.9296536796536796,19,21,1,2
92,0.1359050163756246,0.27030757693357244,0.0002356070351526647,0.9302325581395349,0.95,0.9047619047619048,0.9545454545454546,0.9268292682926829,0.9296536796536796,19,21,1,2
93,0.12991054010564002,0.2755059932553491,0.00023431250667781952,0.9069767441860465,0.9473684210526315,0.8571428571428571,0.9545454545454546,0.9,0.9058441558441559,18,21,1,3
94,0.1398826345153477,0.32562563308449677,0.0002330087323865015,0.8837209302325582,0.9444444444444444,0.8095238095238095,0.9545454545454546,0.8717948717948718,0.8820346320346321,17,21,1,4
95,0.13722170954165253,0.4106402036755584,0.00023169585525225394,0.8604651162790697,0.9411764705882353,0.7619047619047619,0.9545454545454546,0.8421052631578947,0.8582251082251082,16,21,1,5
96,0.13730536379675934,0.4469579957252325,0.00023037401924684938,0.8372093023255814,0.9375,0.7142857142857143,0.9545454545454546,0.8108108108108109,0.8344155844155845,15,21,1,6
97,0.12714380285014276,0.4714777414188829,0.00022904336932450157,0.813953488372093,0.9333333333333333,0.6666666666666666,0.9545454545454546,0.7777777777777778,0.8106060606060606,14,21,1,7
98,0.23014708878337473,0.35548952984255416,0.00022770405140596947,0.8837209302325582,0.9444444444444444,0.8095238095238095,0.9545454545454546,0.8717948717948718,0.8820346320346321,17,21,1,4
99,0.16568614132162454,0.34238316014755604,0.00022635621236255564,0.8837209302325582,0.9444444444444444,0.8095238095238095,0.9545454545454546,0.8717948717948718,0.8820346320346321,17,21,1,4
100,0.13664471023324606,0.3225254416465759,0.00022499999999999994,0.8837209302325582,0.9444444444444444,0.8095238095238095,0.9545454545454546,0.8717948717948718,0.8820346320346321,17,21,1,4
101,0.17166680011196414,0.33000617803529253,0.00022363556304227106,0.8837209302325582,0.9444444444444444,0.8095238095238095,0.9545454545454546,0.8717948717948718,0.8820346320346321,17,21,1,4
102,0.13691670523173566,0.2976613391277402,0.0002222630511152572,0.9069767441860465,1.0,0.8095238095238095,1.0,0.8947368421052632,0.9047619047619048,17,22,0,4
103,0.17017404756684235,0.289475794448409,0.00022088261473035805,0.8837209302325582,0.9444444444444444,0.8095238095238095,0.9545454545454546,0.8717948717948718,0.8820346320346321,17,21,1,4
104,0.16833402626756308,0.32801734985307207,0.00021949440526797923,0.8837209302325582,0.9444444444444444,0.8095238095238095,0.9545454545454546,0.8717948717948718,0.8820346320346321,17,21,1,4
105,0.1749172843452813,0.3022683512332828,0.00021809857496093196,0.8604651162790697,0.8947368421052632,0.8095238095238095,0.9090909090909091,0.8500000000000001,0.8593073593073592,17,20,2,4
106,0.13353467786657638,0.3054194367209146,0.00021669527687773906,0.9302325581395349,0.95,0.9047619047619048,0.9545454545454546,0.9268292682926829,0.9296536796536796,19,21,1,2
107,0.14276447762613712,0.328009867390921,0.0002152846649058491,0.9069767441860465,0.9473684210526315,0.8571428571428571,0.9545454545454546,0.9,0.9058441558441559,18,21,1,3
108,0.20333404299141705,0.3282357759253923,0.00021386689373476084,0.9069767441860465,0.9473684210526315,0.8571428571428571,0.9545454545454546,0.9,0.9058441558441559,18,21,1,3
109,0.13507280855075174,0.39770838548970777,0.00021244211883906014,0.8372093023255814,0.9375,0.7142857142857143,0.9545454545454546,0.8108108108108109,0.8344155844155845,15,21,1,6
110,0.17340653508469678,0.50796368787455,0.00021101049646136998,0.7906976744186046,0.875,0.6666666666666666,0.9090909090909091,0.7567567567567567,0.7878787878787878,14,20,2,7
111,0.14622303044450455,0.465970047684603,0.00020957218359521704,0.813953488372093,0.9333333333333333,0.6666666666666666,0.9545454545454546,0.7777777777777778,0.8106060606060606,14,21,1,7
112,0.1508396073527958,0.3595316604126331,0.0002081273379678154,0.8372093023255814,0.8888888888888888,0.7619047619047619,0.9090909090909091,0.8205128205128205,0.8354978354978355,16,20,2,5
113,0.14804820694785187,0.29644837767578835,0.00020667611802277004,0.8837209302325582,0.9,0.8571428571428571,0.9090909090909091,0.8780487804878048,0.8831168831168831,18,20,2,3
114,0.12977892948665481,0.31150679255640784,0.00020521868290270169,0.8604651162790697,0.8947368421052632,0.8095238095238095,0.9090909090909091,0.8500000000000001,0.8593073593073592,17,20,2,4
115,0.1347495386565941,0.3409204580063044,0.00020375519243179496,0.8604651162790697,0.9411764705882353,0.7619047619047619,0.9545454545454546,0.8421052631578947,0.8582251082251082,16,21,1,5
116,0.13433409989743994,0.36139829352844594,0.00020228580709827224,0.8604651162790697,0.9411764705882353,0.7619047619047619,0.9545454545454546,0.8421052631578947,0.8582251082251082,16,21,1,5
117,0.14660307268301645,0.398686804050623,0.0002008106880367937,0.8604651162790697,0.9411764705882353,0.7619047619047619,0.9545454545454546,0.8421052631578947,0.8582251082251082,16,21,1,5
118,0.14601111757582513,0.43854667696841926,0.00019932999701078742,0.8604651162790697,0.9411764705882353,0.7619047619047619,0.9545454545454546,0.8421052631578947,0.8582251082251082,16,21,1,5
119,0.14786219337712164,0.40887872424236565,0.00019784389639471045,0.8604651162790697,0.9411764705882353,0.7619047619047619,0.9545454545454546,0.8421052631578947,0.8582251082251082,16,21,1,5
120,0.13557719817196112,0.38532547202221185,0.00019635254915624208,0.8372093023255814,0.8888888888888888,0.7619047619047619,0.9090909090909091,0.8205128205128205,0.8354978354978355,16,20,2,5
121,0.13688007601793262,0.3834540774655897,0.00019485611883841297,0.8604651162790697,0.9411764705882353,0.7619047619047619,0.9545454545454546,0.8421052631578947,0.8582251082251082,16,21,1,5
122,0.13493312139442,0.3413480797479319,0.0001933547695416707,0.8604651162790697,0.9411764705882353,0.7619047619047619,0.9545454545454546,0.8421052631578947,0.8582251082251082,16,21,1,5
123,0.1321536417024723,0.32229789606360504,0.00019184866590588436,0.8837209302325582,0.9444444444444444,0.8095238095238095,0.9545454545454546,0.8717948717948718,0.8820346320346321,17,21,1,4
124,0.15509617760561514,0.29719007292459176,0.0001903379730922898,0.8837209302325582,0.9444444444444444,0.8095238095238095,0.9545454545454546,0.8717948717948718,0.8820346320346321,17,21,1,4
125,0.13673046598399896,0.27603634568147883,0.0001888228567653781,0.9302325581395349,0.95,0.9047619047619048,0.9545454545454546,0.9268292682926829,0.9296536796536796,19,21,1,2
126,0.12661272632902948,0.28814845306928766,0.00018730348307472816,0.9069767441860465,0.9473684210526315,0.8571428571428571,0.9545454545454546,0.9,0.9058441558441559,18,21,1,3
127,0.12883143170156341,0.32229975351067475,0.0001857800186367871,0.8604651162790697,0.9411764705882353,0.7619047619047619,0.9545454545454546,0.8421052631578947,0.8582251082251082,16,21,1,5
128,0.14718601496323294,0.36924405014792155,0.00018425263051659833,0.8604651162790697,0.9411764705882353,0.7619047619047619,0.9545454545454546,0.8421052631578947,0.8582251082251082,16,21,1,5
129,0.1419816255785417,0.46966068411982337,0.0001827214862094814,0.8372093023255814,1.0,0.6666666666666666,1.0,0.8,0.8333333333333333,14,22,0,7
130,0.1295296642659367,0.47759081319321034,0.00018118675362266388,0.8372093023255814,1.0,0.6666666666666666,1.0,0.8,0.8333333333333333,14,22,0,7
131,0.16702861198480579,0.37368847464406213,0.00017964860105686885,0.8372093023255814,0.8888888888888888,0.7619047619047619,0.9090909090909091,0.8205128205128205,0.8354978354978355,16,20,2,5
132,0.1533698975176051,0.3277416326278864,0.0001781071971878587,0.8604651162790697,0.9411764705882353,0.7619047619047619,0.9545454545454546,0.8421052631578947,0.8582251082251082,16,21,1,5
133,0.12883617696554764,0.33162907944169157,0.0001765627110479375,0.8604651162790697,0.9411764705882353,0.7619047619047619,0.9545454545454546,0.8421052631578947,0.8582251082251082,16,21,1,5
134,0.1416587747525478,0.3559077423672343,0.00017501531200741534,0.8604651162790697,0.9411764705882353,0.7619047619047619,0.9545454545454546,0.8421052631578947,0.8582251082251082,16,21,1,5
135,0.14143180048120194,0.3567166966061259,0.00017346516975603465,0.8372093023255814,0.8888888888888888,0.7619047619047619,0.9090909090909091,0.8205128205128205,0.8354978354978355,16,20,2,5
136,0.1423640717630801,0.37780859165413433,0.00017191245428436176,0.8372093023255814,0.8888888888888888,0.7619047619047619,0.9090909090909091,0.8205128205128205,0.8354978354978355,16,20,2,5
137,0.14201457949652188,0.35571458450583526,0.00017035733586514567,0.8372093023255814,0.8888888888888888,0.7619047619047619,0.9090909090909091,0.8205128205128205,0.8354978354978355,16,20,2,5
138,0.14828284149584564,0.3358657581861629,0.00016879998503464564,0.8372093023255814,0.8888888888888888,0.7619047619047619,0.9090909090909091,0.8205128205128205,0.8354978354978355,16,20,2,5
139,0.14185826912306357,0.31072892283284387,0.00016724057257393,0.8372093023255814,0.8888888888888888,0.7619047619047619,0.9090909090909091,0.8205128205128205,0.8354978354978355,16,20,2,5
140,0.1363766344561093,0.30734009798183,0.00016567926949014806,0.8372093023255814,0.8888888888888888,0.7619047619047619,0.9090909090909091,0.8205128205128205,0.8354978354978355,16,20,2,5
141,0.1310219542271849,0.30003652045893114,0.0001641162469977772,0.8372093023255814,0.8888888888888888,0.7619047619047619,0.9090909090909091,0.8205128205128205,0.8354978354978355,16,20,2,5
142,0.13133722111798715,0.3068313002586365,0.00016255167649984736,0.8604651162790697,0.8947368421052632,0.8095238095238095,0.9090909090909091,0.8500000000000001,0.8593073593073592,17,20,2,4
143,0.1320960050907688,0.3082595342813536,0.00016098572956914478,0.8604651162790697,0.8947368421052632,0.8095238095238095,0.9090909090909091,0.8500000000000001,0.8593073593073592,17,20,2,4
144,0.14545508873635443,0.30731512224951457,0.00015941857792939706,0.8604651162790697,0.8947368421052632,0.8095238095238095,0.9090909090909091,0.8500000000000001,0.8593073593073592,17,20,2,4
145,0.1310136097928752,0.33211711257003074,0.00015785039343644162,0.8604651162790697,0.8947368421052632,0.8095238095238095,0.9090909090909091,0.8500000000000001,0.8593073593073592,17,20,2,4
146,0.1312972467014755,0.3394065762675086,0.00015628134805937999,0.8604651162790697,0.8947368421052632,0.8095238095238095,0.9090909090909091,0.8500000000000001,0.8593073593073592,17,20,2,4
147,0.15511972014454828,0.33967000246047974,0.00015471161386171922,0.8604651162790697,0.8947368421052632,0.8095238095238095,0.9090909090909091,0.8500000000000001,0.8593073593073592,17,20,2,4
148,0.13300694676413052,0.33607100470121515,0.00015314136298250354,0.8604651162790697,0.8947368421052632,0.8095238095238095,0.9090909090909091,0.8500000000000001,0.8593073593073592,17,20,2,4
149,0.13679891371208688,0.3188930971677913,0.00015157076761743686,0.8604651162790697,0.8947368421052632,0.8095238095238095,0.9090909090909091,0.8500000000000001,0.8593073593073592,17,20,2,4
150,0.13721150483774103,0.3186847318050473,0.00015,0.8604651162790697,0.8947368421052632,0.8095238095238095,0.9090909090909091,0.8500000000000001,0.8593073593073592,17,20,2,4
151,0.12959908704826797,0.327221272989761,0.00014842923238256314,0.8604651162790697,0.8947368421052632,0.8095238095238095,0.9090909090909091,0.8500000000000001,0.8593073593073592,17,20,2,4
152,0.2129245149916497,0.317036978034086,0.0001468586370174965,0.8604651162790697,0.8947368421052632,0.8095238095238095,0.9090909090909091,0.8500000000000001,0.8593073593073592,17,20,2,4
153,0.12525491308474887,0.34552561959554984,0.00014528838613828076,0.8604651162790697,0.8947368421052632,0.8095238095238095,0.9090909090909091,0.8500000000000001,0.8593073593073592,17,20,2,4
154,0.19311504778654678,0.37632747860841975,0.00014371865194062004,0.8604651162790697,0.9411764705882353,0.7619047619047619,0.9545454545454546,0.8421052631578947,0.8582251082251082,16,21,1,5
155,0.13697399091029513,0.38480518862258556,0.0001421496065635584,0.8604651162790697,0.9411764705882353,0.7619047619047619,0.9545454545454546,0.8421052631578947,0.8582251082251082,16,21,1,5
156,0.13958097389642743,0.4049383360286092,0.00014058142207060302,0.8604651162790697,0.9411764705882353,0.7619047619047619,0.9545454545454546,0.8421052631578947,0.8582251082251082,16,21,1,5
157,0.1487082808777906,0.3589335430500119,0.00013901427043085527,0.8372093023255814,0.8888888888888888,0.7619047619047619,0.9090909090909091,0.8205128205128205,0.8354978354978355,16,20,2,5
158,0.12768561004296594,0.3533743661503459,0.00013744832350015267,0.8604651162790697,0.8947368421052632,0.8095238095238095,0.9090909090909091,0.8500000000000001,0.8593073593073592,17,20,2,4
159,0.13857357484706934,0.337173743303432,0.00013588375300222283,0.8604651162790697,0.8947368421052632,0.8095238095238095,0.9090909090909091,0.8500000000000001,0.8593073593073592,17,20,2,4
160,0.12475768249967824,0.31997982707134515,0.000134320730509852,0.8604651162790697,0.8947368421052632,0.8095238095238095,0.9090909090909091,0.8500000000000001,0.8593073593073592,17,20,2,4
161,0.14568581572477368,0.333965121313583,0.00013275942742607002,0.8604651162790697,0.8947368421052632,0.8095238095238095,0.9090909090909091,0.8500000000000001,0.8593073593073592,17,20,2,4
162,0.1269690832798032,0.34670822564945664,0.00013120001496535436,0.9069767441860465,1.0,0.8095238095238095,1.0,0.8947368421052632,0.9047619047619048,17,22,0,4
163,0.13390779041725656,0.35592951192412264,0.00012964266413485433,0.9069767441860465,1.0,0.8095238095238095,1.0,0.8947368421052632,0.9047619047619048,17,22,0,4
164,0.1261687548696131,0.33447278377621675,0.0001280875457156383,0.8837209302325582,1.0,0.7619047619047619,1.0,0.8648648648648648,0.8809523809523809,16,22,0,5
165,0.14641328263973843,0.33740423862324204,0.0001265348302439654,0.8837209302325582,0.9444444444444444,0.8095238095238095,0.9545454545454546,0.8717948717948718,0.8820346320346321,17,21,1,4
166,0.15801001761270606,0.35656471723733946,0.00012498468799258464,0.8837209302325582,1.0,0.7619047619047619,1.0,0.8648648648648648,0.8809523809523809,16,22,0,5
167,0.13403228098067685,0.44132044703461404,0.00012343728895206253,0.8604651162790697,1.0,0.7142857142857143,1.0,0.8333333333333333,0.8571428571428572,15,22,0,6
168,0.1323506963857706,0.4919418346050174,0.00012189280281214133,0.813953488372093,1.0,0.6190476190476191,1.0,0.7647058823529412,0.8095238095238095,13,22,0,8
169,0.14404240812080493,0.4324503638023554,0.00012035139894313108,0.8604651162790697,0.9411764705882353,0.7619047619047619,0.9545454545454546,0.8421052631578947,0.8582251082251082,16,21,1,5
170,0.1606975275537242,0.3377339035965676,0.0001188132463773361,0.9069767441860465,0.9473684210526315,0.8571428571428571,0.9545454545454546,0.9,0.9058441558441559,18,21,1,3
171,0.14729711607746457,0.3026231582774672,0.00011727851379051863,0.9069767441860465,0.9473684210526315,0.8571428571428571,0.9545454545454546,0.9,0.9058441558441559,18,21,1,3
172,0.12595758878666422,0.29100923344146373,0.00011574736948340168,0.8837209302325582,0.9444444444444444,0.8095238095238095,0.9545454545454546,0.8717948717948718,0.8820346320346321,17,21,1,4
173,0.16746382004972818,0.28905946848004366,0.00011421998136321291,0.8837209302325582,0.9444444444444444,0.8095238095238095,0.9545454545454546,0.8717948717948718,0.8820346320346321,17,21,1,4
174,0.15535879610241324,0.3617421139118283,0.00011269651692527183,0.8837209302325582,0.9444444444444444,0.8095238095238095,0.9545454545454546,0.8717948717948718,0.8820346320346321,17,21,1,4
175,0.18226287416789844,0.3646095949550008,0.00011117714323462193,0.8837209302325582,0.9444444444444444,0.8095238095238095,0.9545454545454546,0.8717948717948718,0.8820346320346321,17,21,1,4
176,0.1250502074110335,0.40448281515476314,0.00010966202690771021,0.8604651162790697,0.9411764705882353,0.7619047619047619,0.9545454545454546,0.8421052631578947,0.8582251082251082,16,21,1,5
177,0.13059644206710483,0.41847332965495976,0.00010815133409411562,0.8604651162790697,0.9411764705882353,0.7619047619047619,0.9545454545454546,0.8421052631578947,0.8582251082251082,16,21,1,5
178,0.13242113503856937,0.3704693982767504,0.00010664523045832925,0.8837209302325582,0.9444444444444444,0.8095238095238095,0.9545454545454546,0.8717948717948718,0.8820346320346321,17,21,1,4
179,0.15279387304748315,0.3824912559154422,0.00010514388116158703,0.8837209302325582,0.9444444444444444,0.8095238095238095,0.9545454545454546,0.8717948717948718,0.8820346320346321,17,21,1,4
180,0.12878527762233347,0.37371222640192786,0.00010364745084375792,0.8604651162790697,0.9411764705882353,0.7619047619047619,0.9545454545454546,0.8421052631578947,0.8582251082251082,16,21,1,5
181,0.1370277314082436,0.32925589001455974,0.00010215610360528952,0.8837209302325582,0.9444444444444444,0.8095238095238095,0.9545454545454546,0.8717948717948718,0.8820346320346321,17,21,1,4
182,0.1255933119766954,0.3234734479771104,0.00010067000298921253,0.8837209302325582,0.9444444444444444,0.8095238095238095,0.9545454545454546,0.8717948717948718,0.8820346320346321,17,21,1,4
183,0.1306514279997867,0.3106124927831251,9.91893119632063e-05,0.9069767441860465,0.9473684210526315,0.8571428571428571,0.9545454545454546,0.9,0.9058441558441559,18,21,1,3
184,0.1461804267288982,0.3185379255649655,9.771419290172775e-05,0.8837209302325582,0.9444444444444444,0.8095238095238095,0.9545454545454546,0.8717948717948718,0.8820346320346321,17,21,1,4
185,0.13730336056239362,0.36031571515770844,9.6244807568205e-05,0.8837209302325582,0.9444444444444444,0.8095238095238095,0.9545454545454546,0.8717948717948718,0.8820346320346321,17,21,1,4
186,0.13881909631300662,0.35927476993826934,9.478131709729836e-05,0.8837209302325582,0.9444444444444444,0.8095238095238095,0.9545454545454546,0.8717948717948718,0.8820346320346321,17,21,1,4
187,0.19924972368323285,0.3387371759081996,9.332388197722992e-05,0.8837209302325582,0.9444444444444444,0.8095238095238095,0.9545454545454546,0.8717948717948718,0.8820346320346321,17,21,1,4
188,0.13007442134877908,0.3855554974356363,9.187266203218457e-05,0.8837209302325582,0.9444444444444444,0.8095238095238095,0.9545454545454546,0.8717948717948718,0.8820346320346321,17,21,1,4
189,0.14303553471530694,0.3697246479433636,9.04278164047829e-05,0.8837209302325582,0.9444444444444444,0.8095238095238095,0.9545454545454546,0.8717948717948718,0.8820346320346321,17,21,1,4
190,0.13811899376088294,0.3466340123220932,8.898950353862997e-05,0.8837209302325582,0.9,0.8571428571428571,0.9090909090909091,0.8780487804878048,0.8831168831168831,18,20,2,3
191,0.18629924888196198,0.3300048265346261,8.755788116093986e-05,0.8837209302325582,0.9,0.8571428571428571,0.9090909090909091,0.8780487804878048,0.8831168831168831,18,20,2,3
192,0.14095923045407172,0.32026489529498786,8.61331062652391e-05,0.8837209302325582,0.9,0.8571428571428571,0.9090909090909091,0.8780487804878048,0.8831168831168831,18,20,2,3
193,0.13219761200573132,0.3146227806113487,8.471533509415089e-05,0.8837209302325582,0.9444444444444444,0.8095238095238095,0.9545454545454546,0.8717948717948718,0.8820346320346321,17,21,1,4
194,0.12626179102538287,0.32932901798292646,8.330472312226091e-05,0.8837209302325582,0.9444444444444444,0.8095238095238095,0.9545454545454546,0.8717948717948718,0.8820346320346321,17,21,1,4
195,0.14140082615009253,0.3263485722763594,8.190142503906799e-05,0.8837209302325582,0.9,0.8571428571428571,0.9090909090909091,0.8780487804878048,0.8831168831168831,18,20,2,3
196,0.16822764471821164,0.36477961096652717,8.050559473202078e-05,0.8372093023255814,0.8888888888888888,0.7619047619047619,0.9090909090909091,0.8205128205128205,0.8354978354978355,16,20,2,5
197,0.1300179589053859,0.3624187777208727,7.911738526964192e-05,0.8604651162790697,0.9411764705882353,0.7619047619047619,0.9545454545454546,0.8421052631578947,0.8582251082251082,16,21,1,5
198,0.14428213843400928,0.35232644995977713,7.773694888474269e-05,0.8604651162790697,0.8947368421052632,0.8095238095238095,0.9090909090909091,0.8500000000000001,0.8593073593073592,17,20,2,4
199,0.15547299169111942,0.31464901913044063,7.636443695772887e-05,0.8837209302325582,0.9,0.8571428571428571,0.9090909090909091,0.8780487804878048,0.8831168831168831,18,20,2,3
200,0.13264102326787036,0.30936504796493886,7.499999999999997e-05,0.9069767441860465,0.9473684210526315,0.8571428571428571,0.9545454545454546,0.9,0.9058441558441559,18,21,1,3
201,0.16746787035810776,0.3120879378429679,7.36437876374443e-05,0.9069767441860465,0.9473684210526315,0.8571428571428571,0.9545454545454546,0.9,0.9058441558441559,18,21,1,3
202,0.13103502384130505,0.3250842593437017,7.22959485940305e-05,0.8837209302325582,0.9444444444444444,0.8095238095238095,0.9545454545454546,0.8717948717948718,0.8820346320346321,17,21,1,4
203,0.13400689588076825,0.34707827069038566,7.095663067549837e-05,0.8604651162790697,0.9411764705882353,0.7619047619047619,0.9545454545454546,0.8421052631578947,0.8582251082251082,16,21,1,5
204,0.16153909438762112,0.3845466278320135,6.962598075315055e-05,0.8604651162790697,0.9411764705882353,0.7619047619047619,0.9545454545454546,0.8421052631578947,0.8582251082251082,16,21,1,5
205,0.13376135800195776,0.36868811623994696,6.8304144747746e-05,0.8604651162790697,0.9411764705882353,0.7619047619047619,0.9545454545454546,0.8421052631578947,0.8582251082251082,16,21,1,5
206,0.12524427408757416,0.36690957601680313,6.699126761349841e-05,0.8604651162790697,0.9411764705882353,0.7619047619047619,0.9545454545454546,0.8421052631578947,0.8582251082251082,16,21,1,5
207,0.1480971155823141,0.37111484311347787,6.568749332218045e-05,0.8604651162790697,0.9411764705882353,0.7619047619047619,0.9545454545454546,0.8421052631578947,0.8582251082251082,16,21,1,5
208,0.1573489999425584,0.3537514001824135,6.439296484733526e-05,0.8604651162790697,0.9411764705882353,0.7619047619047619,0.9545454545454546,0.8421052631578947,0.8582251082251082,16,21,1,5
209,0.13133055749146835,0.33177863858466927,6.310782414859815e-05,0.8837209302325582,0.9444444444444444,0.8095238095238095,0.9545454545454546,0.8717948717948718,0.8820346320346321,17,21,1,4
210,0.17078596051188483,0.36471835818401604,6.183221215612904e-05,0.8604651162790697,0.9411764705882353,0.7619047619047619,0.9545454545454546,0.8421052631578947,0.8582251082251082,16,21,1,5
211,0.12344834294872008,0.3688934681027435,6.0566268755157596e-05,0.8604651162790697,0.9411764705882353,0.7619047619047619,0.9545454545454546,0.8421052631578947,0.8582251082251082,16,21,1,5
212,0.13268947277380072,0.36704767582028414,5.931013277064376e-05,0.8837209302325582,0.9444444444444444,0.8095238095238095,0.9545454545454546,0.8717948717948718,0.8820346320346321,17,21,1,4
213,0.18494295555612314,0.37974756124407744,5.8063941952053544e-05,0.8604651162790697,0.9411764705882353,0.7619047619047619,0.9545454545454546,0.8421052631578947,0.8582251082251082,16,21,1,5
214,0.12560807049706363,0.3518358219501584,5.6827832958253434e-05,0.8604651162790697,0.9411764705882353,0.7619047619047619,0.9545454545454546,0.8421052631578947,0.8582251082251082,16,21,1,5
215,0.12944315762623496,0.35466241420701494,5.560194134252439e-05,0.8604651162790697,0.9411764705882353,0.7619047619047619,0.9545454545454546,0.8421052631578947,0.8582251082251082,16,21,1,5
216,0.13232125061145728,0.3369199730629145,5.4386401537696516e-05,0.8837209302325582,0.9444444444444444,0.8095238095238095,0.9545454545454546,0.8717948717948718,0.8820346320346321,17,21,1,4
217,0.13398866679357446,0.33682851320089296,5.318134684140742e-05,0.8604651162790697,0.9411764705882353,0.7619047619047619,0.9545454545454546,0.8421052631578947,0.8582251082251082,16,21,1,5
218,0.16260540722936823,0.3505751850993134,5.1986909401484205e-05,0.8837209302325582,0.9444444444444444,0.8095238095238095,0.9545454545454546,0.8717948717948718,0.8820346320346321,17,21,1,4
219,0.14055639742941095,0.36596846164659014,5.080322020145217e-05,0.8604651162790697,0.9411764705882353,0.7619047619047619,0.9545454545454546,0.8421052631578947,0.8582251082251082,16,21,1,5
220,0.13607704596243042,0.3866494020750356,4.963040904617125e-05,0.8604651162790697,0.9411764705882353,0.7619047619047619,0.9545454545454546,0.8421052631578947,0.8582251082251082,16,21,1,5
221,0.18449632499528967,0.4138932976611825,4.846860454760089e-05,0.8837209302325582,1.0,0.7619047619047619,1.0,0.8648648648648648,0.8809523809523809,16,22,0,5
222,0.12896683272244275,0.4108019595922426,4.731793411069667e-05,0.8604651162790697,0.9411764705882353,0.7619047619047619,0.9545454545454546,0.8421052631578947,0.8582251082251082,16,21,1,5
223,0.13338250958401224,0.3780705499094586,4.617852391943898e-05,0.8604651162790697,0.9411764705882353,0.7619047619047619,0.9545454545454546,0.8421052631578947,0.8582251082251082,16,21,1,5
224,0.13873264171938965,0.3669772272886232,4.505049892299517e-05,0.8604651162790697,0.9411764705882353,0.7619047619047619,0.9545454545454546,0.8421052631578947,0.8582251082251082,16,21,1,5
225,0.12904599265775818,0.3589923534282418,4.393398282201787e-05,0.8604651162790697,0.9411764705882353,0.7619047619047619,0.9545454545454546,0.8421052631578947,0.8582251082251082,16,21,1,5
226,0.13954843991044638,0.35915912029355074,4.282909805507952e-05,0.8604651162790697,0.9411764705882353,0.7619047619047619,0.9545454545454546,0.8421052631578947,0.8582251082251082,16,21,1,5
227,0.13072449249633844,0.34808227489160937,4.173596578524566e-05,0.8604651162790697,0.9411764705882353,0.7619047619047619,0.9545454545454546,0.8421052631578947,0.8582251082251082,16,21,1,5
228,0.12979302760483563,0.34376058744829757,4.0654705886788285e-05,0.8604651162790697,0.9411764705882353,0.7619047619047619,0.9545454545454546,0.8421052631578947,0.8582251082251082,16,21,1,5
229,0.20478243585945904,0.32975281255189764,3.958543693203989e-05,0.8604651162790697,0.8947368421052632,0.8095238095238095,0.9090909090909091,0.8500000000000001,0.8593073593073592,17,20,2,4
230,0.1322154808735502,0.3615501037863798,3.8528276178390834e-05,0.8372093023255814,0.8888888888888888,0.7619047619047619,0.9090909090909091,0.8205128205128205,0.8354978354978355,16,20,2,5
231,0.15018150426339413,0.35839564024015913,3.748333955543107e-05,0.8604651162790697,0.9411764705882353,0.7619047619047619,0.9545454545454546,0.8421052631578947,0.8582251082251082,16,21,1,5
232,0.12431645242200381,0.34464765288109,3.6450741652236544e-05,0.8372093023255814,0.8888888888888888,0.7619047619047619,0.9090909090909091,0.8205128205128205,0.8354978354978355,16,20,2,5
233,0.12602452026761096,0.33182322840357936,3.5430595704803666e-05,0.8604651162790697,0.8947368421052632,0.8095238095238095,0.9090909090909091,0.8500000000000001,0.8593073593073592,17,20,2,4
234,0.12881982758425284,0.3388393756955169,3.4423013583631614e-05,0.8604651162790697,0.9411764705882353,0.7619047619047619,0.9545454545454546,0.8421052631578947,0.8582251082251082,16,21,1,5
235,0.12572765350341797,0.32930644445641094,3.342810578145435e-05,0.8372093023255814,0.8888888888888888,0.7619047619047619,0.9090909090909091,0.8205128205128205,0.8354978354978355,16,20,2,5
236,0.13425471082977627,0.31610828222230425,3.244598140112403e-05,0.8604651162790697,0.8947368421052632,0.8095238095238095,0.9090909090909091,0.8500000000000001,0.8593073593073592,17,20,2,4
237,0.1356575882089311,0.33166740106981857,3.1476748143646455e-05,0.8604651162790697,0.9411764705882353,0.7619047619047619,0.9545454545454546,0.8421052631578947,0.8582251082251082,16,21,1,5
238,0.13506339166475378,0.32032084880873213,3.052051229637056e-05,0.8837209302325582,0.9444444444444444,0.8095238095238095,0.9545454545454546,0.8717948717948718,0.8820346320346321,17,21,1,4
239,0.1266416090986003,0.31769666560860566,2.957737872133283e-05,0.8837209302325582,0.9444444444444444,0.8095238095238095,0.9545454545454546,0.8717948717948718,0.8820346320346321,17,21,1,4
240,0.13257245805816373,0.3158218929933947,2.864745084375788e-05,0.8837209302325582,0.9444444444444444,0.8095238095238095,0.9545454545454546,0.8717948717948718,0.8820346320346321,17,21,1,4
241,0.2148515227912129,0.3072318836700085,2.7730830640716834e-05,0.8837209302325582,0.9444444444444444,0.8095238095238095,0.9545454545454546,0.8717948717948718,0.8820346320346321,17,21,1,4
242,0.1269230820994446,0.3177507242491079,2.6827618629944376e-05,0.8604651162790697,0.9411764705882353,0.7619047619047619,0.9545454545454546,0.8421052631578947,0.8582251082251082,16,21,1,5
243,0.1351339141095894,0.32933182494584906,2.593791385881569e-05,0.8604651162790697,0.9411764705882353,0.7619047619047619,0.9545454545454546,0.8421052631578947,0.8582251082251082,16,21,1,5
244,0.12564683824345685,0.32026362141897513,2.5061813893485068e-05,0.8604651162790697,0.9411764705882353,0.7619047619047619,0.9545454545454546,0.8421052631578947,0.8582251082251082,16,21,1,5
245,0.132324840279593,0.3479868838953417,2.4199414808186392e-05,0.8604651162790697,0.9411764705882353,0.7619047619047619,0.9545454545454546,0.8421052631578947,0.8582251082251082,16,21,1,5
246,0.12507442201393237,0.3418146482733793,2.3350811174697723e-05,0.8604651162790697,0.9411764705882353,0.7619047619047619,0.9545454545454546,0.8421052631578947,0.8582251082251082,16,21,1,5
247,0.16288606196210004,0.31563477460728134,2.251609605197042e-05,0.8604651162790697,0.9411764705882353,0.7619047619047619,0.9545454545454546,0.8421052631578947,0.8582251082251082,16,21,1,5
248,0.1348388490901477,0.3330315476240114,2.1695360975923995e-05,0.8604651162790697,0.9411764705882353,0.7619047619047619,0.9545454545454546,0.8421052631578947,0.8582251082251082,16,21,1,5
249,0.12339539329210918,0.3421115098997604,2.0888695949408455e-05,0.8604651162790697,0.9411764705882353,0.7619047619047619,0.9545454545454546,0.8421052631578947,0.8582251082251082,16,21,1,5
250,0.1348827360332876,0.32486133797224176,2.009618943233421e-05,0.8837209302325582,0.9444444444444444,0.8095238095238095,0.9545454545454546,0.8717948717948718,0.8820346320346321,17,21,1,4
251,0.18339925918026248,0.31007335906804995,1.9317928331971548e-05,0.8604651162790697,0.8947368421052632,0.8095238095238095,0.9090909090909091,0.8500000000000001,0.8593073593073592,17,20,2,4
252,0.13864902266557666,0.30918502114539925,1.8553997993420448e-05,0.8837209302325582,0.9,0.8571428571428571,0.9090909090909091,0.8780487804878048,0.8831168831168831,18,20,2,3
253,0.1349676173666249,0.3353763486063758,1.7804482190251162e-05,0.8604651162790697,0.8947368421052632,0.8095238095238095,0.9090909090909091,0.8500000000000001,0.8593073593073592,17,20,2,4
254,0.18768168445946515,0.32205887450728304,1.7069463115317778e-05,0.8604651162790697,0.8947368421052632,0.8095238095238095,0.9090909090909091,0.8500000000000001,0.8593073593073592,17,20,2,4
255,0.13259602802387183,0.34397036114404367,1.634902137174482e-05,0.8837209302325582,0.9444444444444444,0.8095238095238095,0.9545454545454546,0.8717948717948718,0.8820346320346321,17,21,1,4
256,0.1234885594551114,0.34861549388530644,1.5643235964088085e-05,0.8604651162790697,0.8947368421052632,0.8095238095238095,0.9090909090909091,0.8500000000000001,0.8593073593073592,17,20,2,4
257,0.12855915098950482,0.3410884197368178,1.495218428967096e-05,0.8604651162790697,0.9411764705882353,0.7619047619047619,0.9545454545454546,0.8421052631578947,0.8582251082251082,16,21,1,5
258,0.13799756074297256,0.34206493649371833,1.4275942130097086e-05,0.8372093023255814,0.8888888888888888,0.7619047619047619,0.9090909090909091,0.8205128205128205,0.8354978354978355,16,20,2,5
259,0.12827983023463815,0.3534864214963691,1.361458364293971e-05,0.8604651162790697,0.9411764705882353,0.7619047619047619,0.9545454545454546,0.8421052631578947,0.8582251082251082,16,21,1,5
260,0.12517522642577905,0.3644448657368505,1.2968181353609876e-05,0.8604651162790697,0.9411764705882353,0.7619047619047619,0.9545454545454546,0.8421052631578947,0.8582251082251082,16,21,1,5
261,0.12710646291573843,0.36333806847417077,1.2336806147402852e-05,0.8604651162790697,0.9411764705882353,0.7619047619047619,0.9545454545454546,0.8421052631578947,0.8582251082251082,16,21,1,5
262,0.126147894323736,0.3630859657775524,1.1720527261724896e-05,0.8604651162790697,0.9411764705882353,0.7619047619047619,0.9545454545454546,0.8421052631578947,0.8582251082251082,16,21,1,5
263,0.12528577868057333,0.35989466101624246,1.111941227850078e-05,0.8604651162790697,0.9411764705882353,0.7619047619047619,0.9545454545454546,0.8421052631578947,0.8582251082251082,16,21,1,5
264,0.1265261225078417,0.34736765678538833,1.053352711676229e-05,0.8604651162790697,0.9411764705882353,0.7619047619047619,0.9545454545454546,0.8421052631578947,0.8582251082251082,16,21,1,5
265,0.17067768953848575,0.3641434713851574,9.96293602541973e-06,0.8604651162790697,0.9411764705882353,0.7619047619047619,0.9545454545454546,0.8421052631578947,0.8582251082251082,16,21,1,5
266,0.13342795380647632,0.3578682444816412,9.407701576216274e-06,0.8604651162790697,0.9411764705882353,0.7619047619047619,0.9545454545454546,0.8421052631578947,0.8582251082251082,16,21,1,5
267,0.14447684629239899,0.3453581929206848,8.867884656866175e-06,0.8604651162790697,0.9411764705882353,0.7619047619047619,0.9545454545454546,0.8421052631578947,0.8582251082251082,16,21,1,5
268,0.1344821716564289,0.3517267094102017,8.343544464377844e-06,0.8604651162790697,0.9411764705882353,0.7619047619047619,0.9545454545454546,0.8421052631578947,0.8582251082251082,16,21,1,5
269,0.1467831476011138,0.36114034541817597,7.83473849856216e-06,0.8604651162790697,0.9411764705882353,0.7619047619047619,0.9545454545454546,0.8421052631578947,0.8582251082251082,16,21,1,5
270,0.13266891975333725,0.3469505337781684,7.341522555726964e-06,0.8604651162790697,0.9411764705882353,0.7619047619047619,0.9545454545454546,0.8421052631578947,0.8582251082251082,16,21,1,5
271,0.1263674190942792,0.3488662353781767,6.8639507225584704e-06,0.8604651162790697,0.9411764705882353,0.7619047619047619,0.9545454545454546,0.8421052631578947,0.8582251082251082,16,21,1,5
272,0.12662960999253867,0.3414301678191784,6.4020753701899085e-06,0.8604651162790697,0.9411764705882353,0.7619047619047619,0.9545454545454546,0.8421052631578947,0.8582251082251082,16,21,1,5
273,0.12514181478299957,0.33166041900945264,5.955947148458536e-06,0.8604651162790697,0.9411764705882353,0.7619047619047619,0.9545454545454546,0.8421052631578947,0.8582251082251082,16,21,1,5
274,0.14247022828330164,0.32614134078802065,5.5256149803512804e-06,0.8604651162790697,0.9411764705882353,0.7619047619047619,0.9545454545454546,0.8421052631578947,0.8582251082251082,16,21,1,5
275,0.13668236373991205,0.32223230461741603,5.111126056639749e-06,0.8604651162790697,0.9411764705882353,0.7619047619047619,0.9545454545454546,0.8421052631578947,0.8582251082251082,16,21,1,5
276,0.12748580371987991,0.3457978839098021,4.7125258307053354e-06,0.8604651162790697,0.9411764705882353,0.7619047619047619,0.9545454545454546,0.8421052631578947,0.8582251082251082,16,21,1,5
277,0.13672727864721548,0.3306593797927679,4.3298580135546015e-06,0.8604651162790697,0.9411764705882353,0.7619047619047619,0.9545454545454546,0.8421052631578947,0.8582251082251082,16,21,1,5
278,0.13359287489151608,0.3335768608159797,3.963164569025953e-06,0.8604651162790697,0.9411764705882353,0.7619047619047619,0.9545454545454546,0.8421052631578947,0.8582251082251082,16,21,1,5
279,0.12875073327534442,0.3160841603611791,3.6124857091878985e-06,0.8837209302325582,0.9444444444444444,0.8095238095238095,0.9545454545454546,0.8717948717948718,0.8820346320346321,17,21,1,4
280,0.1765568999276645,0.31491231502488604,3.2778598899291605e-06,0.8837209302325582,0.9444444444444444,0.8095238095238095,0.9545454545454546,0.8717948717948718,0.8820346320346321,17,21,1,4
281,0.13984422947185626,0.3304038768590883,2.9593238067417344e-06,0.8604651162790697,0.9411764705882353,0.7619047619047619,0.9545454545454546,0.8421052631578947,0.8582251082251082,16,21,1,5
282,0.12617437163556833,0.33575791674990985,2.656912390696706e-06,0.8604651162790697,0.9411764705882353,0.7619047619047619,0.9545454545454546,0.8421052631578947,0.8582251082251082,16,21,1,5
283,0.14140843546044998,0.34583546671756477,2.3706588046137153e-06,0.8604651162790697,0.9411764705882353,0.7619047619047619,0.9545454545454546,0.8421052631578947,0.8582251082251082,16,21,1,5
284,0.13028449424798938,0.33415050977884336,2.1005944394242505e-06,0.8837209302325582,0.9444444444444444,0.8095238095238095,0.9545454545454546,0.8717948717948718,0.8820346320346321,17,21,1,4
285,0.1300288879353067,0.33937470164409905,1.8467489107293492e-06,0.8837209302325582,0.9444444444444444,0.8095238095238095,0.9545454545454546,0.8717948717948718,0.8820346320346321,17,21,1,4
286,0.1319215161644894,0.33350123638330503,1.6091500555517483e-06,0.8837209302325582,0.9444444444444444,0.8095238095238095,0.9545454545454546,0.8717948717948718,0.8820346320346321,17,21,1,4
287,0.12412948755250461,0.3521531321281611,1.387823929283459e-06,0.8837209302325582,0.9444444444444444,0.8095238095238095,0.9545454545454546,0.8717948717948718,0.8820346320346321,17,21,1,4
288,0.1252279568841492,0.34680251188056416,1.182794802828334e-06,0.8837209302325582,0.9444444444444444,0.8095238095238095,0.9545454545454546,0.8717948717948718,0.8820346320346321,17,21,1,4
289,0.15121260954849963,0.34148935384528584,9.94085159940532e-07,0.8837209302325582,0.9444444444444444,0.8095238095238095,0.9545454545454546,0.8717948717948718,0.8820346320346321,17,21,1,4
290,0.13834875606108402,0.3433699691018393,8.217156947590057e-07,0.8604651162790697,0.8947368421052632,0.8095238095238095,0.9090909090909091,0.8500000000000001,0.8593073593073592,17,20,2,4
291,0.17767834663391113,0.36322723848875177,6.657053095379999e-07,0.8604651162790697,0.9411764705882353,0.7619047619047619,0.9545454545454546,0.8421052631578947,0.8582251082251082,16,21,1,5
292,0.12521620872228043,0.3506131061287813,5.260711125743439e-07,0.8604651162790697,0.9411764705882353,0.7619047619047619,0.9545454545454546,0.8421052631578947,0.8582251082251082,16,21,1,5
293,0.12933248627013055,0.3481307639632114,4.028284163312852e-07,0.8604651162790697,0.9411764705882353,0.7619047619047619,0.9545454545454546,0.8421052631578947,0.8582251082251082,16,21,1,5
294,0.12869305498358133,0.3416655174521513,2.9599073575926584e-07,0.8604651162790697,0.9411764705882353,0.7619047619047619,0.9545454545454546,0.8421052631578947,0.8582251082251082,16,21,1,5
295,0.1335795491501905,0.34458973241406815,2.0556978681392478e-07,0.8604651162790697,0.9411764705882353,0.7619047619047619,0.9545454545454546,0.8421052631578947,0.8582251082251082,16,21,1,5
296,0.12444798929103906,0.3477892141009486,1.3157548517124237e-07,0.8604651162790697,0.9411764705882353,0.7619047619047619,0.9545454545454546,0.8421052631578947,0.8582251082251082,16,21,1,5
297,0.14703251831773398,0.35549882123636645,7.401594514025991e-08,0.8604651162790697,0.9411764705882353,0.7619047619047619,0.9545454545454546,0.8421052631578947,0.8582251082251082,16,21,1,5
298,0.12421154554771341,0.3403230905532837,3.289747877317502e-08,0.8604651162790697,0.9411764705882353,0.7619047619047619,0.9545454545454546,0.8421052631578947,0.8582251082251082,16,21,1,5
299,0.1284763104673745,0.3419164058774017,8.22459517317852e-09,0.8604651162790697,0.9411764705882353,0.7619047619047619,0.9545454545454546,0.8421052631578947,0.8582251082251082,16,21,1,5
300,0.12893170247907224,0.3298085193301356,0.0,0.8837209302325582,0.9444444444444444,0.8095238095238095,0.9545454545454546,0.8717948717948718,0.8820346320346321,17,21,1,4
