sample,camera,label,prediction,risk,reason,raw_output,seconds
dataset/dataset/chute01/cam2.avi#f1083-1113,2,1,1,high,abrupt downward transition toward the floor,"{""class"":""FALL"",""risk"":""high"",""reason"":""abrupt downward transition toward the floor""}",1.703596800000014
dataset/dataset/chute01/cam2.avi#f1114-1144,2,0,0,low,no visible uncontrolled fall transition,"{""class"":""SAFE"",""risk"":""low"",""reason"":""no visible uncontrolled fall transition""}",1.2096760000003997
dataset/dataset/chute02/cam2.avi#f415-445,2,1,1,high,abrupt downward transition toward the floor,"{""class"":""FALL"",""risk"":""high"",""reason"":""abrupt downward transition toward the floor""}",1.324402100000043
dataset/dataset/chute03/cam2.avi#f607-637,2,1,1,high,abrupt downward transition toward the floor,"{""class"":""FALL"",""risk"":""high"",""reason"":""abrupt downward transition toward the floor""}",1.3533416999998735
dataset/dataset/chute04/cam2.avi#f714-744,2,0,0,low,no visible uncontrolled fall transition,"{""class"":""SAFE"",""risk"":""low"",""reason"":""no visible uncontrolled fall transition""}",1.210423499999706
dataset/dataset/chute05/cam2.avi#f364-394,2,0,0,low,no visible uncontrolled fall transition,"{""class"":""SAFE"",""risk"":""low"",""reason"":""no visible uncontrolled fall transition""}",1.205435299999408
dataset/dataset/chute06/cam2.avi#f740-770,2,0,0,low,no visible uncontrolled fall transition,"{""class"":""SAFE"",""risk"":""low"",""reason"":""no visible uncontrolled fall transition""}",1.240881800000352
dataset/dataset/chute08/cam2.avi#f319-349,2,0,0,low,no visible uncontrolled fall transition,"{""class"":""SAFE"",""risk"":""low"",""reason"":""no visible uncontrolled fall transition""}",1.2646625999996104
dataset/dataset/chute09/cam2.avi#f634-664,2,1,1,high,abrupt downward transition toward the floor,"{""class"":""FALL"",""risk"":""high"",""reason"":""abrupt downward transition toward the floor""}",1.3406694999994215
dataset/dataset/chute09/cam2.avi#f665-695,2,0,0,low,no visible uncontrolled fall transition,"{""class"":""SAFE"",""risk"":""low"",""reason"":""no visible uncontrolled fall transition""}",1.2036619999998948
dataset/dataset/chute10/cam2.avi#f520-550,2,1,1,high,abrupt downward transition toward the floor,"{""class"":""FALL"",""risk"":""high"",""reason"":""abrupt downward transition toward the floor""}",1.320247699999527
dataset/dataset/chute10/cam2.avi#f551-581,2,0,1,high,abrupt downward transition toward the floor,"{""class"":""FALL"",""risk"":""high"",""reason"":""abrupt downward transition toward the floor""}",1.3438073000006625
dataset/dataset/chute11/cam2.avi#f466-496,2,1,0,low,no visible uncontrolled fall transition,"{""class"":""SAFE"",""risk"":""low"",""reason"":""no visible uncontrolled fall transition""}",1.2357311999994636
dataset/dataset/chute12/cam2.avi#f575-605,2,0,0,low,no visible uncontrolled fall transition,"{""class"":""SAFE"",""risk"":""low"",""reason"":""no visible uncontrolled fall transition""}",1.2266743000000133
dataset/dataset/chute12/cam2.avi#f606-636,2,1,0,low,no visible uncontrolled fall transition,"{""class"":""SAFE"",""risk"":""low"",""reason"":""no visible uncontrolled fall transition""}",1.2118984999997338
dataset/dataset/chute12/cam2.avi#f634-664,2,1,0,low,no visible uncontrolled fall transition,"{""class"":""SAFE"",""risk"":""low"",""reason"":""no visible uncontrolled fall transition""}",1.238228600000184
dataset/dataset/chute13/cam2.avi#f720-750,2,0,0,low,no visible uncontrolled fall transition,"{""class"":""SAFE"",""risk"":""low"",""reason"":""no visible uncontrolled fall transition""}",1.2434125999998287
dataset/dataset/chute14/cam2.avi#f1027-1057,2,1,1,high,abrupt downward transition toward the floor,"{""class"":""FALL"",""risk"":""high"",""reason"":""abrupt downward transition toward the floor""}",1.3760605999996187
dataset/dataset/chute16/cam2.avi#f409-439,2,0,0,low,no visible uncontrolled fall transition,"{""class"":""SAFE"",""risk"":""low"",""reason"":""no visible uncontrolled fall transition""}",1.2436589999997523
dataset/dataset/chute16/cam2.avi#f847-877,2,0,0,low,no visible uncontrolled fall transition,"{""class"":""SAFE"",""risk"":""low"",""reason"":""no visible uncontrolled fall transition""}",1.2464137000006303
dataset/dataset/chute16/cam2.avi#f925-955,2,1,1,high,abrupt downward transition toward the floor,"{""class"":""FALL"",""risk"":""high"",""reason"":""abrupt downward transition toward the floor""}",1.3709651000008307
dataset/dataset/chute17/cam2.avi#f367-397,2,0,0,low,no visible uncontrolled fall transition,"{""class"":""SAFE"",""risk"":""low"",""reason"":""no visible uncontrolled fall transition""}",1.2952716999998302
dataset/dataset/chute17/cam2.avi#f761-791,2,1,1,high,abrupt downward transition toward the floor,"{""class"":""FALL"",""risk"":""high"",""reason"":""abrupt downward transition toward the floor""}",1.3357403999998496
dataset/dataset/chute19/cam2.avi#f495-525,2,0,0,low,no visible uncontrolled fall transition,"{""class"":""SAFE"",""risk"":""low"",""reason"":""no visible uncontrolled fall transition""}",1.247332599999936
dataset/dataset/chute19/cam2.avi#f527-557,2,1,0,low,no visible uncontrolled fall transition,"{""class"":""SAFE"",""risk"":""low"",""reason"":""no visible uncontrolled fall transition""}",1.2424079000002166
dataset/dataset/chute20/cam2.avi#f409-439,2,0,0,low,no visible uncontrolled fall transition,"{""class"":""SAFE"",""risk"":""low"",""reason"":""no visible uncontrolled fall transition""}",1.243221600000652
dataset/dataset/chute20/cam2.avi#f614-644,2,1,0,low,no visible uncontrolled fall transition,"{""class"":""SAFE"",""risk"":""low"",""reason"":""no visible uncontrolled fall transition""}",1.249865900000259
dataset/dataset/chute21/cam2.avi#f898-928,2,1,1,high,abrupt downward transition toward the floor,"{""class"":""FALL"",""risk"":""high"",""reason"":""abrupt downward transition toward the floor""}",1.3691933000000063
dataset/dataset/chute22/cam2.avi#f818-848,2,1,1,high,abrupt downward transition toward the floor,"{""class"":""FALL"",""risk"":""high"",""reason"":""abrupt downward transition toward the floor""}",1.389492600000267
dataset/dataset/chute23/cam2.avi#f1602-1632,2,1,0,low,no visible uncontrolled fall transition,"{""class"":""SAFE"",""risk"":""low"",""reason"":""no visible uncontrolled fall transition""}",1.2560615000002144
dataset/dataset/chute23/cam2.avi#f1714-1744,2,0,0,low,no visible uncontrolled fall transition,"{""class"":""SAFE"",""risk"":""low"",""reason"":""no visible uncontrolled fall transition""}",1.2826404000006733
dataset/dataset/chute23/cam2.avi#f4158-4188,2,0,0,low,no visible uncontrolled fall transition,"{""class"":""SAFE"",""risk"":""low"",""reason"":""no visible uncontrolled fall transition""}",1.2608655000003637
dataset/dataset/chute01/cam4.avi#f1053-1083,4,0,0,low,no visible uncontrolled fall transition,"{""class"":""SAFE"",""risk"":""low"",""reason"":""no visible uncontrolled fall transition""}",1.2618515000003754
dataset/dataset/chute02/cam4.avi#f360-390,4,0,0,low,no visible uncontrolled fall transition,"{""class"":""SAFE"",""risk"":""low"",""reason"":""no visible uncontrolled fall transition""}",1.2454265999995187
dataset/dataset/chute02/cam4.avi#f421-451,4,0,0,low,no visible uncontrolled fall transition,"{""class"":""SAFE"",""risk"":""low"",""reason"":""no visible uncontrolled fall transition""}",1.248498500000096
dataset/dataset/chute03/cam4.avi#f576-606,4,0,0,low,no visible uncontrolled fall transition,"{""class"":""SAFE"",""risk"":""low"",""reason"":""no visible uncontrolled fall transition""}",1.2651160999994318
dataset/dataset/chute04/cam4.avi#f257-287,4,0,0,low,no visible uncontrolled fall transition,"{""class"":""SAFE"",""risk"":""low"",""reason"":""no visible uncontrolled fall transition""}",1.249464500000613
dataset/dataset/chute04/cam4.avi#f288-318,4,1,1,high,abrupt downward transition toward the floor,"{""class"":""FALL"",""risk"":""high"",""reason"":""abrupt downward transition toward the floor""}",1.3869002999999793
dataset/dataset/chute06/cam4.avi#f730-760,4,0,0,low,no visible uncontrolled fall transition,"{""class"":""SAFE"",""risk"":""low"",""reason"":""no visible uncontrolled fall transition""}",1.2457488000000012
dataset/dataset/chute07/cam4.avi#f445-475,4,0,0,low,no visible uncontrolled fall transition,"{""class"":""SAFE"",""risk"":""low"",""reason"":""no visible uncontrolled fall transition""}",1.2591349000003902
dataset/dataset/chute07/cam4.avi#f476-506,4,1,0,low,no visible uncontrolled fall transition,"{""class"":""SAFE"",""risk"":""low"",""reason"":""no visible uncontrolled fall transition""}",1.2350719000005483
dataset/dataset/chute09/cam4.avi#f612-642,4,0,0,low,no visible uncontrolled fall transition,"{""class"":""SAFE"",""risk"":""low"",""reason"":""no visible uncontrolled fall transition""}",1.2703738000000158
dataset/dataset/chute09/cam4.avi#f674-704,4,0,0,low,no visible uncontrolled fall transition,"{""class"":""SAFE"",""risk"":""low"",""reason"":""no visible uncontrolled fall transition""}",1.2317354999995587
dataset/dataset/chute10/cam4.avi#f518-548,4,0,0,low,no visible uncontrolled fall transition,"{""class"":""SAFE"",""risk"":""low"",""reason"":""no visible uncontrolled fall transition""}",1.2468853999998828
dataset/dataset/chute10/cam4.avi#f570-600,4,0,0,low,no visible uncontrolled fall transition,"{""class"":""SAFE"",""risk"":""low"",""reason"":""no visible uncontrolled fall transition""}",1.2240637000004426
dataset/dataset/chute11/cam4.avi#f445-475,4,0,0,low,no visible uncontrolled fall transition,"{""class"":""SAFE"",""risk"":""low"",""reason"":""no visible uncontrolled fall transition""}",1.2321255999995628
dataset/dataset/chute11/cam4.avi#f476-506,4,1,0,low,no visible uncontrolled fall transition,"{""class"":""SAFE"",""risk"":""low"",""reason"":""no visible uncontrolled fall transition""}",1.2378711999999723
dataset/dataset/chute12/cam4.avi#f636-666,4,1,0,low,no visible uncontrolled fall transition,"{""class"":""SAFE"",""risk"":""low"",""reason"":""no visible uncontrolled fall transition""}",1.2419876999992994
dataset/dataset/chute13/cam4.avi#f694-724,4,0,0,low,no visible uncontrolled fall transition,"{""class"":""SAFE"",""risk"":""low"",""reason"":""no visible uncontrolled fall transition""}",1.2245401999998649
dataset/dataset/chute17/cam4.avi#f735-765,4,1,0,low,no visible uncontrolled fall transition,"{""class"":""SAFE"",""risk"":""low"",""reason"":""no visible uncontrolled fall transition""}",1.2678653000002669
dataset/dataset/chute18/cam4.avi#f571-601,4,1,0,low,no visible uncontrolled fall transition,"{""class"":""SAFE"",""risk"":""low"",""reason"":""no visible uncontrolled fall transition""}",1.262957699999788
dataset/dataset/chute19/cam4.avi#f487-517,4,0,0,low,no visible uncontrolled fall transition,"{""class"":""SAFE"",""risk"":""low"",""reason"":""no visible uncontrolled fall transition""}",1.2235768999998982
dataset/dataset/chute19/cam4.avi#f519-549,4,1,0,low,no visible uncontrolled fall transition,"{""class"":""SAFE"",""risk"":""low"",""reason"":""no visible uncontrolled fall transition""}",1.315959099999418
dataset/dataset/chute19/cam4.avi#f579-609,4,1,1,high,abrupt downward transition toward the floor,"{""class"":""FALL"",""risk"":""high"",""reason"":""abrupt downward transition toward the floor""}",1.3873450000000958
dataset/dataset/chute20/cam4.avi#f360-390,4,0,0,low,no visible uncontrolled fall transition,"{""class"":""SAFE"",""risk"":""low"",""reason"":""no visible uncontrolled fall transition""}",1.255196199999773
dataset/dataset/chute20/cam4.avi#f585-615,4,1,0,low,no visible uncontrolled fall transition,"{""class"":""SAFE"",""risk"":""low"",""reason"":""no visible uncontrolled fall transition""}",1.2326927000003707
dataset/dataset/chute20/cam4.avi#f615-645,4,1,0,low,no visible uncontrolled fall transition,"{""class"":""SAFE"",""risk"":""low"",""reason"":""no visible uncontrolled fall transition""}",1.235538699999779
dataset/dataset/chute20/cam4.avi#f645-675,4,1,1,high,abrupt downward transition toward the floor,"{""class"":""FALL"",""risk"":""high"",""reason"":""abrupt downward transition toward the floor""}",1.4281224999995175
dataset/dataset/chute21/cam4.avi#f868-898,4,1,0,low,no visible uncontrolled fall transition,"{""class"":""SAFE"",""risk"":""low"",""reason"":""no visible uncontrolled fall transition""}",1.2965520999996443
dataset/dataset/chute23/cam4.avi#f708-738,4,0,0,low,no visible uncontrolled fall transition,"{""class"":""SAFE"",""risk"":""low"",""reason"":""no visible uncontrolled fall transition""}",1.306769400000121
dataset/dataset/chute23/cam4.avi#f1707-1737,4,0,0,low,no visible uncontrolled fall transition,"{""class"":""SAFE"",""risk"":""low"",""reason"":""no visible uncontrolled fall transition""}",1.3083665000003748
dataset/dataset/chute23/cam4.avi#f3619-3649,4,1,0,low,no visible uncontrolled fall transition,"{""class"":""SAFE"",""risk"":""low"",""reason"":""no visible uncontrolled fall transition""}",1.2629223000003549
dataset/dataset/chute01/cam5.avi#f1072-1102,5,0,0,low,no visible uncontrolled fall transition,"{""class"":""SAFE"",""risk"":""low"",""reason"":""no visible uncontrolled fall transition""}",1.341112900000553
dataset/dataset/chute01/cam5.avi#f1103-1133,5,1,0,low,no visible uncontrolled fall transition,"{""class"":""SAFE"",""risk"":""low"",""reason"":""no visible uncontrolled fall transition""}",1.3304010000001654
dataset/dataset/chute02/cam5.avi#f393-423,5,1,1,high,abrupt downward transition toward the floor,"{""class"":""FALL"",""risk"":""high"",""reason"":""abrupt downward transition toward the floor""}",1.3342528999992282
dataset/dataset/chute02/cam5.avi#f423-453,5,0,0,low,no visible uncontrolled fall transition,"{""class"":""SAFE"",""risk"":""low"",""reason"":""no visible uncontrolled fall transition""}",1.2679772000001321
dataset/dataset/chute03/cam5.avi#f626-656,5,1,0,low,no visible uncontrolled fall transition,"{""class"":""SAFE"",""risk"":""low"",""reason"":""no visible uncontrolled fall transition""}",1.265636699999959
dataset/dataset/chute04/cam5.avi#f325-355,5,0,0,low,no visible uncontrolled fall transition,"{""class"":""SAFE"",""risk"":""low"",""reason"":""no visible uncontrolled fall transition""}",1.275538000000779
dataset/dataset/chute04/cam5.avi#f387-417,5,0,0,low,no visible uncontrolled fall transition,"{""class"":""SAFE"",""risk"":""low"",""reason"":""no visible uncontrolled fall transition""}",1.2862347999998747
dataset/dataset/chute04/cam5.avi#f703-733,5,0,0,low,no visible uncontrolled fall transition,"{""class"":""SAFE"",""risk"":""low"",""reason"":""no visible uncontrolled fall transition""}",1.2901281999993444
dataset/dataset/chute06/cam5.avi#f622-652,5,0,0,low,no visible uncontrolled fall transition,"{""class"":""SAFE"",""risk"":""low"",""reason"":""no visible uncontrolled fall transition""}",1.3016982999997708
dataset/dataset/chute06/cam5.avi#f693-723,5,1,0,low,no visible uncontrolled fall transition,"{""class"":""SAFE"",""risk"":""low"",""reason"":""no visible uncontrolled fall transition""}",1.2695340000000215
dataset/dataset/chute07/cam5.avi#f463-493,5,0,0,low,no visible uncontrolled fall transition,"{""class"":""SAFE"",""risk"":""low"",""reason"":""no visible uncontrolled fall transition""}",1.2601678999999422
dataset/dataset/chute07/cam5.avi#f494-524,5,1,1,high,abrupt downward transition toward the floor,"{""class"":""FALL"",""risk"":""high"",""reason"":""abrupt downward transition toward the floor""}",1.394944800000303
dataset/dataset/chute08/cam5.avi#f335-365,5,1,1,high,abrupt downward transition toward the floor,"{""class"":""FALL"",""risk"":""high"",""reason"":""abrupt downward transition toward the floor""}",1.402080300000307
dataset/dataset/chute09/cam5.avi#f637-667,5,1,1,high,abrupt downward transition toward the floor,"{""class"":""FALL"",""risk"":""high"",""reason"":""abrupt downward transition toward the floor""}",1.4028930000004038
dataset/dataset/chute09/cam5.avi#f668-698,5,0,0,low,no visible uncontrolled fall transition,"{""class"":""SAFE"",""risk"":""low"",""reason"":""no visible uncontrolled fall transition""}",1.3082290000002104
dataset/dataset/chute10/cam5.avi#f497-527,5,0,0,low,no visible uncontrolled fall transition,"{""class"":""SAFE"",""risk"":""low"",""reason"":""no visible uncontrolled fall transition""}",1.2774964000000182
dataset/dataset/chute10/cam5.avi#f549-579,5,0,0,low,no visible uncontrolled fall transition,"{""class"":""SAFE"",""risk"":""low"",""reason"":""no visible uncontrolled fall transition""}",1.290638399999807
dataset/dataset/chute12/cam5.avi#f569-599,5,0,0,low,no visible uncontrolled fall transition,"{""class"":""SAFE"",""risk"":""low"",""reason"":""no visible uncontrolled fall transition""}",1.3205933999997796
dataset/dataset/chute12/cam5.avi#f628-658,5,1,0,low,no visible uncontrolled fall transition,"{""class"":""SAFE"",""risk"":""low"",""reason"":""no visible uncontrolled fall transition""}",1.2797872000001007
dataset/dataset/chute13/cam5.avi#f855-885,5,1,0,low,no visible uncontrolled fall transition,"{""class"":""SAFE"",""risk"":""low"",""reason"":""no visible uncontrolled fall transition""}",1.2801584000008006
dataset/dataset/chute14/cam5.avi#f1050-1080,5,0,1,high,abrupt downward transition toward the floor,"{""class"":""FALL"",""risk"":""high"",""reason"":""abrupt downward transition toward the floor""}",1.4040851999998267
dataset/dataset/chute17/cam5.avi#f351-381,5,0,0,low,no visible uncontrolled fall transition,"{""class"":""SAFE"",""risk"":""low"",""reason"":""no visible uncontrolled fall transition""}",1.2767326999992292
dataset/dataset/chute17/cam5.avi#f745-775,5,1,0,low,no visible uncontrolled fall transition,"{""class"":""SAFE"",""risk"":""low"",""reason"":""no visible uncontrolled fall transition""}",1.3062415000003966
dataset/dataset/chute18/cam5.avi#f615-645,5,0,0,low,no visible uncontrolled fall transition,"{""class"":""SAFE"",""risk"":""low"",""reason"":""no visible uncontrolled fall transition""}",1.3109856000000946
dataset/dataset/chute18/cam5.avi#f656-686,5,1,1,high,abrupt downward transition toward the floor,"{""class"":""FALL"",""risk"":""high"",""reason"":""abrupt downward transition toward the floor""}",1.3993184999999357
dataset/dataset/chute19/cam5.avi#f425-455,5,0,0,low,no visible uncontrolled fall transition,"{""class"":""SAFE"",""risk"":""low"",""reason"":""no visible uncontrolled fall transition""}",1.2749321999999665
dataset/dataset/chute19/cam5.avi#f505-535,5,1,0,low,no visible uncontrolled fall transition,"{""class"":""SAFE"",""risk"":""low"",""reason"":""no visible uncontrolled fall transition""}",1.2696530000002895
dataset/dataset/chute19/cam5.avi#f535-565,5,1,0,low,no visible uncontrolled fall transition,"{""class"":""SAFE"",""risk"":""low"",""reason"":""no visible uncontrolled fall transition""}",1.3109312999995382
dataset/dataset/chute19/cam5.avi#f565-595,5,1,0,low,no visible uncontrolled fall transition,"{""class"":""SAFE"",""risk"":""low"",""reason"":""no visible uncontrolled fall transition""}",1.3571853000003102
dataset/dataset/chute20/cam5.avi#f585-615,5,1,0,low,no visible uncontrolled fall transition,"{""class"":""SAFE"",""risk"":""low"",""reason"":""no visible uncontrolled fall transition""}",1.3140747999996165
dataset/dataset/chute21/cam5.avi#f546-576,5,0,0,low,no visible uncontrolled fall transition,"{""class"":""SAFE"",""risk"":""low"",""reason"":""no visible uncontrolled fall transition""}",1.2875145999996676
dataset/dataset/chute21/cam5.avi#f876-906,5,1,0,low,no visible uncontrolled fall transition,"{""class"":""SAFE"",""risk"":""low"",""reason"":""no visible uncontrolled fall transition""}",1.2836543000003076
dataset/dataset/chute23/cam5.avi#f717-747,5,0,0,low,no visible uncontrolled fall transition,"{""class"":""SAFE"",""risk"":""low"",""reason"":""no visible uncontrolled fall transition""}",1.2769079999998212
dataset/dataset/chute23/cam5.avi#f1572-1602,5,1,0,low,no visible uncontrolled fall transition,"{""class"":""SAFE"",""risk"":""low"",""reason"":""no visible uncontrolled fall transition""}",1.2960907000006046
dataset/dataset/chute23/cam5.avi#f1716-1746,5,0,0,low,no visible uncontrolled fall transition,"{""class"":""SAFE"",""risk"":""low"",""reason"":""no visible uncontrolled fall transition""}",1.3179165000001376
dataset/dataset/chute23/cam5.avi#f3628-3658,5,1,0,low,no visible uncontrolled fall transition,"{""class"":""SAFE"",""risk"":""low"",""reason"":""no visible uncontrolled fall transition""}",1.286646099999416
dataset/dataset/chute01/cam6.avi#f1055-1085,6,0,0,low,no visible uncontrolled fall transition,"{""class"":""SAFE"",""risk"":""low"",""reason"":""no visible uncontrolled fall transition""}",1.2979311000008238
dataset/dataset/chute01/cam6.avi#f1117-1147,6,0,0,low,no visible uncontrolled fall transition,"{""class"":""SAFE"",""risk"":""low"",""reason"":""no visible uncontrolled fall transition""}",1.2962839000001622
dataset/dataset/chute02/cam6.avi#f377-407,6,0,0,low,no visible uncontrolled fall transition,"{""class"":""SAFE"",""risk"":""low"",""reason"":""no visible uncontrolled fall transition""}",1.2967575000002398
dataset/dataset/chute02/cam6.avi#f408-438,6,1,1,high,abrupt downward transition toward the floor,"{""class"":""FALL"",""risk"":""high"",""reason"":""abrupt downward transition toward the floor""}",1.402612500000032
dataset/dataset/chute03/cam6.avi#f580-610,6,0,0,low,no visible uncontrolled fall transition,"{""class"":""SAFE"",""risk"":""low"",""reason"":""no visible uncontrolled fall transition""}",1.2733118999994986
dataset/dataset/chute03/cam6.avi#f611-641,6,1,0,low,no visible uncontrolled fall transition,"{""class"":""SAFE"",""risk"":""low"",""reason"":""no visible uncontrolled fall transition""}",1.267103400000451
dataset/dataset/chute04/cam6.avi#f686-716,6,1,1,high,abrupt downward transition toward the floor,"{""class"":""FALL"",""risk"":""high"",""reason"":""abrupt downward transition toward the floor""}",1.405869399999574
dataset/dataset/chute05/cam6.avi#f366-396,6,0,1,high,abrupt downward transition toward the floor,"{""class"":""FALL"",""risk"":""high"",""reason"":""abrupt downward transition toward the floor""}",1.4081482000001415
dataset/dataset/chute06/cam6.avi#f686-716,6,1,0,low,no visible uncontrolled fall transition,"{""class"":""SAFE"",""risk"":""low"",""reason"":""no visible uncontrolled fall transition""}",1.3091623000000254
dataset/dataset/chute06/cam6.avi#f706-736,6,1,1,high,abrupt downward transition toward the floor,"{""class"":""FALL"",""risk"":""high"",""reason"":""abrupt downward transition toward the floor""}",1.396299999999428
dataset/dataset/chute06/cam6.avi#f743-773,6,0,0,low,no visible uncontrolled fall transition,"{""class"":""SAFE"",""risk"":""low"",""reason"":""no visible uncontrolled fall transition""}",1.2762169999996331
dataset/dataset/chute07/cam6.avi#f463-493,6,0,0,low,no visible uncontrolled fall transition,"{""class"":""SAFE"",""risk"":""low"",""reason"":""no visible uncontrolled fall transition""}",1.282214999999269
dataset/dataset/chute08/cam6.avi#f352-382,6,1,1,high,abrupt downward transition toward the floor,"{""class"":""FALL"",""risk"":""high"",""reason"":""abrupt downward transition toward the floor""}",1.4153372999999192
dataset/dataset/chute09/cam6.avi#f606-636,6,0,0,low,no visible uncontrolled fall transition,"{""class"":""SAFE"",""risk"":""low"",""reason"":""no visible uncontrolled fall transition""}",1.3064155000001847
dataset/dataset/chute09/cam6.avi#f637-667,6,1,0,low,no visible uncontrolled fall transition,"{""class"":""SAFE"",""risk"":""low"",""reason"":""no visible uncontrolled fall transition""}",1.3049017000003005
dataset/dataset/chute09/cam6.avi#f668-698,6,0,0,low,no visible uncontrolled fall transition,"{""class"":""SAFE"",""risk"":""low"",""reason"":""no visible uncontrolled fall transition""}",1.2659951999994519
dataset/dataset/chute11/cam6.avi#f499-529,6,0,0,low,no visible uncontrolled fall transition,"{""class"":""SAFE"",""risk"":""low"",""reason"":""no visible uncontrolled fall transition""}",1.267345899999782
dataset/dataset/chute13/cam6.avi#f714-744,6,0,0,low,no visible uncontrolled fall transition,"{""class"":""SAFE"",""risk"":""low"",""reason"":""no visible uncontrolled fall transition""}",1.2909553999998025
dataset/dataset/chute13/cam6.avi#f855-885,6,1,0,low,no visible uncontrolled fall transition,"{""class"":""SAFE"",""risk"":""low"",""reason"":""no visible uncontrolled fall transition""}",1.3127257999994981
dataset/dataset/chute15/cam6.avi#f795-825,6,1,0,low,no visible uncontrolled fall transition,"{""class"":""SAFE"",""risk"":""low"",""reason"":""no visible uncontrolled fall transition""}",1.31527559999995
dataset/dataset/chute16/cam6.avi#f827-857,6,0,0,low,no visible uncontrolled fall transition,"{""class"":""SAFE"",""risk"":""low"",""reason"":""no visible uncontrolled fall transition""}",1.2699498000001768
dataset/dataset/chute17/cam6.avi#f341-371,6,0,0,low,no visible uncontrolled fall transition,"{""class"":""SAFE"",""risk"":""low"",""reason"":""no visible uncontrolled fall transition""}",1.301639299999806
dataset/dataset/chute17/cam6.avi#f735-765,6,1,1,high,abrupt downward transition toward the floor,"{""class"":""FALL"",""risk"":""high"",""reason"":""abrupt downward transition toward the floor""}",1.3975145000003977
dataset/dataset/chute18/cam6.avi#f638-668,6,0,0,low,no visible uncontrolled fall transition,"{""class"":""SAFE"",""risk"":""low"",""reason"":""no visible uncontrolled fall transition""}",1.3104141000003438
dataset/dataset/chute18/cam6.avi#f679-709,6,1,1,high,abrupt downward transition toward the floor,"{""class"":""FALL"",""risk"":""high"",""reason"":""abrupt downward transition toward the floor""}",1.43126570000004
dataset/dataset/chute19/cam6.avi#f449-479,6,0,0,low,no visible uncontrolled fall transition,"{""class"":""SAFE"",""risk"":""low"",""reason"":""no visible uncontrolled fall transition""}",1.3153363999999783
dataset/dataset/chute19/cam6.avi#f559-589,6,1,0,low,no visible uncontrolled fall transition,"{""class"":""SAFE"",""risk"":""low"",""reason"":""no visible uncontrolled fall transition""}",1.3082472999994934
dataset/dataset/chute20/cam6.avi#f404-434,6,0,0,low,no visible uncontrolled fall transition,"{""class"":""SAFE"",""risk"":""low"",""reason"":""no visible uncontrolled fall transition""}",1.3222107999999935
dataset/dataset/chute21/cam6.avi#f900-930,6,1,1,high,abrupt downward transition toward the floor,"{""class"":""FALL"",""risk"":""high"",""reason"":""abrupt downward transition toward the floor""}",1.4266003000002456
dataset/dataset/chute22/cam6.avi#f782-812,6,0,0,low,no visible uncontrolled fall transition,"{""class"":""SAFE"",""risk"":""low"",""reason"":""no visible uncontrolled fall transition""}",1.3122388000001592
dataset/dataset/chute22/cam6.avi#f818-848,6,1,1,high,abrupt downward transition toward the floor,"{""class"":""FALL"",""risk"":""high"",""reason"":""abrupt downward transition toward the floor""}",1.4136823999997432
dataset/dataset/chute23/cam6.avi#f723-753,6,0,0,low,no visible uncontrolled fall transition,"{""class"":""SAFE"",""risk"":""low"",""reason"":""no visible uncontrolled fall transition""}",1.2677247000001444
dataset/dataset/chute23/cam6.avi#f1580-1610,6,1,0,low,no visible uncontrolled fall transition,"{""class"":""SAFE"",""risk"":""low"",""reason"":""no visible uncontrolled fall transition""}",1.2802295000001322
dataset/dataset/chute23/cam6.avi#f1722-1752,6,0,0,low,no visible uncontrolled fall transition,"{""class"":""SAFE"",""risk"":""low"",""reason"":""no visible uncontrolled fall transition""}",1.2779752999995253
dataset/dataset/chute23/cam6.avi#f4166-4196,6,0,0,low,no visible uncontrolled fall transition,"{""class"":""SAFE"",""risk"":""low"",""reason"":""no visible uncontrolled fall transition""}",1.3084469000004901
dataset/dataset/chute01/cam7.avi#f1117-1147,7,0,0,low,no visible uncontrolled fall transition,"{""class"":""SAFE"",""risk"":""low"",""reason"":""no visible uncontrolled fall transition""}",1.2853209000004426
dataset/dataset/chute03/cam7.avi#f580-610,7,0,0,low,no visible uncontrolled fall transition,"{""class"":""SAFE"",""risk"":""low"",""reason"":""no visible uncontrolled fall transition""}",1.265883699999904
dataset/dataset/chute06/cam7.avi#f686-716,7,1,0,low,no visible uncontrolled fall transition,"{""class"":""SAFE"",""risk"":""low"",""reason"":""no visible uncontrolled fall transition""}",1.2865295000001424
dataset/dataset/chute07/cam7.avi#f494-524,7,1,1,high,abrupt downward transition toward the floor,"{""class"":""FALL"",""risk"":""high"",""reason"":""abrupt downward transition toward the floor""}",1.4338187000003018
dataset/dataset/chute08/cam7.avi#f352-382,7,1,1,high,abrupt downward transition toward the floor,"{""class"":""FALL"",""risk"":""high"",""reason"":""abrupt downward transition toward the floor""}",1.4136089000003267
dataset/dataset/chute09/cam7.avi#f606-636,7,0,0,low,no visible uncontrolled fall transition,"{""class"":""SAFE"",""risk"":""low"",""reason"":""no visible uncontrolled fall transition""}",1.2584666000002471
dataset/dataset/chute10/cam7.avi#f504-534,7,0,0,low,no visible uncontrolled fall transition,"{""class"":""SAFE"",""risk"":""low"",""reason"":""no visible uncontrolled fall transition""}",1.2653030999999828
dataset/dataset/chute11/cam7.avi#f437-467,7,0,0,low,no visible uncontrolled fall transition,"{""class"":""SAFE"",""risk"":""low"",""reason"":""no visible uncontrolled fall transition""}",1.2828276000000187
dataset/dataset/chute12/cam7.avi#f576-606,7,0,0,low,no visible uncontrolled fall transition,"{""class"":""SAFE"",""risk"":""low"",""reason"":""no visible uncontrolled fall transition""}",1.2891805999997814
dataset/dataset/chute12/cam7.avi#f607-637,7,1,0,low,no visible uncontrolled fall transition,"{""class"":""SAFE"",""risk"":""low"",""reason"":""no visible uncontrolled fall transition""}",1.2772008000001733
dataset/dataset/chute12/cam7.avi#f635-665,7,1,1,high,abrupt downward transition toward the floor,"{""class"":""FALL"",""risk"":""high"",""reason"":""abrupt downward transition toward the floor""}",1.4053303000000597
dataset/dataset/chute13/cam7.avi#f723-753,7,0,0,low,no visible uncontrolled fall transition,"{""class"":""SAFE"",""risk"":""low"",""reason"":""no visible uncontrolled fall transition""}",1.343345600000248
dataset/dataset/chute14/cam7.avi#f998-1028,7,1,1,high,abrupt downward transition toward the floor,"{""class"":""FALL"",""risk"":""high"",""reason"":""abrupt downward transition toward the floor""}",1.433101199999328
dataset/dataset/chute14/cam7.avi#f1029-1059,7,0,0,low,no visible uncontrolled fall transition,"{""class"":""SAFE"",""risk"":""low"",""reason"":""no visible uncontrolled fall transition""}",1.3265567999997074
dataset/dataset/chute15/cam7.avi#f778-808,7,1,0,low,no visible uncontrolled fall transition,"{""class"":""SAFE"",""risk"":""low"",""reason"":""no visible uncontrolled fall transition""}",1.3458182000003944
dataset/dataset/chute16/cam7.avi#f383-413,7,0,0,low,no visible uncontrolled fall transition,"{""class"":""SAFE"",""risk"":""low"",""reason"":""no visible uncontrolled fall transition""}",1.3214019999995799
dataset/dataset/chute16/cam7.avi#f821-851,7,0,0,low,no visible uncontrolled fall transition,"{""class"":""SAFE"",""risk"":""low"",""reason"":""no visible uncontrolled fall transition""}",1.385827999999492
dataset/dataset/chute16/cam7.avi#f899-929,7,1,1,high,abrupt downward transition toward the floor,"{""class"":""FALL"",""risk"":""high"",""reason"":""abrupt downward transition toward the floor""}",1.452241199999662
dataset/dataset/chute17/cam7.avi#f370-400,7,0,0,low,no visible uncontrolled fall transition,"{""class"":""SAFE"",""risk"":""low"",""reason"":""no visible uncontrolled fall transition""}",1.3110738000004858
dataset/dataset/chute18/cam7.avi#f679-709,7,1,1,high,abrupt downward transition toward the floor,"{""class"":""FALL"",""risk"":""high"",""reason"":""abrupt downward transition toward the floor""}",1.4519714000007298
dataset/dataset/chute19/cam7.avi#f500-530,7,1,0,low,no visible uncontrolled fall transition,"{""class"":""SAFE"",""risk"":""low"",""reason"":""no visible uncontrolled fall transition""}",1.3441000000002532
dataset/dataset/chute19/cam7.avi#f560-590,7,1,0,low,no visible uncontrolled fall transition,"{""class"":""SAFE"",""risk"":""low"",""reason"":""no visible uncontrolled fall transition""}",1.3394311000001835
dataset/dataset/chute20/cam7.avi#f354-384,7,0,0,low,no visible uncontrolled fall transition,"{""class"":""SAFE"",""risk"":""low"",""reason"":""no visible uncontrolled fall transition""}",1.337654200000543
dataset/dataset/chute20/cam7.avi#f549-579,7,1,0,low,no visible uncontrolled fall transition,"{""class"":""SAFE"",""risk"":""low"",""reason"":""no visible uncontrolled fall transition""}",1.349572099999932
dataset/dataset/chute20/cam7.avi#f609-639,7,1,0,low,no visible uncontrolled fall transition,"{""class"":""SAFE"",""risk"":""low"",""reason"":""no visible uncontrolled fall transition""}",1.333434699999998
dataset/dataset/chute20/cam7.avi#f639-669,7,1,1,high,abrupt downward transition toward the floor,"{""class"":""FALL"",""risk"":""high"",""reason"":""abrupt downward transition toward the floor""}",1.4372635999998238
dataset/dataset/chute21/cam7.avi#f900-930,7,1,1,high,abrupt downward transition toward the floor,"{""class"":""FALL"",""risk"":""high"",""reason"":""abrupt downward transition toward the floor""}",1.4269309999999678
dataset/dataset/chute22/cam7.avi#f818-848,7,1,1,high,abrupt downward transition toward the floor,"{""class"":""FALL"",""risk"":""high"",""reason"":""abrupt downward transition toward the floor""}",1.430051899999853
dataset/dataset/chute23/cam7.avi#f713-743,7,0,0,low,no visible uncontrolled fall transition,"{""class"":""SAFE"",""risk"":""low"",""reason"":""no visible uncontrolled fall transition""}",1.3127970000005007
dataset/dataset/chute23/cam7.avi#f1570-1600,7,1,0,low,no visible uncontrolled fall transition,"{""class"":""SAFE"",""risk"":""low"",""reason"":""no visible uncontrolled fall transition""}",1.3077776000000085
dataset/dataset/chute23/cam7.avi#f1600-1630,7,1,0,low,no visible uncontrolled fall transition,"{""class"":""SAFE"",""risk"":""low"",""reason"":""no visible uncontrolled fall transition""}",1.3235081000002538
dataset/dataset/chute01/cam8.avi#f1080-1110,8,1,0,low,no visible uncontrolled fall transition,"{""class"":""SAFE"",""risk"":""low"",""reason"":""no visible uncontrolled fall transition""}",1.355626999999913
dataset/dataset/chute01/cam8.avi#f1111-1141,8,0,0,low,no visible uncontrolled fall transition,"{""class"":""SAFE"",""risk"":""low"",""reason"":""no visible uncontrolled fall transition""}",1.3338488999997935
dataset/dataset/chute02/cam8.avi#f381-411,8,1,1,high,abrupt downward transition toward the floor,"{""class"":""FALL"",""risk"":""high"",""reason"":""abrupt downward transition toward the floor""}",1.4263609999998152
dataset/dataset/chute02/cam8.avi#f411-441,8,0,0,low,no visible uncontrolled fall transition,"{""class"":""SAFE"",""risk"":""low"",""reason"":""no visible uncontrolled fall transition""}",1.2982112999998208
dataset/dataset/chute04/cam8.avi#f313-343,8,0,0,low,no visible uncontrolled fall transition,"{""class"":""SAFE"",""risk"":""low"",""reason"":""no visible uncontrolled fall transition""}",1.2878402000005735
dataset/dataset/chute04/cam8.avi#f375-405,8,0,1,high,abrupt downward transition toward the floor,"{""class"":""FALL"",""risk"":""high"",""reason"":""abrupt downward transition toward the floor""}",1.4291661999995995
dataset/dataset/chute04/cam8.avi#f660-690,8,1,0,low,no visible uncontrolled fall transition,"{""class"":""SAFE"",""risk"":""low"",""reason"":""no visible uncontrolled fall transition""}",1.3157866000001377
dataset/dataset/chute05/cam8.avi#f309-339,8,1,0,low,no visible uncontrolled fall transition,"{""class"":""SAFE"",""risk"":""low"",""reason"":""no visible uncontrolled fall transition""}",1.2827363999995214
dataset/dataset/chute05/cam8.avi#f340-370,8,0,0,low,no visible uncontrolled fall transition,"{""class"":""SAFE"",""risk"":""low"",""reason"":""no visible uncontrolled fall transition""}",1.3209461999995256
dataset/dataset/chute06/cam8.avi#f672-702,8,1,0,low,no visible uncontrolled fall transition,"{""class"":""SAFE"",""risk"":""low"",""reason"":""no visible uncontrolled fall transition""}",1.3248293000006015
dataset/dataset/chute06/cam8.avi#f692-722,8,1,0,low,no visible uncontrolled fall transition,"{""class"":""SAFE"",""risk"":""low"",""reason"":""no visible uncontrolled fall transition""}",1.3062810000001264
dataset/dataset/chute07/cam8.avi#f494-524,8,1,1,high,abrupt downward transition toward the floor,"{""class"":""FALL"",""risk"":""high"",""reason"":""abrupt downward transition toward the floor""}",1.455736199999592
dataset/dataset/chute09/cam8.avi#f625-655,8,1,1,high,abrupt downward transition toward the floor,"{""class"":""FALL"",""risk"":""high"",""reason"":""abrupt downward transition toward the floor""}",1.428807099999176
dataset/dataset/chute11/cam8.avi#f474-504,8,1,0,low,no visible uncontrolled fall transition,"{""class"":""SAFE"",""risk"":""low"",""reason"":""no visible uncontrolled fall transition""}",1.3052513000002364
dataset/dataset/chute11/cam8.avi#f505-535,8,0,0,low,no visible uncontrolled fall transition,"{""class"":""SAFE"",""risk"":""low"",""reason"":""no visible uncontrolled fall transition""}",1.3169439000002967
dataset/dataset/chute12/cam8.avi#f569-599,8,0,0,low,no visible uncontrolled fall transition,"{""class"":""SAFE"",""risk"":""low"",""reason"":""no visible uncontrolled fall transition""}",1.2873084000002564
dataset/dataset/chute12/cam8.avi#f600-630,8,1,0,low,no visible uncontrolled fall transition,"{""class"":""SAFE"",""risk"":""low"",""reason"":""no visible uncontrolled fall transition""}",1.3073896000005334
dataset/dataset/chute14/cam8.avi#f1005-1035,8,1,1,high,abrupt downward transition toward the floor,"{""class"":""FALL"",""risk"":""high"",""reason"":""abrupt downward transition toward the floor""}",1.4261086999995314
dataset/dataset/chute15/cam8.avi#f724-754,8,0,0,low,no visible uncontrolled fall transition,"{""class"":""SAFE"",""risk"":""low"",""reason"":""no visible uncontrolled fall transition""}",1.2916083000000071
dataset/dataset/chute15/cam8.avi#f755-785,8,1,0,low,no visible uncontrolled fall transition,"{""class"":""SAFE"",""risk"":""low"",""reason"":""no visible uncontrolled fall transition""}",1.2944000000006781
dataset/dataset/chute16/cam8.avi#f383-413,8,0,0,low,no visible uncontrolled fall transition,"{""class"":""SAFE"",""risk"":""low"",""reason"":""no visible uncontrolled fall transition""}",1.2813168000002406
dataset/dataset/chute18/cam8.avi#f607-637,8,0,0,low,no visible uncontrolled fall transition,"{""class"":""SAFE"",""risk"":""low"",""reason"":""no visible uncontrolled fall transition""}",1.3023042000004352
dataset/dataset/chute19/cam8.avi#f440-470,8,0,0,low,no visible uncontrolled fall transition,"{""class"":""SAFE"",""risk"":""low"",""reason"":""no visible uncontrolled fall transition""}",1.3143945000001622
dataset/dataset/chute20/cam8.avi#f635-665,8,1,0,low,no visible uncontrolled fall transition,"{""class"":""SAFE"",""risk"":""low"",""reason"":""no visible uncontrolled fall transition""}",1.3000094000008175
dataset/dataset/chute21/cam8.avi#f868-898,8,1,1,high,abrupt downward transition toward the floor,"{""class"":""FALL"",""risk"":""high"",""reason"":""abrupt downward transition toward the floor""}",1.4138811000002534
dataset/dataset/chute22/cam8.avi#f806-836,8,1,1,high,abrupt downward transition toward the floor,"{""class"":""FALL"",""risk"":""high"",""reason"":""abrupt downward transition toward the floor""}",1.4296372999997402
dataset/dataset/chute23/cam8.avi#f1662-1692,8,0,0,low,no visible uncontrolled fall transition,"{""class"":""SAFE"",""risk"":""low"",""reason"":""no visible uncontrolled fall transition""}",1.2928366000005553
dataset/dataset/chute23/cam8.avi#f3574-3604,8,1,0,low,no visible uncontrolled fall transition,"{""class"":""SAFE"",""risk"":""low"",""reason"":""no visible uncontrolled fall transition""}",1.2788079000001744
