sample,camera,label,fold1,fold2,fold3,fold4,ensemble,prediction_0p5,prediction_calibrated
dataset/dataset/chute01/cam1.avi#f1052-1082,1,0,0.31517166,0.79664248,0.02457348,0.03207474,0.29211559,0,0
dataset/dataset/chute01/cam1.avi#f1083-1113,1,1,0.75233102,0.76688349,0.40207681,0.64943576,0.64268177,1,1
dataset/dataset/chute01/cam1.avi#f1114-1144,1,0,0.93783212,0.84629011,0.71737015,0.97712892,0.86965533,1,1
dataset/dataset/chute01/cam2.avi#f1052-1082,2,0,0.19708478,0.50637120,0.05494613,0.15947892,0.22947026,0,0
dataset/dataset/chute01/cam2.avi#f1083-1113,2,1,0.92972785,0.84707975,0.85287374,0.97097909,0.90016511,1,1
dataset/dataset/chute01/cam2.avi#f1114-1144,2,0,0.06824434,0.15691495,0.08754779,0.65379661,0.24162592,0,0
dataset/dataset/chute01/cam3.avi#f1057-1087,3,0,0.23669034,0.84600282,0.01035228,0.01506888,0.27702858,0,0
dataset/dataset/chute01/cam3.avi#f1088-1118,3,1,0.98763788,0.95502716,0.97018862,0.99801266,0.97771658,1,1
dataset/dataset/chute01/cam3.avi#f1119-1149,3,0,0.99320894,0.95445865,0.98334634,0.99944931,0.98261581,1,1
dataset/dataset/chute01/cam4.avi#f1053-1083,4,0,0.36481085,0.56594604,0.05232548,0.16271944,0.28645046,0,0
dataset/dataset/chute01/cam4.avi#f1084-1114,4,1,0.99360198,0.94138277,0.98283225,0.99933690,0.97928847,1,1
dataset/dataset/chute01/cam4.avi#f1115-1145,4,0,0.98808819,0.96307272,0.94645512,0.99499208,0.97315203,1,1
dataset/dataset/chute01/cam5.avi#f1072-1102,5,0,0.07568197,0.12692228,0.01379049,0.01934207,0.05893420,0,0
dataset/dataset/chute01/cam5.avi#f1103-1133,5,1,0.40662381,0.32507014,0.44396019,0.25658956,0.35806093,0,0
dataset/dataset/chute01/cam5.avi#f1134-1164,5,0,0.75162482,0.56550491,0.19333217,0.32928756,0.45993736,0,0
dataset/dataset/chute01/cam6.avi#f1055-1085,6,0,0.85059053,0.85352445,0.59408140,0.89803886,0.79905881,1,1
dataset/dataset/chute01/cam6.avi#f1086-1116,6,1,0.98407203,0.92340446,0.97268045,0.99829131,0.96961206,1,1
dataset/dataset/chute01/cam6.avi#f1117-1147,6,0,0.99320894,0.95445865,0.98334634,0.99944931,0.98261581,1,1
dataset/dataset/chute01/cam7.avi#f1055-1085,7,0,0.08505100,0.38280654,0.03724578,0.00871178,0.12845378,0,0
dataset/dataset/chute01/cam7.avi#f1086-1116,7,1,0.92108911,0.84394407,0.91600752,0.98537236,0.91660327,1,1
dataset/dataset/chute01/cam7.avi#f1117-1147,7,0,0.99320894,0.95445865,0.98334634,0.99944931,0.98261581,1,1
dataset/dataset/chute01/cam8.avi#f1049-1079,8,0,0.52977687,0.43182474,0.14853399,0.05473490,0.29121762,0,0
dataset/dataset/chute01/cam8.avi#f1080-1110,8,1,0.30433515,0.74879581,0.35009825,0.43360311,0.45920808,0,0
dataset/dataset/chute01/cam8.avi#f1111-1141,8,0,0.98660976,0.96483272,0.95870441,0.99675971,0.97672665,1,1
dataset/dataset/chute02/cam1.avi#f369-399,1,0,0.01419879,0.39130506,0.07653193,0.03717564,0.12980285,0,0
dataset/dataset/chute02/cam1.avi#f400-430,1,1,0.96668094,0.84373140,0.96718150,0.99672359,0.94357936,1,1
dataset/dataset/chute02/cam1.avi#f430-460,1,0,0.99320894,0.95445865,0.98334634,0.99944931,0.98261581,1,1
dataset/dataset/chute02/cam2.avi#f384-414,2,0,0.00442535,0.05349505,0.06609057,0.02108547,0.03627411,0,0
dataset/dataset/chute02/cam2.avi#f415-445,2,1,0.88319981,0.55911225,0.92857826,0.98270345,0.83839844,1,1
dataset/dataset/chute02/cam2.avi#f445-475,2,0,0.99037778,0.96024376,0.98529738,0.99949861,0.98385438,1,1
dataset/dataset/chute02/cam3.avi#f344-374,3,0,0.01485227,0.00390136,0.00829649,0.00292723,0.00749434,0,0
dataset/dataset/chute02/cam3.avi#f375-405,3,1,0.97475332,0.89196813,0.87320101,0.98496073,0.93122080,1,1
dataset/dataset/chute02/cam3.avi#f405-435,3,0,0.99320894,0.95445865,0.98334634,0.99944931,0.98261581,1,1
dataset/dataset/chute02/cam4.avi#f360-390,4,0,0.02291267,0.32217172,0.00470309,0.00096679,0.08768857,0,0
dataset/dataset/chute02/cam4.avi#f391-421,4,1,0.55203450,0.35372296,0.36964670,0.44823337,0.43090938,0,0
dataset/dataset/chute02/cam4.avi#f421-451,4,0,0.98561782,0.88148612,0.82746881,0.97964913,0.91855547,1,1
dataset/dataset/chute02/cam5.avi#f362-392,5,0,0.05651345,0.12484325,0.03762371,0.03478568,0.06344152,0,0
dataset/dataset/chute02/cam5.avi#f393-423,5,1,0.96908194,0.89127785,0.27456787,0.81856698,0.73837366,1,1
dataset/dataset/chute02/cam5.avi#f423-453,5,0,0.99523181,0.98561978,0.98714429,0.99929261,0.99182212,1,1
dataset/dataset/chute02/cam6.avi#f377-407,6,0,0.06802171,0.27889758,0.05963886,0.02613963,0.10817445,0,0
dataset/dataset/chute02/cam6.avi#f408-438,6,1,0.03988528,0.09460616,0.24347888,0.30981898,0.17194733,0,0
dataset/dataset/chute02/cam6.avi#f438-468,6,0,0.26729101,0.17870760,0.11711067,0.04805929,0.15279214,0,0
dataset/dataset/chute02/cam7.avi#f377-407,7,0,0.02217644,0.41478962,0.11175188,0.04105925,0.14744430,0,0
dataset/dataset/chute02/cam7.avi#f408-438,7,1,0.05614432,0.16141540,0.12602241,0.38880268,0.18309620,0,0
dataset/dataset/chute02/cam7.avi#f438-468,7,0,0.64931768,0.70597011,0.87367761,0.97037619,0.79983540,1,1
dataset/dataset/chute02/cam8.avi#f350-380,8,0,0.02630476,0.10997668,0.03663833,0.03198957,0.05122733,0,0
dataset/dataset/chute02/cam8.avi#f381-411,8,1,0.28006688,0.46840307,0.54163545,0.84498894,0.53377359,1,0
dataset/dataset/chute02/cam8.avi#f411-441,8,0,0.99320894,0.95445865,0.98334634,0.99944931,0.98261581,1,1
dataset/dataset/chute03/cam1.avi#f572-602,1,0,0.07973816,0.69190085,0.09797635,0.04735841,0.22924344,0,0
dataset/dataset/chute03/cam1.avi#f603-633,1,1,0.13713999,0.46663466,0.06065143,0.04909981,0.17838147,0,0
dataset/dataset/chute03/cam2.avi#f576-606,2,0,0.03523045,0.43420038,0.06233291,0.04357385,0.14383440,0,0
dataset/dataset/chute03/cam2.avi#f607-637,2,1,0.17473105,0.50827897,0.44258496,0.41631639,0.38547784,0,0
dataset/dataset/chute03/cam3.avi#f568-598,3,0,0.08809071,0.36213925,0.04150531,0.07061069,0.14058649,0,0
dataset/dataset/chute03/cam3.avi#f599-629,3,1,0.62239206,0.64077693,0.75507307,0.89057648,0.72720464,1,1
dataset/dataset/chute03/cam4.avi#f576-606,4,0,0.25675076,0.08119323,0.03002302,0.04400248,0.10299237,0,0
dataset/dataset/chute03/cam4.avi#f607-637,4,1,0.63403887,0.36517408,0.49010521,0.81983238,0.57728764,1,0
dataset/dataset/chute03/cam5.avi#f595-625,5,0,0.01867932,0.31484580,0.00120853,0.00033886,0.08376813,0,0
dataset/dataset/chute03/cam5.avi#f626-656,5,1,0.03883179,0.69029421,0.00164113,0.00144474,0.18305297,0,0
dataset/dataset/chute03/cam6.avi#f580-610,6,0,0.04422833,0.07801013,0.19026361,0.04882530,0.09033184,0,0
dataset/dataset/chute03/cam6.avi#f611-641,6,1,0.82633334,0.75851041,0.86417288,0.93897694,0.84699839,1,1
dataset/dataset/chute03/cam7.avi#f580-610,7,0,0.03486770,0.03217203,0.19689274,0.04575789,0.07742259,0,0
dataset/dataset/chute03/cam7.avi#f611-641,7,1,0.11829022,0.89803779,0.94594902,0.74967521,0.67798806,1,1
dataset/dataset/chute03/cam8.avi#f560-590,8,0,0.03982087,0.06371869,0.02168148,0.00253094,0.03193799,0,0
dataset/dataset/chute03/cam8.avi#f591-621,8,1,0.23182037,0.76324618,0.00746902,0.00414213,0.25166943,0,0
dataset/dataset/chute04/cam1.avi#f329-359,1,0,0.04237470,0.33980516,0.13402757,0.12271877,0.15973155,0,0
dataset/dataset/chute04/cam1.avi#f360-390,1,1,0.97568047,0.87395400,0.94580930,0.99549198,0.94773394,1,1
dataset/dataset/chute04/cam1.avi#f391-421,1,0,0.99320894,0.95445865,0.98334634,0.99944931,0.98261581,1,1
dataset/dataset/chute04/cam1.avi#f676-706,1,1,0.99320894,0.95445865,0.98334634,0.99944931,0.98261581,1,1
dataset/dataset/chute04/cam1.avi#f707-737,1,0,0.99320894,0.95445865,0.98334634,0.99944931,0.98261581,1,1
dataset/dataset/chute04/cam2.avi#f336-366,2,0,0.00608924,0.01657305,0.04199538,0.01641686,0.02026863,0,0
dataset/dataset/chute04/cam2.avi#f367-397,2,1,0.89655077,0.50301385,0.93457240,0.97742635,0.82789084,1,1
dataset/dataset/chute04/cam2.avi#f398-428,2,0,0.99320894,0.95445865,0.98334634,0.99944931,0.98261581,1,1
dataset/dataset/chute04/cam2.avi#f683-713,2,1,0.99267685,0.95379651,0.98372513,0.99945921,0.98241442,1,1
dataset/dataset/chute04/cam2.avi#f714-744,2,0,0.99320894,0.95445865,0.98334634,0.99944931,0.98261581,1,1
dataset/dataset/chute04/cam3.avi#f335-365,3,0,0.02082013,0.00153661,0.00475005,0.00208734,0.00729853,0,0
dataset/dataset/chute04/cam3.avi#f366-396,3,1,0.91961980,0.90105623,0.41875255,0.76931971,0.75218707,1,1
dataset/dataset/chute04/cam3.avi#f397-427,3,0,0.99321049,0.95455605,0.98333067,0.99944812,0.98263633,1,1
dataset/dataset/chute04/cam3.avi#f682-712,3,1,0.98793143,0.95147759,0.98301965,0.99940038,0.98045726,1,1
dataset/dataset/chute04/cam3.avi#f713-743,3,0,0.99522913,0.94069016,0.97901034,0.99712378,0.97801335,1,1
dataset/dataset/chute04/cam4.avi#f257-287,4,0,0.03751279,0.10292389,0.00529181,0.00211222,0.03696018,0,0
dataset/dataset/chute04/cam4.avi#f288-318,4,1,0.40817487,0.25487185,0.31500688,0.33907348,0.32928177,0,0
dataset/dataset/chute04/cam4.avi#f319-349,4,0,0.99327213,0.95630586,0.98246598,0.99942255,0.98286663,1,1
dataset/dataset/chute04/cam4.avi#f604-634,4,1,0.94383001,0.89150959,0.96119505,0.99808037,0.94865376,1,1
dataset/dataset/chute04/cam4.avi#f635-665,4,0,0.99306870,0.95821959,0.98207915,0.99939549,0.98319073,1,1
dataset/dataset/chute04/cam5.avi#f325-355,5,0,0.05407106,0.12610832,0.29609254,0.09707525,0.14333679,0,0
dataset/dataset/chute04/cam5.avi#f356-386,5,1,0.96061224,0.90374696,0.10929628,0.68265623,0.66407793,1,1
dataset/dataset/chute04/cam5.avi#f387-417,5,0,0.97581869,0.89832056,0.46032029,0.91757536,0.81300873,1,1
dataset/dataset/chute04/cam5.avi#f672-702,5,1,0.98425519,0.91856825,0.46800798,0.96108443,0.83297896,1,1
dataset/dataset/chute04/cam5.avi#f703-733,5,0,0.92584741,0.73288518,0.04376937,0.16022202,0.46568100,0,0
dataset/dataset/chute04/cam6.avi#f339-369,6,0,0.02616394,0.12239377,0.07723521,0.07310928,0.07472555,0,0
dataset/dataset/chute04/cam6.avi#f370-400,6,1,0.04406152,0.10179357,0.03502858,0.09679667,0.06942009,0,0
dataset/dataset/chute04/cam6.avi#f401-431,6,0,0.28432560,0.80798411,0.70042598,0.58282584,0.59389038,1,0
dataset/dataset/chute04/cam6.avi#f686-716,6,1,0.93445271,0.96734321,0.91443235,0.98287684,0.94977628,1,1
dataset/dataset/chute04/cam6.avi#f717-747,6,0,0.31789416,0.01015216,0.05682664,0.83125079,0.30403094,0,0
dataset/dataset/chute04/cam7.avi#f340-370,7,0,0.82832754,0.78055120,0.66435248,0.91741002,0.79766031,1,1
dataset/dataset/chute04/cam7.avi#f371-401,7,1,0.06895005,0.08425555,0.05757952,0.13533013,0.08652881,0,0
dataset/dataset/chute04/cam7.avi#f402-432,7,0,0.03194690,0.00264737,0.49637216,0.15835516,0.17233040,0,0
dataset/dataset/chute04/cam7.avi#f687-717,7,1,0.11489132,0.07967682,0.50008106,0.47671905,0.29284206,0,0
dataset/dataset/chute04/cam7.avi#f718-748,7,0,0.98835981,0.93497127,0.97432864,0.99762791,0.97382191,1,1
dataset/dataset/chute04/cam8.avi#f313-343,8,0,0.09591524,0.18086372,0.02252010,0.02527892,0.08114449,0,0
dataset/dataset/chute04/cam8.avi#f344-374,8,1,0.09924872,0.09452261,0.12928174,0.41455489,0.18440199,0,0
dataset/dataset/chute04/cam8.avi#f375-405,8,0,0.99335611,0.95563567,0.98092908,0.99931490,0.98230894,1,1
dataset/dataset/chute04/cam8.avi#f660-690,8,1,0.21028967,0.71529061,0.85080105,0.97136396,0.68693632,1,1
dataset/dataset/chute04/cam8.avi#f691-721,8,0,0.99320894,0.95445865,0.98334634,0.99944931,0.98261581,1,1
dataset/dataset/chute05/cam1.avi#f326-356,1,1,0.98020101,0.94801551,0.97250938,0.99770314,0.97460726,1,1
dataset/dataset/chute05/cam1.avi#f357-387,1,0,0.99320894,0.95445865,0.98334634,0.99944931,0.98261581,1,1
dataset/dataset/chute05/cam2.avi#f333-363,2,1,0.82518995,0.87756330,0.96489221,0.99047524,0.91453017,1,1
dataset/dataset/chute05/cam2.avi#f364-394,2,0,0.99320894,0.95445865,0.98334634,0.99944931,0.98261581,1,1
dataset/dataset/chute05/cam3.avi#f314-344,3,1,0.10511257,0.41115013,0.09588014,0.26745936,0.21990055,0,0
dataset/dataset/chute05/cam3.avi#f345-375,3,0,0.95216990,0.90779865,0.49100468,0.96778035,0.82968839,1,1
dataset/dataset/chute05/cam4.avi#f320-350,4,1,0.14379776,0.60339558,0.02265424,0.04584156,0.20392229,0,0
dataset/dataset/chute05/cam4.avi#f351-381,4,0,0.79600620,0.79864115,0.58843923,0.89673674,0.76995583,1,1
dataset/dataset/chute05/cam5.avi#f327-357,5,1,0.96220940,0.72895586,0.93944091,0.99398983,0.90614900,1,1
dataset/dataset/chute05/cam5.avi#f358-388,5,0,0.98954445,0.92995739,0.89196062,0.99590391,0.95184159,1,1
dataset/dataset/chute05/cam6.avi#f335-365,6,1,0.46393144,0.82293379,0.68993318,0.80626249,0.69576523,1,1
dataset/dataset/chute05/cam6.avi#f366-396,6,0,0.99320894,0.95445865,0.98334634,0.99944931,0.98261581,1,1
dataset/dataset/chute05/cam7.avi#f337-367,7,1,0.81179184,0.82052934,0.88123274,0.97845447,0.87300210,1,1
dataset/dataset/chute05/cam7.avi#f368-398,7,0,0.99320894,0.95445865,0.98334634,0.99944931,0.98261581,1,1
dataset/dataset/chute05/cam8.avi#f309-339,8,1,0.72870910,0.60865414,0.74098611,0.97527415,0.76340587,1,1
dataset/dataset/chute05/cam8.avi#f340-370,8,0,0.99320894,0.95445865,0.98334634,0.99944931,0.98261581,1,1
dataset/dataset/chute06/cam1.avi#f532-562,1,0,0.09075832,0.20288724,0.00144113,0.00088472,0.07399285,0,0
dataset/dataset/chute06/cam1.avi#f583-613,1,1,0.09162166,0.64932400,0.01285529,0.00466383,0.18961619,0,0
dataset/dataset/chute06/cam1.avi#f603-633,1,1,0.08458948,0.86155593,0.02734987,0.06146357,0.25873972,0,0
dataset/dataset/chute06/cam1.avi#f640-670,1,0,0.50821823,0.36934280,0.78341973,0.85190463,0.62822135,1,0
dataset/dataset/chute06/cam2.avi#f632-662,2,0,0.17069893,0.85200071,0.07627460,0.05530517,0.28856985,0,0
dataset/dataset/chute06/cam2.avi#f683-713,2,1,0.13824618,0.40879986,0.00765222,0.02867994,0.14584455,0,0
dataset/dataset/chute06/cam2.avi#f703-733,2,1,0.39617491,0.57322007,0.37396559,0.44948599,0.44821164,0,0
dataset/dataset/chute06/cam2.avi#f740-770,2,0,0.00001686,0.00464993,0.00314985,0.00194485,0.00244037,0,0
dataset/dataset/chute06/cam3.avi#f638-668,3,0,0.98991299,0.93205500,0.93736029,0.99880970,0.96453449,1,1
dataset/dataset/chute06/cam3.avi#f689-719,3,1,0.07869691,0.80652463,0.01651687,0.00648987,0.22705707,0,0
dataset/dataset/chute06/cam3.avi#f709-739,3,1,0.95410287,0.95778877,0.92723870,0.98943818,0.95714213,1,1
dataset/dataset/chute06/cam3.avi#f746-776,3,0,0.99320894,0.95445865,0.98334634,0.99944931,0.98261581,1,1
dataset/dataset/chute06/cam4.avi#f622-652,4,0,0.19537969,0.83251190,0.07322822,0.06804287,0.29229067,0,0
dataset/dataset/chute06/cam4.avi#f673-703,4,1,0.07363561,0.87821072,0.01694145,0.00600160,0.24369734,0,0
dataset/dataset/chute06/cam4.avi#f693-723,4,1,0.95845556,0.95408076,0.92785984,0.98909563,0.95737295,1,1
dataset/dataset/chute06/cam4.avi#f730-760,4,0,0.99320894,0.95445865,0.98334634,0.99944931,0.98261581,1,1
dataset/dataset/chute06/cam5.avi#f622-652,5,0,0.01206769,0.38277668,0.19121698,0.02573952,0.15295021,0,0
dataset/dataset/chute06/cam5.avi#f673-703,5,1,0.10019796,0.08379500,0.00628294,0.00367221,0.04848703,0,0
dataset/dataset/chute06/cam5.avi#f693-723,5,1,0.34796622,0.53655589,0.39454880,0.26900148,0.38701810,0,0
dataset/dataset/chute06/cam5.avi#f730-760,5,0,0.01905566,0.05813159,0.00212856,0.00098591,0.02007543,0,0
dataset/dataset/chute06/cam6.avi#f635-665,6,0,0.00886678,0.18444510,0.03700189,0.01951536,0.06245728,0,0
dataset/dataset/chute06/cam6.avi#f686-716,6,1,0.83255178,0.97208279,0.88505727,0.92998695,0.90491970,1,1
dataset/dataset/chute06/cam6.avi#f706-736,6,1,0.99320894,0.95445865,0.98334634,0.99944931,0.98261581,1,1
dataset/dataset/chute06/cam6.avi#f743-773,6,0,0.99320894,0.95445865,0.98334634,0.99944931,0.98261581,1,1
dataset/dataset/chute06/cam7.avi#f635-665,7,0,0.02480937,0.01964151,0.07313322,0.03138625,0.03724258,0,0
dataset/dataset/chute06/cam7.avi#f686-716,7,1,0.04439366,0.89350957,0.62712538,0.20571111,0.44268493,0,0
dataset/dataset/chute06/cam7.avi#f706-736,7,1,0.39464056,0.96322346,0.75749660,0.94513422,0.76512371,1,1
dataset/dataset/chute06/cam7.avi#f743-773,7,0,0.93521130,0.53600073,0.68194228,0.92396641,0.76928018,1,1
dataset/dataset/chute06/cam8.avi#f621-651,8,0,0.01817748,0.38946086,0.26049986,0.03830687,0.17661127,0,0
dataset/dataset/chute06/cam8.avi#f672-702,8,1,0.08545896,0.17165126,0.00886867,0.02057446,0.07163834,0,0
dataset/dataset/chute06/cam8.avi#f692-722,8,1,0.08895445,0.64528638,0.03871802,0.04172809,0.20367174,0,0
dataset/dataset/chute06/cam8.avi#f729-759,8,0,0.99176157,0.95613343,0.97716820,0.99909449,0.98103942,1,1
dataset/dataset/chute07/cam1.avi#f473-503,1,0,0.16837759,0.59876680,0.07202733,0.06196617,0.22528448,0,0
dataset/dataset/chute07/cam1.avi#f504-534,1,1,0.78499413,0.70421898,0.86852294,0.93748897,0.82380626,1,1
dataset/dataset/chute07/cam2.avi#f460-490,2,0,0.08805358,0.69283384,0.07144880,0.04302863,0.22384121,0,0
dataset/dataset/chute07/cam2.avi#f491-521,2,1,0.69171071,0.44594276,0.94484311,0.94574130,0.75705947,1,1
dataset/dataset/chute07/cam3.avi#f460-490,3,0,0.06992897,0.91676199,0.00457136,0.00334718,0.24865238,0,0
dataset/dataset/chute07/cam3.avi#f491-521,3,1,0.54058969,0.79953212,0.03428517,0.03009911,0.35112652,0,0
dataset/dataset/chute07/cam4.avi#f445-475,4,0,0.07481228,0.91421419,0.00686294,0.00530753,0.25029923,0,0
dataset/dataset/chute07/cam4.avi#f476-506,4,1,0.11542787,0.78809315,0.02475318,0.00772301,0.23399930,0,0
dataset/dataset/chute07/cam5.avi#f463-493,5,0,0.18942527,0.09263921,0.02084036,0.02497514,0.08197000,0,0
dataset/dataset/chute07/cam5.avi#f494-524,5,1,0.99453956,0.97814184,0.98416024,0.99922597,0.98901691,1,1
dataset/dataset/chute07/cam6.avi#f463-493,6,0,0.43129447,0.97249675,0.79098052,0.13165754,0.58160732,1,0
dataset/dataset/chute07/cam6.avi#f494-524,6,1,0.01950479,0.26118541,0.08320153,0.13724427,0.12528400,0,0
dataset/dataset/chute07/cam7.avi#f463-493,7,0,0.04753264,0.77127218,0.01254671,0.01695100,0.21207563,0,0
dataset/dataset/chute07/cam7.avi#f494-524,7,1,0.03100146,0.15229130,0.07690273,0.11166289,0.09296460,0,0
dataset/dataset/chute07/cam8.avi#f463-493,8,0,0.06437885,0.25953785,0.00561853,0.01483368,0.08609223,0,0
dataset/dataset/chute07/cam8.avi#f494-524,8,1,0.02390361,0.08845240,0.03283687,0.04559493,0.04769695,0,0
dataset/dataset/chute08/cam1.avi#f332-362,1,0,0.01750154,0.50773239,0.30634886,0.23051678,0.26552489,0,0
dataset/dataset/chute08/cam1.avi#f363-393,1,1,0.49482867,0.34257865,0.79480243,0.96462923,0.64920975,1,1
dataset/dataset/chute08/cam2.avi#f319-349,2,0,0.03844960,0.54319078,0.13921909,0.04418832,0.19126195,0,0
dataset/dataset/chute08/cam2.avi#f350-380,2,1,0.95444137,0.82152271,0.94178879,0.99483418,0.92814676,1,1
dataset/dataset/chute08/cam3.avi#f240-270,3,0,0.10059114,0.01393027,0.01024425,0.00450431,0.03231749,0,0
dataset/dataset/chute08/cam3.avi#f271-301,3,1,0.95847785,0.94294274,0.94865513,0.99384588,0.96098040,1,1
dataset/dataset/chute08/cam4.avi#f321-351,4,0,0.03035222,0.04051321,0.00057978,0.00005985,0.01787626,0,0
dataset/dataset/chute08/cam4.avi#f352-382,4,1,0.97364455,0.84231371,0.79408491,0.97054344,0.89514665,1,1
dataset/dataset/chute08/cam5.avi#f304-334,5,0,0.02300939,0.05597207,0.02512012,0.02230296,0.03160113,0,0
dataset/dataset/chute08/cam5.avi#f335-365,5,1,0.13778031,0.36471111,0.72248715,0.90753174,0.53312758,1,0
dataset/dataset/chute08/cam6.avi#f321-351,6,0,0.11195115,0.28520900,0.00605991,0.00861903,0.10295977,0,0
dataset/dataset/chute08/cam6.avi#f352-382,6,1,0.91211849,0.73878878,0.70552313,0.91999727,0.81910692,1,1
dataset/dataset/chute08/cam7.avi#f321-351,7,0,0.00617591,0.65155530,0.05686444,0.02481646,0.18485303,0,0
dataset/dataset/chute08/cam7.avi#f352-382,7,1,0.15576705,0.21146083,0.16183324,0.01674861,0.13645243,0,0
dataset/dataset/chute08/cam8.avi#f296-326,8,0,0.00261550,0.33005050,0.01893729,0.00488319,0.08912162,0,0
dataset/dataset/chute08/cam8.avi#f327-357,8,1,0.01126317,0.17723031,0.03214831,0.01857783,0.05980491,0,0
dataset/dataset/chute09/cam1.avi#f612-642,1,0,0.01863411,0.01882116,0.00913824,0.00132244,0.01197899,0,0
dataset/dataset/chute09/cam1.avi#f643-673,1,1,0.05553517,0.46873716,0.00963503,0.00280331,0.13417767,0,0
dataset/dataset/chute09/cam1.avi#f674-704,1,0,0.09438892,0.01947247,0.01158484,0.02867602,0.03853056,0,0
dataset/dataset/chute09/cam2.avi#f603-633,2,0,0.47639665,0.33566865,0.32200420,0.46439743,0.39961673,0,0
dataset/dataset/chute09/cam2.avi#f634-664,2,1,0.48495597,0.87685788,0.38153106,0.52562672,0.56724291,1,0
dataset/dataset/chute09/cam2.avi#f665-695,2,0,0.99320894,0.95445865,0.98334634,0.99944931,0.98261581,1,1
dataset/dataset/chute09/cam3.avi#f594-624,3,0,0.97124666,0.84903771,0.92290747,0.99061877,0.93345265,1,1
dataset/dataset/chute09/cam3.avi#f625-655,3,1,0.69397372,0.66719627,0.78347814,0.97532946,0.77999440,1,1
dataset/dataset/chute09/cam3.avi#f656-686,3,0,0.99320894,0.95445865,0.98334634,0.99944931,0.98261581,1,1
dataset/dataset/chute09/cam4.avi#f612-642,4,0,0.99282312,0.95808381,0.98147982,0.99940491,0.98294792,1,1
dataset/dataset/chute09/cam4.avi#f643-673,4,1,0.91780847,0.80016917,0.88926244,0.99118364,0.89960593,1,1
dataset/dataset/chute09/cam4.avi#f674-704,4,0,0.99157691,0.95476192,0.97003382,0.99804580,0.97860461,1,1
dataset/dataset/chute09/cam5.avi#f606-636,5,0,0.05273848,0.00264123,0.00065129,0.00131155,0.01433564,0,0
dataset/dataset/chute09/cam5.avi#f637-667,5,1,0.40154663,0.56925511,0.13502322,0.18295768,0.32219566,0,0
dataset/dataset/chute09/cam5.avi#f668-698,5,0,0.99320894,0.95445865,0.98334634,0.99944931,0.98261581,1,1
dataset/dataset/chute09/cam6.avi#f606-636,6,0,0.99004936,0.90609604,0.95623314,0.99755609,0.96248366,1,1
dataset/dataset/chute09/cam6.avi#f637-667,6,1,0.89107454,0.88196719,0.85791236,0.96521717,0.89904281,1,1
dataset/dataset/chute09/cam6.avi#f668-698,6,0,0.99320894,0.95445865,0.98334634,0.99944931,0.98261581,1,1
dataset/dataset/chute09/cam7.avi#f606-636,7,0,0.99062598,0.90900320,0.80310363,0.98897028,0.92292577,1,1
dataset/dataset/chute09/cam7.avi#f637-667,7,1,0.51462287,0.75683129,0.92038983,0.95958406,0.78785701,1,1
dataset/dataset/chute09/cam7.avi#f668-698,7,0,0.99320894,0.95445865,0.98334634,0.99944931,0.98261581,1,1
dataset/dataset/chute09/cam8.avi#f594-624,8,0,0.01739521,0.04819459,0.00586477,0.01982994,0.02282113,0,0
dataset/dataset/chute09/cam8.avi#f625-655,8,1,0.40584677,0.96950233,0.89356798,0.83182704,0.77518603,1,1
dataset/dataset/chute09/cam8.avi#f656-686,8,0,0.99320894,0.95445865,0.98334634,0.99944931,0.98261581,1,1
dataset/dataset/chute10/cam1.avi#f499-529,1,0,0.01930100,0.19975950,0.01480729,0.06376086,0.07440716,0,0
dataset/dataset/chute10/cam1.avi#f520-550,1,1,0.08162858,0.51969993,0.08375192,0.03800773,0.18077204,0,0
dataset/dataset/chute10/cam1.avi#f551-581,1,0,0.00220415,0.01619369,0.00416779,0.10922477,0.03294760,0,0
dataset/dataset/chute10/cam2.avi#f499-529,2,0,0.05511924,0.25938937,0.04142200,0.01563443,0.09289126,0,0
dataset/dataset/chute10/cam2.avi#f520-550,2,1,0.37661457,0.20731750,0.14595352,0.03755724,0.19186071,0,0
dataset/dataset/chute10/cam2.avi#f551-581,2,0,0.99612010,0.05055506,0.00450437,0.33652243,0.34692549,0,0
dataset/dataset/chute10/cam3.avi#f504-534,3,0,0.18544102,0.52870369,0.21897006,0.05228566,0.24635011,0,0
dataset/dataset/chute10/cam3.avi#f525-555,3,1,0.96010244,0.86707669,0.95675850,0.99370664,0.94441107,1,1
dataset/dataset/chute10/cam3.avi#f556-586,3,0,0.99320894,0.95445865,0.98334634,0.99944931,0.98261581,1,1
dataset/dataset/chute10/cam4.avi#f518-548,4,0,0.02468695,0.42166170,0.23740050,0.31922334,0.25074312,0,0
dataset/dataset/chute10/cam4.avi#f539-569,4,1,0.96288049,0.93897611,0.97500801,0.99768043,0.96863626,1,1
dataset/dataset/chute10/cam4.avi#f570-600,4,0,0.99320894,0.95445865,0.98334634,0.99944931,0.98261581,1,1
dataset/dataset/chute10/cam5.avi#f497-527,5,0,0.06209790,0.15817478,0.01929600,0.02029407,0.06496569,0,0
dataset/dataset/chute10/cam5.avi#f518-548,5,1,0.06230953,0.02635711,0.09680258,0.09623665,0.07042647,0,0
dataset/dataset/chute10/cam5.avi#f549-579,5,0,0.16895360,0.01000744,0.06004964,0.06192868,0.07523484,0,0
dataset/dataset/chute10/cam6.avi#f502-532,6,0,0.04460249,0.67122179,0.44772971,0.61321336,0.44419184,0,0
dataset/dataset/chute10/cam6.avi#f523-553,6,1,0.99001932,0.96642917,0.98448110,0.99909306,0.98500566,1,1
dataset/dataset/chute10/cam6.avi#f554-584,6,0,0.99320894,0.95445865,0.98334634,0.99944931,0.98261581,1,1
dataset/dataset/chute10/cam7.avi#f504-534,7,0,0.04137307,0.22070141,0.07241733,0.25197107,0.14661572,0,0
dataset/dataset/chute10/cam7.avi#f525-555,7,1,0.96054858,0.86623746,0.94525075,0.99015826,0.94054876,1,1
dataset/dataset/chute10/cam7.avi#f556-586,7,0,0.95706582,0.95496607,0.01124388,0.05676001,0.49500894,0,0
dataset/dataset/chute10/cam8.avi#f485-515,8,0,0.03612759,0.01971475,0.16302210,0.15922873,0.09452329,0,0
dataset/dataset/chute10/cam8.avi#f506-536,8,1,0.04922421,0.14162520,0.05071758,0.08389641,0.08136585,0,0
dataset/dataset/chute10/cam8.avi#f537-567,8,0,0.14709096,0.17497259,0.18683416,0.29276788,0.20041640,0,0
dataset/dataset/chute11/cam1.avi#f454-484,1,0,0.02626531,0.10125584,0.06227748,0.03665350,0.05661303,0,0
dataset/dataset/chute11/cam1.avi#f485-515,1,1,0.11153340,0.82872558,0.57645059,0.81581819,0.58313194,1,0
dataset/dataset/chute11/cam1.avi#f516-546,1,0,0.92269534,0.69775265,0.71051508,0.97206503,0.82575703,1,1
dataset/dataset/chute11/cam2.avi#f435-465,2,0,0.00192212,0.03273495,0.31275138,0.05505044,0.10061472,0,0
dataset/dataset/chute11/cam2.avi#f466-496,2,1,0.02297604,0.27065253,0.04115413,0.01264078,0.08685587,0,0
dataset/dataset/chute11/cam2.avi#f497-527,2,0,0.44882894,0.41477954,0.01150811,0.05117648,0.23157327,0,0
dataset/dataset/chute11/cam3.avi#f451-481,3,0,0.04392820,0.02565887,0.00250226,0.00113502,0.01830609,0,0
dataset/dataset/chute11/cam3.avi#f482-512,3,1,0.10093824,0.62601596,0.02001393,0.01779098,0.19118978,0,0
dataset/dataset/chute11/cam3.avi#f513-543,3,0,0.99320894,0.95445865,0.98334634,0.99944931,0.98261581,1,1
dataset/dataset/chute11/cam4.avi#f445-475,4,0,0.01357903,0.18054573,0.00524522,0.00090006,0.05006751,0,0
dataset/dataset/chute11/cam4.avi#f476-506,4,1,0.73445499,0.46002916,0.42984515,0.71595329,0.58507065,1,0
dataset/dataset/chute11/cam4.avi#f507-537,4,0,0.99320894,0.95445865,0.98334634,0.99944931,0.98261581,1,1
dataset/dataset/chute11/cam5.avi#f431-461,5,0,0.01874646,0.09804566,0.02598073,0.02041550,0.04079709,0,0
dataset/dataset/chute11/cam5.avi#f462-492,5,1,0.91584820,0.63871336,0.02929787,0.10718405,0.42276087,0,0
dataset/dataset/chute11/cam5.avi#f493-523,5,0,0.82853526,0.63083887,0.01799499,0.11493896,0.39807702,0,0
dataset/dataset/chute11/cam6.avi#f437-467,6,0,0.06912486,0.70442301,0.07407711,0.06540813,0.22825828,0,0
dataset/dataset/chute11/cam6.avi#f468-498,6,1,0.76492971,0.32486361,0.90900636,0.96508449,0.74097104,1,1
dataset/dataset/chute11/cam6.avi#f499-529,6,0,0.99320894,0.95445865,0.98334634,0.99944931,0.98261581,1,1
dataset/dataset/chute11/cam7.avi#f437-467,7,0,0.00781493,0.46396360,0.05391701,0.04091512,0.14165266,0,0
dataset/dataset/chute11/cam7.avi#f468-498,7,1,0.60219949,0.73382670,0.56240684,0.86549813,0.69098279,1,1
dataset/dataset/chute11/cam7.avi#f499-529,7,0,0.99320894,0.95445865,0.98334634,0.99944931,0.98261581,1,1
dataset/dataset/chute11/cam8.avi#f443-473,8,0,0.00908916,0.29778910,0.02499364,0.02510841,0.08924508,0,0
dataset/dataset/chute11/cam8.avi#f474-504,8,1,0.60779130,0.75584561,0.34856352,0.69995755,0.60303950,1,0
dataset/dataset/chute11/cam8.avi#f505-535,8,0,0.77890939,0.98143357,0.32363287,0.49980599,0.64594545,1,1
dataset/dataset/chute12/cam1.avi#f590-620,1,0,0.11347822,0.89713389,0.00231918,0.00482919,0.25444012,0,0
dataset/dataset/chute12/cam1.avi#f621-651,1,1,0.03971999,0.09787489,0.00555331,0.01178198,0.03873254,0,0
dataset/dataset/chute12/cam1.avi#f649-679,1,1,0.69745404,0.45687729,0.82092410,0.96004707,0.73382562,1,1
dataset/dataset/chute12/cam2.avi#f575-605,2,0,0.09148376,0.52121913,0.00160999,0.00215633,0.15411730,0,0
dataset/dataset/chute12/cam2.avi#f606-636,2,1,0.16583292,0.08859839,0.00933212,0.02594874,0.07242804,0,0
dataset/dataset/chute12/cam2.avi#f634-664,2,1,0.80546236,0.33773601,0.76473838,0.95590472,0.71596037,1,1
dataset/dataset/chute12/cam3.avi#f582-612,3,0,0.16153777,0.33585712,0.00347587,0.01252370,0.12834862,0,0
dataset/dataset/chute12/cam3.avi#f613-643,3,1,0.15945496,0.77747911,0.02105596,0.01814731,0.24403433,0,0
dataset/dataset/chute12/cam3.avi#f641-671,3,1,0.86303890,0.37112352,0.71465647,0.95112997,0.72498722,1,1
dataset/dataset/chute12/cam4.avi#f577-607,4,0,0.46309108,0.56963193,0.40529546,0.32793167,0.44148754,0,0
dataset/dataset/chute12/cam4.avi#f608-638,4,1,0.13278374,0.25616643,0.01089209,0.00354301,0.10084632,0,0
dataset/dataset/chute12/cam4.avi#f636-666,4,1,0.97538912,0.90516144,0.97493374,0.99790597,0.96334757,1,1
dataset/dataset/chute12/cam5.avi#f569-599,5,0,0.13431230,0.81349021,0.05479069,0.03984520,0.26060960,0,0
dataset/dataset/chute12/cam5.avi#f600-630,5,1,0.07623833,0.08349045,0.00755286,0.02324995,0.04763290,0,0
dataset/dataset/chute12/cam5.avi#f628-658,5,1,0.87611133,0.64708000,0.01088707,0.04462327,0.39467542,0,0
dataset/dataset/chute12/cam6.avi#f572-602,6,0,0.25660902,0.04867178,0.92423862,0.25480032,0.37107994,0,0
dataset/dataset/chute12/cam6.avi#f603-633,6,1,0.07071828,0.04831732,0.00299115,0.00068946,0.03067905,0,0
dataset/dataset/chute12/cam6.avi#f631-661,6,1,0.66859317,0.50811088,0.84131283,0.88834530,0.72659054,1,1
dataset/dataset/chute12/cam7.avi#f576-606,7,0,0.03612489,0.08180764,0.08147294,0.04654437,0.06148746,0,0
dataset/dataset/chute12/cam7.avi#f607-637,7,1,0.10592012,0.12471353,0.10350017,0.04471174,0.09471139,0,0
dataset/dataset/chute12/cam7.avi#f635-665,7,1,0.02276235,0.02907817,0.08859711,0.02766001,0.04202441,0,0
dataset/dataset/chute12/cam8.avi#f569-599,8,0,0.11199041,0.78691638,0.02161471,0.01098737,0.23287721,0,0
dataset/dataset/chute12/cam8.avi#f600-630,8,1,0.02228611,0.20222306,0.13034227,0.06384804,0.10467487,0,0
dataset/dataset/chute12/cam8.avi#f628-658,8,1,0.20712262,0.24327372,0.88605583,0.85638165,0.54820846,1,0
dataset/dataset/chute13/cam1.avi#f703-733,1,0,0.46548694,0.07243928,0.81285346,0.97769701,0.58211917,1,0
dataset/dataset/chute13/cam1.avi#f844-874,1,1,0.01050608,0.33735111,0.00285373,0.00211304,0.08820599,0,0
dataset/dataset/chute13/cam2.avi#f720-750,2,0,0.02905203,0.08492496,0.09225205,0.07375133,0.06999509,0,0
dataset/dataset/chute13/cam2.avi#f861-891,2,1,0.32148874,0.65200990,0.03151119,0.03878031,0.26094753,0,0
dataset/dataset/chute13/cam3.avi#f687-717,3,0,0.99320894,0.95445865,0.98334634,0.99944931,0.98261581,1,1
dataset/dataset/chute13/cam3.avi#f828-858,3,1,0.82164979,0.81706965,0.79075468,0.84883159,0.81957643,1,1
dataset/dataset/chute13/cam4.avi#f694-724,4,0,0.99294585,0.95582891,0.98204893,0.99941993,0.98256090,1,1
dataset/dataset/chute13/cam4.avi#f835-865,4,1,0.86603051,0.67608583,0.87972599,0.97015923,0.84800039,1,1
dataset/dataset/chute13/cam5.avi#f714-744,5,0,0.95947450,0.87574351,0.28946531,0.81852722,0.73580264,1,1
dataset/dataset/chute13/cam5.avi#f855-885,5,1,0.00714688,0.40630913,0.02407666,0.01677908,0.11357794,0,0
dataset/dataset/chute13/cam6.avi#f714-744,6,0,0.99320894,0.95445865,0.98334634,0.99944931,0.98261581,1,1
dataset/dataset/chute13/cam6.avi#f855-885,6,1,0.48825011,0.28465426,0.60481215,0.85559678,0.55832832,1,0
dataset/dataset/chute13/cam7.avi#f723-753,7,0,0.99320894,0.95445865,0.98334634,0.99944931,0.98261581,1,1
dataset/dataset/chute13/cam7.avi#f864-894,7,1,0.21192114,0.12921496,0.16635542,0.50193638,0.25235697,0,0
dataset/dataset/chute13/cam8.avi#f700-730,8,0,0.94081265,0.28757796,0.10952041,0.84217238,0.54502085,1,0
dataset/dataset/chute13/cam8.avi#f841-871,8,1,0.00926835,0.37322941,0.20052275,0.08298606,0.16650164,0,0
dataset/dataset/chute14/cam1.avi#f1040-1070,1,1,0.15256499,0.76838744,0.00667250,0.01498538,0.23565258,0,0
dataset/dataset/chute14/cam1.avi#f1071-1101,1,0,0.00820168,0.00664903,0.02230752,0.04725283,0.02110276,0,0
dataset/dataset/chute14/cam2.avi#f1027-1057,2,1,0.98606318,0.96671516,0.97808915,0.99904960,0.98247927,1,1
dataset/dataset/chute14/cam2.avi#f1058-1088,2,0,0.00024697,0.00040014,0.08637430,0.03034260,0.02934100,0,0
dataset/dataset/chute14/cam3.avi#f1029-1059,3,1,0.82058531,0.83707458,0.89764524,0.93441582,0.87243024,1,1
dataset/dataset/chute14/cam3.avi#f1060-1090,3,0,0.99320894,0.95445865,0.98334634,0.99944931,0.98261581,1,1
dataset/dataset/chute14/cam4.avi#f991-1021,4,1,0.95583135,0.81825703,0.90662277,0.98264343,0.91583864,1,1
dataset/dataset/chute14/cam4.avi#f1022-1052,4,0,0.99290586,0.95887506,0.98190558,0.99939847,0.98327124,1,1
dataset/dataset/chute14/cam5.avi#f1019-1049,5,1,0.02603089,0.20608205,0.02335588,0.00671885,0.06554692,0,0
dataset/dataset/chute14/cam5.avi#f1050-1080,5,0,0.86062682,0.83846837,0.48915267,0.87877494,0.76675570,1,1
dataset/dataset/chute14/cam6.avi#f1019-1049,6,1,0.20483422,0.27737597,0.39084822,0.47522604,0.33707111,0,0
dataset/dataset/chute14/cam6.avi#f1050-1080,6,0,0.99320894,0.95445865,0.98334634,0.99944931,0.98261581,1,1
dataset/dataset/chute14/cam7.avi#f998-1028,7,1,0.04405639,0.10279106,0.46133980,0.56866181,0.29421227,0,0
dataset/dataset/chute14/cam7.avi#f1029-1059,7,0,0.99320894,0.95445865,0.98334634,0.99944931,0.98261581,1,1
dataset/dataset/chute14/cam8.avi#f1005-1035,8,1,0.01753004,0.22654484,0.21578953,0.03753112,0.12434888,0,0
dataset/dataset/chute14/cam8.avi#f1036-1066,8,0,0.87084883,0.98236644,0.19301306,0.49407855,0.63507672,1,1
dataset/dataset/chute15/cam1.avi#f739-769,1,0,0.06826194,0.89152545,0.01324681,0.00713210,0.24504157,0,0
dataset/dataset/chute15/cam1.avi#f770-800,1,1,0.87367898,0.92179054,0.88078511,0.94980818,0.90651570,1,1
dataset/dataset/chute15/cam2.avi#f743-773,2,0,0.09019099,0.97857821,0.55507600,0.04088514,0.41618259,0,0
dataset/dataset/chute15/cam2.avi#f774-804,2,1,0.87366861,0.91445488,0.84886521,0.96823084,0.90130489,1,1
dataset/dataset/chute15/cam3.avi#f743-773,3,0,0.30136007,0.58054316,0.02630467,0.05530358,0.24087787,0,0
dataset/dataset/chute15/cam3.avi#f774-804,3,1,0.66743815,0.81275415,0.44888383,0.90078598,0.70746553,1,1
dataset/dataset/chute15/cam4.avi#f739-769,4,0,0.28544745,0.14053707,0.01181186,0.03864865,0.11911126,0,0
dataset/dataset/chute15/cam4.avi#f770-800,4,1,0.92133677,0.64524150,0.84779531,0.98270172,0.84926882,1,1
dataset/dataset/chute15/cam5.avi#f758-788,5,0,0.01530068,0.56428313,0.00196162,0.00037173,0.14547929,0,0
dataset/dataset/chute15/cam5.avi#f789-819,5,1,0.80532181,0.66360134,0.00818590,0.04056007,0.37941728,0,0
dataset/dataset/chute15/cam6.avi#f764-794,6,0,0.04273739,0.30620241,0.03295881,0.00745318,0.09733795,0,0
dataset/dataset/chute15/cam6.avi#f795-825,6,1,0.77327710,0.38587859,0.91534531,0.94774485,0.75556146,1,1
dataset/dataset/chute15/cam7.avi#f747-777,7,0,0.01323227,0.76077002,0.15778327,0.05996834,0.24793848,0,0
dataset/dataset/chute15/cam7.avi#f778-808,7,1,0.14913779,0.02377339,0.23960426,0.07239753,0.12122825,0,0
dataset/dataset/chute15/cam8.avi#f724-754,8,0,0.08941445,0.61042106,0.00114889,0.00238278,0.17584179,0,0
dataset/dataset/chute15/cam8.avi#f755-785,8,1,0.07096805,0.12001824,0.02164269,0.02330493,0.05898348,0,0
dataset/dataset/chute16/cam1.avi#f403-433,1,0,0.02475168,0.15174684,0.28125799,0.09656674,0.13858081,0,0
dataset/dataset/chute16/cam1.avi#f841-871,1,0,0.35806689,0.31229651,0.31138498,0.31136549,0.32327846,0,0
dataset/dataset/chute16/cam1.avi#f919-949,1,1,0.01931200,0.13259590,0.00945534,0.00610155,0.04186620,0,0
dataset/dataset/chute16/cam2.avi#f409-439,2,0,0.98832071,0.84967756,0.13516387,0.97093290,0.73602376,1,1
dataset/dataset/chute16/cam2.avi#f847-877,2,0,0.32179046,0.32891357,0.73678076,0.71315581,0.52516015,1,0
dataset/dataset/chute16/cam2.avi#f925-955,2,1,0.20610294,0.46297461,0.81949776,0.35880947,0.46184620,0,0
dataset/dataset/chute16/cam3.avi#f380-410,3,0,0.02898280,0.02070140,0.00649842,0.02157326,0.01943897,0,0
dataset/dataset/chute16/cam3.avi#f818-848,3,0,0.47402206,0.52385110,0.43307763,0.57884276,0.50244839,1,0
dataset/dataset/chute16/cam3.avi#f896-926,3,1,0.16918164,0.58710361,0.75055802,0.90542436,0.60306691,1,0
dataset/dataset/chute16/cam4.avi#f382-412,4,0,0.01470091,0.05004063,0.01128522,0.00094811,0.01924372,0,0
dataset/dataset/chute16/cam4.avi#f820-850,4,0,0.99267310,0.95139062,0.97842377,0.99914861,0.98040903,1,1
dataset/dataset/chute16/cam4.avi#f898-928,4,1,0.89067453,0.77775741,0.89204603,0.97992021,0.88509955,1,1
dataset/dataset/chute16/cam5.avi#f392-422,5,0,0.02240397,0.04553276,0.02743609,0.05152987,0.03672567,0,0
dataset/dataset/chute16/cam5.avi#f830-860,5,0,0.26209334,0.01064369,0.00176246,0.00232764,0.06920678,0,0
dataset/dataset/chute16/cam5.avi#f908-938,5,1,0.04785414,0.75839418,0.00138861,0.00151300,0.20228748,0,0
dataset/dataset/chute16/cam6.avi#f389-419,6,0,0.06398670,0.29800534,0.03211679,0.05038353,0.11112309,0,0
dataset/dataset/chute16/cam6.avi#f827-857,6,0,0.65616256,0.22690633,0.60398388,0.87989342,0.59173655,1,0
dataset/dataset/chute16/cam6.avi#f905-935,6,1,0.63996786,0.71883851,0.94398624,0.98715508,0.82248692,1,1
dataset/dataset/chute16/cam7.avi#f383-413,7,0,0.00725717,0.14115442,0.02236022,0.05674218,0.05687850,0,0
dataset/dataset/chute16/cam7.avi#f821-851,7,0,0.00993706,0.00164825,0.03619474,0.02428026,0.01801507,0,0
dataset/dataset/chute16/cam7.avi#f899-929,7,1,0.10103257,0.90596646,0.92915571,0.72660410,0.66568971,1,1
dataset/dataset/chute16/cam8.avi#f383-413,8,0,0.04479935,0.28286356,0.02328312,0.06213870,0.10327118,0,0
dataset/dataset/chute16/cam8.avi#f821-851,8,0,0.68020177,0.04142284,0.00131417,0.06503555,0.19699358,0,0
dataset/dataset/chute16/cam8.avi#f899-929,8,1,0.15094353,0.43870273,0.00511051,0.00190410,0.14916522,0,0
dataset/dataset/chute17/cam1.avi#f362-392,1,0,0.11784595,0.74430871,0.00285050,0.00615824,0.21779085,0,0
dataset/dataset/chute17/cam1.avi#f756-786,1,1,0.96762991,0.94048226,0.96338230,0.99227637,0.96594271,1,1
dataset/dataset/chute17/cam2.avi#f367-397,2,0,0.17730913,0.22584234,0.01659742,0.00270064,0.10561238,0,0
dataset/dataset/chute17/cam2.avi#f761-791,2,1,0.91548228,0.83267999,0.91854906,0.89371014,0.89010537,1,1
dataset/dataset/chute17/cam3.avi#f356-386,3,0,0.05685884,0.90439898,0.75261337,0.36867690,0.52063702,1,0
dataset/dataset/chute17/cam3.avi#f750-780,3,1,0.28885391,0.57942790,0.84537065,0.94638652,0.66500974,1,1
dataset/dataset/chute17/cam4.avi#f341-371,4,0,0.71121901,0.79409069,0.85880554,0.98825860,0.83809346,1,1
dataset/dataset/chute17/cam4.avi#f735-765,4,1,0.67602593,0.74693567,0.71825957,0.94064879,0.77046749,1,1
dataset/dataset/chute17/cam5.avi#f351-381,5,0,0.65475684,0.72116727,0.00592755,0.02006727,0.35047973,0,0
dataset/dataset/chute17/cam5.avi#f745-775,5,1,0.05304735,0.03458323,0.00651429,0.00065930,0.02370104,0,0
dataset/dataset/chute17/cam6.avi#f341-371,6,0,0.96644855,0.87624693,0.91946715,0.99492490,0.93927188,1,1
dataset/dataset/chute17/cam6.avi#f735-765,6,1,0.97455287,0.92233962,0.97372299,0.99849999,0.96727887,1,1
dataset/dataset/chute17/cam7.avi#f370-400,7,0,0.41755134,0.89504403,0.08447687,0.28094202,0.41950357,0,0
dataset/dataset/chute17/cam7.avi#f764-794,7,1,0.58810425,0.98092884,0.92624885,0.77731973,0.81815042,1,1
dataset/dataset/chute17/cam8.avi#f359-389,8,0,0.00387979,0.89173204,0.01074741,0.06632469,0.24317098,0,0
dataset/dataset/chute17/cam8.avi#f753-783,8,1,0.13680534,0.38967392,0.00715621,0.00610154,0.13493425,0,0
dataset/dataset/chute18/cam1.avi#f629-659,1,0,0.07019302,0.08647014,0.31508759,0.08744852,0.13979982,0,0
dataset/dataset/chute18/cam1.avi#f670-700,1,1,0.18805055,0.11066393,0.01759692,0.01779610,0.08352688,0,0
dataset/dataset/chute18/cam2.avi#f635-665,2,0,0.99320894,0.95445865,0.98334634,0.99944931,0.98261581,1,1
dataset/dataset/chute18/cam2.avi#f676-706,2,1,0.97871315,0.97101128,0.97751462,0.99933571,0.98164369,1,1
dataset/dataset/chute18/cam3.avi#f615-645,3,0,0.23940815,0.79261446,0.21531610,0.20298806,0.36258169,0,0
dataset/dataset/chute18/cam3.avi#f656-686,3,1,0.80190063,0.74485338,0.73953760,0.94357860,0.80746755,1,1
dataset/dataset/chute18/cam4.avi#f530-560,4,0,0.98994219,0.94195908,0.95013618,0.99489874,0.96923405,1,1
dataset/dataset/chute18/cam4.avi#f571-601,4,1,0.98038471,0.95204395,0.89024401,0.98447692,0.95178740,1,1
dataset/dataset/chute18/cam5.avi#f615-645,5,0,0.08025804,0.04687519,0.00114294,0.00090521,0.03229535,0,0
dataset/dataset/chute18/cam5.avi#f656-686,5,1,0.02204745,0.01575236,0.00404659,0.00597626,0.01195566,0,0
dataset/dataset/chute18/cam6.avi#f638-668,6,0,0.98687601,0.88529998,0.96700758,0.99709439,0.95906949,1,1
dataset/dataset/chute18/cam6.avi#f679-709,6,1,0.98564202,0.93234605,0.96092457,0.99716955,0.96902055,1,1
dataset/dataset/chute18/cam7.avi#f638-668,7,0,0.73154515,0.71644485,0.43754360,0.86001980,0.68638835,1,1
dataset/dataset/chute18/cam7.avi#f679-709,7,1,0.95766979,0.70306188,0.43859184,0.93915135,0.75961871,1,1
dataset/dataset/chute18/cam8.avi#f607-637,8,0,0.15660617,0.07886768,0.00246969,0.01741657,0.06384003,0,0
dataset/dataset/chute18/cam8.avi#f648-678,8,1,0.16444093,0.91592491,0.88183177,0.54193377,0.62603284,1,0
dataset/dataset/chute19/cam1.avi#f439-469,1,0,0.02597962,0.18610546,0.03893551,0.04956718,0.07514694,0,0
dataset/dataset/chute19/cam1.avi#f487-517,1,0,0.22900537,0.64456940,0.01559156,0.01650308,0.22641735,0,0
dataset/dataset/chute19/cam1.avi#f519-549,1,1,0.12072247,0.68961489,0.00467857,0.00524817,0.20506602,0,0
dataset/dataset/chute19/cam1.avi#f549-579,1,1,0.08358884,0.75714070,0.00806965,0.00724268,0.21401047,0,0
dataset/dataset/chute19/cam1.avi#f579-609,1,1,0.03056636,0.10917877,0.00575346,0.00884297,0.03858539,0,0
dataset/dataset/chute19/cam2.avi#f447-477,2,0,0.06155525,0.24484940,0.04072106,0.02217666,0.09232559,0,0
dataset/dataset/chute19/cam2.avi#f495-525,2,0,0.02387835,0.22789901,0.15901990,0.04334358,0.11353521,0,0
dataset/dataset/chute19/cam2.avi#f527-557,2,1,0.03628046,0.52712721,0.09915487,0.03119146,0.17343850,0,0
dataset/dataset/chute19/cam2.avi#f557-587,2,1,0.15645768,0.01081410,0.04371122,0.03243638,0.06085484,0,0
dataset/dataset/chute19/cam2.avi#f587-617,2,1,0.07141091,0.00153884,0.13243096,0.03138921,0.05919248,0,0
dataset/dataset/chute19/cam3.avi#f436-466,3,0,0.03876019,0.19720457,0.21677536,0.45632166,0.22726544,0,0
dataset/dataset/chute19/cam3.avi#f484-514,3,0,0.13488738,0.34787467,0.02082239,0.10832411,0.15297714,0,0
dataset/dataset/chute19/cam3.avi#f516-546,3,1,0.04048169,0.24603261,0.05092650,0.09261371,0.10751363,0,0
dataset/dataset/chute19/cam3.avi#f546-576,3,1,0.98194653,0.91631609,0.98308045,0.99903935,0.97009560,1,1
dataset/dataset/chute19/cam3.avi#f576-606,3,1,0.99320894,0.95445865,0.98334634,0.99944931,0.98261581,1,1
dataset/dataset/chute19/cam4.avi#f439-469,4,0,0.93700534,0.85922617,0.85895741,0.95019698,0.90134647,1,1
dataset/dataset/chute19/cam4.avi#f487-517,4,0,0.08612177,0.09203027,0.09437694,0.07714920,0.08741955,0,0
dataset/dataset/chute19/cam4.avi#f519-549,4,1,0.03700116,0.16170844,0.23814942,0.15140852,0.14706689,0,0
dataset/dataset/chute19/cam4.avi#f549-579,4,1,0.85977304,0.76328623,0.97709811,0.99413043,0.89857195,1,1
dataset/dataset/chute19/cam4.avi#f579-609,4,1,0.99320894,0.95445865,0.98334634,0.99944931,0.98261581,1,1
dataset/dataset/chute19/cam5.avi#f425-455,5,0,0.03566630,0.25006777,0.01561582,0.00953661,0.07772163,0,0
dataset/dataset/chute19/cam5.avi#f473-503,5,0,0.02174265,0.63948429,0.00306514,0.00186613,0.16653955,0,0
dataset/dataset/chute19/cam5.avi#f505-535,5,1,0.22676919,0.73985720,0.00801381,0.00606246,0.24517567,0,0
dataset/dataset/chute19/cam5.avi#f535-565,5,1,0.93527901,0.93012661,0.00945713,0.10825616,0.49577973,0,0
dataset/dataset/chute19/cam5.avi#f565-595,5,1,0.95495290,0.98205674,0.08694015,0.68198591,0.67648392,1,1
dataset/dataset/chute19/cam6.avi#f449-479,6,0,0.03563927,0.01864872,0.02876316,0.03076311,0.02845357,0,0
dataset/dataset/chute19/cam6.avi#f497-527,6,0,0.03752979,0.14418297,0.35646689,0.08757882,0.15643962,0,0
dataset/dataset/chute19/cam6.avi#f529-559,6,1,0.12057443,0.06934404,0.15072365,0.36009046,0.17518315,0,0
dataset/dataset/chute19/cam6.avi#f559-589,6,1,0.99320894,0.95445865,0.98334634,0.99944931,0.98261581,1,1
dataset/dataset/chute19/cam6.avi#f589-619,6,1,0.99320894,0.95445865,0.98334634,0.99944931,0.98261581,1,1
dataset/dataset/chute19/cam7.avi#f420-450,7,0,0.02362300,0.03853386,0.00164784,0.00074101,0.01613643,0,0
dataset/dataset/chute19/cam7.avi#f468-498,7,0,0.00699170,0.27295649,0.35109285,0.04147256,0.16812840,0,0
dataset/dataset/chute19/cam7.avi#f500-530,7,1,0.10125940,0.23039058,0.49242079,0.29715124,0.28030550,0,0
dataset/dataset/chute19/cam7.avi#f530-560,7,1,0.99269271,0.95264035,0.97952992,0.99929070,0.98103842,1,1
dataset/dataset/chute19/cam7.avi#f560-590,7,1,0.98576468,0.94965559,0.90451229,0.99697375,0.95922658,1,1
dataset/dataset/chute19/cam8.avi#f440-470,8,0,0.05536796,0.31313363,0.00526883,0.00213528,0.09397643,0,0
dataset/dataset/chute19/cam8.avi#f488-518,8,0,0.02702763,0.09707554,0.00180391,0.00089536,0.03170061,0,0
dataset/dataset/chute19/cam8.avi#f520-550,8,1,0.09983373,0.75620353,0.09683456,0.03929017,0.24804050,0,0
dataset/dataset/chute19/cam8.avi#f550-580,8,1,0.99320894,0.95445865,0.98334634,0.99944931,0.98261581,1,1
dataset/dataset/chute19/cam8.avi#f580-610,8,1,0.99320894,0.95445865,0.98334634,0.99944931,0.98261581,1,1
dataset/dataset/chute20/cam1.avi#f375-405,1,0,0.09374751,0.51073372,0.25851217,0.07300075,0.23399854,0,0
dataset/dataset/chute20/cam1.avi#f425-455,1,0,0.03026579,0.41881093,0.06007744,0.04105146,0.13755141,0,0
dataset/dataset/chute20/cam1.avi#f570-600,1,1,0.04466015,0.76667196,0.00279078,0.00351712,0.20441000,0,0
dataset/dataset/chute20/cam1.avi#f600-630,1,1,0.09603912,0.69738007,0.00676902,0.00911846,0.20232667,0,0
dataset/dataset/chute20/cam1.avi#f630-660,1,1,0.05722872,0.26919416,0.00325170,0.00685976,0.08413358,0,0
dataset/dataset/chute20/cam1.avi#f660-690,1,1,0.60124415,0.24070641,0.13265924,0.29068416,0.31632349,0,0
dataset/dataset/chute20/cam2.avi#f359-389,2,0,0.05654510,0.10310843,0.02060088,0.00614314,0.04659939,0,0
dataset/dataset/chute20/cam2.avi#f409-439,2,0,0.10705938,0.89953583,0.00592659,0.00222430,0.25368653,0,0
dataset/dataset/chute20/cam2.avi#f554-584,2,1,0.05454086,0.80412841,0.16895230,0.06781219,0.27385844,0,0
dataset/dataset/chute20/cam2.avi#f584-614,2,1,0.38297436,0.78179324,0.02630504,0.06227496,0.31333690,0,0
dataset/dataset/chute20/cam2.avi#f614-644,2,1,0.11253443,0.58418715,0.01958568,0.04369294,0.19000005,0,0
dataset/dataset/chute20/cam2.avi#f644-674,2,1,0.66392213,0.52493721,0.68785876,0.72032833,0.64926161,1,1
dataset/dataset/chute20/cam3.avi#f350-380,3,0,0.04626792,0.02972923,0.00091162,0.00018741,0.01927405,0,0
dataset/dataset/chute20/cam3.avi#f400-430,3,0,0.24152774,0.79226124,0.24470235,0.02829560,0.32669673,0,0
dataset/dataset/chute20/cam3.avi#f545-575,3,1,0.07505919,0.57268608,0.09705799,0.07464739,0.20486266,0,0
dataset/dataset/chute20/cam3.avi#f575-605,3,1,0.00961416,0.37164530,0.84722942,0.40019536,0.40717106,0,0
dataset/dataset/chute20/cam3.avi#f605-635,3,1,0.08347400,0.38083386,0.78899181,0.39789388,0.41279839,0,0
dataset/dataset/chute20/cam3.avi#f635-665,3,1,0.95974547,0.79776424,0.88491178,0.98642170,0.90721080,1,1
dataset/dataset/chute20/cam4.avi#f360-390,4,0,0.10166598,0.53929681,0.00760068,0.03042569,0.16974729,0,0
dataset/dataset/chute20/cam4.avi#f410-440,4,0,0.40401387,0.87236446,0.51632518,0.19504935,0.49693821,0,0
dataset/dataset/chute20/cam4.avi#f555-585,4,1,0.20594214,0.23625907,0.23961034,0.18962896,0.21786013,0,0
dataset/dataset/chute20/cam4.avi#f585-615,4,1,0.00350774,0.95435733,0.33734107,0.13192876,0.35678372,0,0
dataset/dataset/chute20/cam4.avi#f615-645,4,1,0.72476912,0.96946388,0.96501034,0.98627126,0.91137865,1,1
dataset/dataset/chute20/cam4.avi#f645-675,4,1,0.99288851,0.95576894,0.98294580,0.99932861,0.98273297,1,1
dataset/dataset/chute20/cam5.avi#f360-390,5,0,0.03060167,0.35075843,0.17156452,0.07469302,0.15690441,0,0
dataset/dataset/chute20/cam5.avi#f410-440,5,0,0.04610209,0.24841292,0.10486348,0.05513808,0.11362914,0,0
dataset/dataset/chute20/cam5.avi#f555-585,5,1,0.18839790,0.67587399,0.00364713,0.00213809,0.21751428,0,0
dataset/dataset/chute20/cam5.avi#f585-615,5,1,0.48975673,0.97221375,0.00717215,0.02398350,0.37328153,0,0
dataset/dataset/chute20/cam5.avi#f615-645,5,1,0.21676105,0.79708266,0.00373016,0.01209090,0.25741619,0,0
dataset/dataset/chute20/cam5.avi#f645-675,5,1,0.96681446,0.91717380,0.69367963,0.97020549,0.88696834,1,1
dataset/dataset/chute20/cam6.avi#f354-384,6,0,0.00251893,0.28871217,0.02499073,0.07324471,0.09736664,0,0
dataset/dataset/chute20/cam6.avi#f404-434,6,0,0.01871045,0.46509019,0.03869560,0.03787296,0.14009230,0,0
dataset/dataset/chute20/cam6.avi#f549-579,6,1,0.09887696,0.11266920,0.11941689,0.16766900,0.12465801,0,0
dataset/dataset/chute20/cam6.avi#f579-609,6,1,0.99154341,0.93407393,0.97785050,0.99908292,0.97563769,1,1
dataset/dataset/chute20/cam6.avi#f609-639,6,1,0.99320894,0.95445865,0.98334634,0.99944931,0.98261581,1,1
dataset/dataset/chute20/cam6.avi#f639-669,6,1,0.99320894,0.95445865,0.98334634,0.99944931,0.98261581,1,1
dataset/dataset/chute20/cam7.avi#f354-384,7,0,0.00596905,0.05920642,0.02687448,0.02069515,0.02818628,0,0
dataset/dataset/chute20/cam7.avi#f404-434,7,0,0.01925944,0.08412386,0.01037556,0.01633205,0.03252273,0,0
dataset/dataset/chute20/cam7.avi#f549-579,7,1,0.01831888,0.18019649,0.15463310,0.23312621,0.14656867,0,0
dataset/dataset/chute20/cam7.avi#f579-609,7,1,0.99152702,0.94102252,0.98241961,0.99935156,0.97858018,1,1
dataset/dataset/chute20/cam7.avi#f609-639,7,1,0.95860481,0.87765115,0.54910576,0.92461997,0.82749543,1,1
dataset/dataset/chute20/cam7.avi#f639-669,7,1,0.99178690,0.95752025,0.97887713,0.99925882,0.98186077,1,1
dataset/dataset/chute20/cam8.avi#f350-380,8,0,0.01559382,0.03972469,0.01678033,0.02402137,0.02403005,0,0
dataset/dataset/chute20/cam8.avi#f400-430,8,0,0.07549862,0.18762936,0.04532234,0.02634880,0.08369978,0,0
dataset/dataset/chute20/cam8.avi#f545-575,8,1,0.05116252,0.87849629,0.45231825,0.06586609,0.36196079,0,0
dataset/dataset/chute20/cam8.avi#f575-605,8,1,0.26768208,0.98730761,0.01808109,0.06112357,0.33354859,0,0
dataset/dataset/chute20/cam8.avi#f605-635,8,1,0.26823163,0.97949708,0.02100193,0.10955320,0.34457096,0,0
dataset/dataset/chute20/cam8.avi#f635-665,8,1,0.99171305,0.96602648,0.97568727,0.99916935,0.98314904,1,1
dataset/dataset/chute21/cam1.avi#f558-588,1,0,0.15923452,0.73340768,0.02407403,0.01009423,0.23170261,0,0
dataset/dataset/chute21/cam1.avi#f888-918,1,1,0.78800428,0.53071886,0.62636530,0.79693925,0.68550692,1,1
dataset/dataset/chute21/cam2.avi#f568-598,2,0,0.15030171,0.73923159,0.41198328,0.29029784,0.39795360,0,0
dataset/dataset/chute21/cam2.avi#f898-928,2,1,0.98954391,0.97172576,0.89194036,0.94046032,0.94841759,1,1
dataset/dataset/chute21/cam3.avi#f560-590,3,0,0.99194628,0.94692093,0.97609347,0.99928856,0.97856231,1,1
dataset/dataset/chute21/cam3.avi#f890-920,3,1,0.99320894,0.95445865,0.98334634,0.99944931,0.98261581,1,1
dataset/dataset/chute21/cam4.avi#f538-568,4,0,0.94007701,0.88117576,0.75487876,0.97967380,0.88895133,1,1
dataset/dataset/chute21/cam4.avi#f868-898,4,1,0.99272609,0.96113932,0.98021394,0.99935931,0.98335966,1,1
dataset/dataset/chute21/cam5.avi#f546-576,5,0,0.08610161,0.31386065,0.00570616,0.00280691,0.10211883,0,0
dataset/dataset/chute21/cam5.avi#f876-906,5,1,0.98885185,0.94439441,0.94564950,0.99776065,0.96916410,1,1
dataset/dataset/chute21/cam6.avi#f570-600,6,0,0.93703783,0.71028763,0.77884024,0.95153058,0.84442407,1,1
dataset/dataset/chute21/cam6.avi#f900-930,6,1,0.99320894,0.95445865,0.98334634,0.99944931,0.98261581,1,1
dataset/dataset/chute21/cam7.avi#f570-600,7,0,0.01742149,0.03352477,0.02079941,0.00831791,0.02001590,0,0
dataset/dataset/chute21/cam7.avi#f900-930,7,1,0.97439212,0.96008879,0.95027947,0.99729913,0.97051488,1,1
dataset/dataset/chute21/cam8.avi#f538-568,8,0,0.01423875,0.21798167,0.03333667,0.04212436,0.07692036,0,0
dataset/dataset/chute21/cam8.avi#f868-898,8,1,0.85304403,0.27638575,0.15346497,0.26801017,0.38772623,0,0
dataset/dataset/chute22/cam1.avi#f736-766,1,0,0.99320894,0.95445865,0.98334634,0.99944931,0.98261581,1,1
dataset/dataset/chute22/cam1.avi#f772-802,1,1,0.99320894,0.95445865,0.98334634,0.99944931,0.98261581,1,1
dataset/dataset/chute22/cam2.avi#f782-812,2,0,0.36846691,0.04992463,0.02397761,0.01139150,0.11344017,0,0
dataset/dataset/chute22/cam2.avi#f818-848,2,1,0.56097394,0.03287497,0.49455950,0.33081642,0.35480621,0,0
dataset/dataset/chute22/cam3.avi#f787-817,3,0,0.07406873,0.16285715,0.01466560,0.08237573,0.08349180,0,0
dataset/dataset/chute22/cam3.avi#f823-853,3,1,0.94791085,0.86964500,0.86942124,0.97919363,0.91654268,1,1
dataset/dataset/chute22/cam4.avi#f777-807,4,0,0.01724870,0.01760886,0.00401627,0.00426663,0.01078512,0,0
dataset/dataset/chute22/cam4.avi#f813-843,4,1,0.07761346,0.08684709,0.02169820,0.09495009,0.07027721,0,0
dataset/dataset/chute22/cam5.avi#f789-819,5,0,0.98979515,0.93214929,0.92902255,0.99671400,0.96192025,1,1
dataset/dataset/chute22/cam5.avi#f825-855,5,1,0.99320894,0.95445865,0.98334634,0.99944931,0.98261581,1,1
dataset/dataset/chute22/cam6.avi#f782-812,6,0,0.98399967,0.90252858,0.93953478,0.99711716,0.95579505,1,1
dataset/dataset/chute22/cam6.avi#f818-848,6,1,0.92435342,0.64540720,0.76978463,0.98098814,0.83013335,1,1
dataset/dataset/chute22/cam7.avi#f782-812,7,0,0.00014995,0.00503522,0.01713028,0.00555385,0.00696732,0,0
dataset/dataset/chute22/cam7.avi#f818-848,7,1,0.03272538,0.23635584,0.30929458,0.46626759,0.26116085,0,0
dataset/dataset/chute22/cam8.avi#f770-800,8,0,0.91448206,0.71743548,0.28918055,0.89472365,0.70395543,1,1
dataset/dataset/chute22/cam8.avi#f806-836,8,1,0.92836648,0.40738773,0.52258974,0.96167231,0.70500407,1,1
dataset/dataset/chute23/cam1.avi#f694-724,1,0,0.57632583,0.82290864,0.20655905,0.45247388,0.51456685,1,0
dataset/dataset/chute23/cam1.avi#f1551-1581,1,1,0.99123341,0.93297398,0.96984667,0.99873120,0.97319631,1,1
dataset/dataset/chute23/cam1.avi#f1581-1611,1,1,0.99074870,0.94866604,0.96420717,0.99865592,0.97556946,1,1
dataset/dataset/chute23/cam1.avi#f1693-1723,1,0,0.03611922,0.61710691,0.31080124,0.22458956,0.29715423,0,0
dataset/dataset/chute23/cam1.avi#f3605-3635,1,1,0.99320894,0.95445865,0.98334634,0.99944931,0.98261581,1,1
dataset/dataset/chute23/cam1.avi#f4137-4167,1,0,0.00540029,0.31470418,0.23794606,0.02626144,0.14607799,0,0
dataset/dataset/chute23/cam2.avi#f715-745,2,0,0.04490447,0.96499276,0.13245858,0.06906676,0.30285565,0,0
dataset/dataset/chute23/cam2.avi#f1572-1602,2,1,0.99320894,0.95445865,0.98334634,0.99944931,0.98261581,1,1
dataset/dataset/chute23/cam2.avi#f1602-1632,2,1,0.99181950,0.94620883,0.78542244,0.99523336,0.92967103,1,1
dataset/dataset/chute23/cam2.avi#f1714-1744,2,0,0.02151361,0.14636983,0.10280852,0.02008396,0.07269398,0,0
dataset/dataset/chute23/cam2.avi#f3626-3656,2,1,0.98759347,0.93862951,0.98055720,0.99932134,0.97652538,1,1
dataset/dataset/chute23/cam2.avi#f4158-4188,2,0,0.01442683,0.90907258,0.04306864,0.01479272,0.24534019,0,0
dataset/dataset/chute23/cam3.avi#f715-745,3,0,0.31935534,0.76353723,0.05559575,0.06541041,0.30097468,0,0
dataset/dataset/chute23/cam5.avi#f1572-1602,5,1,0.97839600,0.97221667,0.92525613,0.99015838,0.96650679,1,1
dataset/dataset/chute23/cam3.avi#f1602-1632,3,1,0.21583307,0.84425396,0.00232589,0.01923362,0.27041163,0,0
dataset/dataset/chute23/cam3.avi#f1714-1744,3,0,0.04774820,0.04112096,0.00107260,0.00018928,0.02253276,0,0
dataset/dataset/chute23/cam3.avi#f3626-3656,3,1,0.98008442,0.91156316,0.98007721,0.99905342,0.96769455,1,1
dataset/dataset/chute23/cam3.avi#f4158-4188,3,0,0.06809379,0.10571144,0.00059580,0.00044561,0.04371166,0,0
dataset/dataset/chute23/cam4.avi#f708-738,4,0,0.29018825,0.38863108,0.11658699,0.54939026,0.33619914,0,0
dataset/dataset/chute23/cam4.avi#f1565-1595,4,1,0.08405864,0.76430142,0.00280968,0.00526635,0.21410902,0,0
dataset/dataset/chute23/cam4.avi#f1595-1625,4,1,0.15716605,0.91421211,0.00263229,0.01337624,0.27184667,0,0
dataset/dataset/chute23/cam4.avi#f1707-1737,4,0,0.10993599,0.42565772,0.00901579,0.01238566,0.13924879,0,0
dataset/dataset/chute23/cam4.avi#f3619-3649,4,1,0.44323128,0.62954730,0.01145209,0.01196910,0.27404994,0,0
dataset/dataset/chute23/cam4.avi#f4151-4181,4,0,0.04828797,0.19802769,0.00538300,0.00463706,0.06408393,0,0
dataset/dataset/chute23/cam5.avi#f717-747,5,0,0.02326330,0.46184167,0.00223515,0.00063698,0.12199427,0,0
dataset/dataset/chute23/cam5.avi#f1574-1604,5,1,0.98049062,0.96861231,0.94458753,0.99288684,0.97164433,1,1
dataset/dataset/chute23/cam5.avi#f1604-1634,5,1,0.92953300,0.97605556,0.84846783,0.94898975,0.92576154,1,1
dataset/dataset/chute23/cam5.avi#f1716-1746,5,0,0.06641962,0.21870424,0.05073790,0.08097985,0.10421040,0,0
dataset/dataset/chute23/cam5.avi#f3628-3658,5,1,0.95029807,0.96930712,0.81347507,0.96465653,0.92443420,1,1
dataset/dataset/chute23/cam5.avi#f4160-4190,5,0,0.08901908,0.11838728,0.03614831,0.05755568,0.07527759,0,0
dataset/dataset/chute23/cam6.avi#f723-753,6,0,0.05642772,0.75707471,0.02161645,0.03100660,0.21653137,0,0
dataset/dataset/chute23/cam6.avi#f1580-1610,6,1,0.10941274,0.61743408,0.90597486,0.65916222,0.57299598,1,0
dataset/dataset/chute23/cam6.avi#f1610-1640,6,1,0.16653264,0.73640209,0.35473442,0.25382519,0.37787358,0,0
dataset/dataset/chute23/cam6.avi#f1722-1752,6,0,0.00963129,0.80617982,0.05606407,0.03261116,0.22612159,0,0
dataset/dataset/chute23/cam6.avi#f3634-3664,6,1,0.06495643,0.14387594,0.00415132,0.00602485,0.05475214,0,0
dataset/dataset/chute23/cam6.avi#f4166-4196,6,0,0.04046895,0.10039143,0.00890367,0.01628943,0.04151337,0,0
dataset/dataset/chute23/cam7.avi#f713-743,7,0,0.08711480,0.81434560,0.00277783,0.00680970,0.22776198,0,0
dataset/dataset/chute23/cam7.avi#f1570-1600,7,1,0.95892096,0.91557419,0.89447057,0.99858499,0.94188768,1,1
dataset/dataset/chute23/cam7.avi#f1600-1630,7,1,0.04656924,0.59323645,0.48328367,0.17612034,0.32480242,0,0
dataset/dataset/chute23/cam7.avi#f1712-1742,7,0,0.00723065,0.21428715,0.01852382,0.02899152,0.06725828,0,0
dataset/dataset/chute23/cam7.avi#f3624-3654,7,1,0.07526712,0.14677522,0.01738553,0.01424674,0.06341865,0,0
dataset/dataset/chute23/cam7.avi#f4156-4186,7,0,0.01030915,0.16501988,0.03372943,0.04091096,0.06249236,0,0
dataset/dataset/chute23/cam8.avi#f663-693,8,0,0.02693001,0.37250543,0.01591210,0.04812236,0.11586747,0,0
dataset/dataset/chute23/cam8.avi#f1520-1550,8,1,0.52414423,0.77989095,0.89149892,0.93134236,0.78171912,1,1
dataset/dataset/chute23/cam8.avi#f1550-1580,8,1,0.99320894,0.95445871,0.98334634,0.99944931,0.98261583,1,1
dataset/dataset/chute23/cam8.avi#f1662-1692,8,0,0.22046247,0.82426941,0.14276364,0.24114607,0.35716040,0,0
dataset/dataset/chute23/cam8.avi#f3574-3604,8,1,0.36695269,0.71471971,0.77543300,0.66120386,0.62957732,1,0
dataset/dataset/chute23/cam8.avi#f4106-4136,8,0,0.02198475,0.30400619,0.02861727,0.04199243,0.09915016,0,0
