route,samples,accuracy,balanced_accuracy,precision,recall,specificity,f1,tp,tn,fp,fn,threshold,false_positive_rate,roc_auc
YOLO-Pose + ST-GCN++ + Qwen OR,415,0.7204819277108434,0.7233738135120045,0.6781115879828327,0.7939698492462312,0.6527777777777778,0.7314814814814814,158,141,75,41,,,
Qwen3-VL zero-shot,415,0.727710843373494,0.717069142006328,0.9479166666666666,0.457286432160804,0.9768518518518519,0.6169491525423728,91,211,5,108,,,
YOLO-Pose + ByteTrack + ST-GCN++ + Qwen OR,415,0.689156626506024,0.6928857249209008,0.6446280991735537,0.7839195979899497,0.6018518518518519,0.7074829931972789,156,130,86,43,,,
YOLO-Pose + ST-GCN++ + V-JEPA feature,415,0.6481927710843374,0.6477991810906384,0.6318407960199005,0.6381909547738693,0.6574074074074074,0.635,127,142,74,72,0.5,0.3425925925925926,0.6697841057137539
YOLO-Pose + ByteTrack + ST-GCN++ + Qwen AND,415,0.655421686746988,0.6416922575842174,0.9242424242424242,0.3065326633165829,0.9768518518518519,0.460377358490566,61,211,5,138,,,
YOLO-Pose + ST-GCN++,415,0.6409638554216868,0.6400637446491718,0.6275510204081632,0.6180904522613065,0.6620370370370371,0.6227848101265823,123,143,73,76,,,
YOLO-Pose + ST-GCN++ + Qwen AND,415,0.6481927710843374,0.6337590731434952,0.9491525423728814,0.2814070351758794,0.9861111111111112,0.4341085271317829,56,213,3,143,,,
YOLO-Pose + ByteTrack + ST-GCN++,415,0.6168674698795181,0.6175088404987903,0.5943396226415094,0.6331658291457286,0.6018518518518519,0.6131386861313868,126,130,86,73,,,
YOLO-Pose + ByteTrack + ST-GCN++ + V-JEPA feature,415,0.6168674698795181,0.6175088404987903,0.5943396226415094,0.6331658291457286,0.6018518518518519,0.6131386861313868,126,130,86,73,0.5,0.39814814814814814,0.693071840684906
